sequence_id,step,stage_label,stage_name,requests_per_ip_10s,requests_per_ip_60s,endpoint_entropy,latency_spike,error_rate,request_variance
0,0,0,NORMAL,2.750451,10.821694,2.524482,0.034891,0.021278,0.405127
0,1,0,NORMAL,1.146956,10.638194,3.888896,0.103302,0.031272,0.640253
0,2,0,NORMAL,2.368751,5.123352,3.939225,0.097504,0.018151,0.295721
0,3,2,ESCALATION,14.227353,43.575083,2.588720,0.579846,0.114618,9.238198
0,4,3,SURGE,81.416476,183.743399,1.295103,0.818623,0.280799,49.031778
0,5,2,ESCALATION,10.799218,37.632782,3.190356,0.611488,0.121726,6.003471
0,6,3,SURGE,61.166858,208.747544,1.848572,0.922360,0.283946,40.540633
0,7,4,SUSTAINED,85.050306,256.285325,1.104099,0.926481,0.274445,53.349146
0,8,3,SURGE,51.341689,238.731134,0.826852,0.866511,0.258138,44.689779
0,9,3,SURGE,67.933472,186.050997,1.315059,0.985798,0.240435,29.794509
0,10,3,SURGE,50.805477,219.886430,1.556970,0.969049,0.228637,41.268318
0,11,3,SURGE,56.906535,218.271010,1.235230,0.863695,0.230913,30.433283
0,12,3,SURGE,55.305977,200.499765,1.692299,0.944653,0.283269,39.212116
1,0,1,RECON,1.625331,10.764438,3.141840,0.200275,0.057995,1.275617
1,1,1,RECON,7.598457,16.218680,4.790012,0.206638,0.045891,1.239982
1,2,2,ESCALATION,19.201541,24.090194,3.060654,0.535660,0.076234,3.661826
1,3,3,SURGE,54.705073,209.307048,1.508741,1.060178,0.238032,31.812020
1,4,3,SURGE,62.199967,254.367503,1.834044,0.935687,0.323165,30.489896
1,5,3,SURGE,50.734241,184.407608,0.949326,0.963515,0.238889,28.233550
1,6,3,SURGE,63.135138,233.525063,2.298692,1.191386,0.270720,32.083695
1,7,3,SURGE,62.677115,167.482356,1.333857,0.838790,0.242960,48.527842
1,8,4,SUSTAINED,78.730921,268.930387,0.697595,0.925685,0.297849,65.607579
1,9,4,SUSTAINED,87.861916,285.021132,0.844517,0.901744,0.270991,67.770818
1,10,4,SUSTAINED,86.707914,272.912185,1.479472,0.969248,0.293734,54.755425
1,11,4,SUSTAINED,83.568578,286.350496,0.832318,0.886103,0.306904,64.474548
1,12,4,SUSTAINED,79.050893,308.574784,1.591801,0.960969,0.283563,61.637732
1,13,2,ESCALATION,22.678780,52.748517,2.065319,0.294776,0.166037,13.170997
1,14,2,ESCALATION,13.084063,71.921664,2.135773,0.365791,0.125733,6.816185
1,15,2,ESCALATION,14.182786,55.063618,3.644489,0.513588,0.125758,1.849484
1,16,2,ESCALATION,10.783849,31.717804,2.273109,0.449881,0.136636,4.020822
1,17,1,RECON,4.031661,16.361635,5.002206,0.353812,0.076748,1.876395
1,18,2,ESCALATION,13.880706,53.637452,2.905944,0.337342,0.103620,8.684685
1,19,4,SUSTAINED,95.014757,274.402699,1.113785,0.876828,0.276372,56.893630
1,20,3,SURGE,52.709162,173.834142,0.641084,0.883733,0.196879,35.764485
1,21,3,SURGE,71.238607,196.229498,0.796909,0.753295,0.356462,29.700619
1,22,4,SUSTAINED,94.695308,387.152015,0.848530,0.931588,0.313662,65.372186
1,23,4,SUSTAINED,78.037777,323.320127,1.330430,0.931192,0.294647,46.750625
1,24,0,NORMAL,1.733613,8.696510,3.222336,0.123577,0.030127,0.546629
1,25,0,NORMAL,2.053155,8.000253,3.139221,0.115825,0.019027,1.127950
1,26,0,NORMAL,2.385847,5.710828,2.943794,0.159557,0.022627,0.644043
1,27,0,NORMAL,2.927438,9.363261,2.944785,0.076424,0.022637,0.515740
1,28,0,NORMAL,1.896512,7.244068,3.576281,0.173575,0.000000,0.428945
1,29,0,NORMAL,2.295994,6.884256,2.621639,0.116400,0.037274,0.039842
1,30,0,NORMAL,1.671475,7.816027,2.973551,0.083277,0.033000,0.674797
1,31,0,NORMAL,3.177412,9.317260,4.371967,0.121950,0.028280,0.411029
1,32,0,NORMAL,1.302576,10.968752,2.910848,0.139118,0.018093,0.851374
1,33,0,NORMAL,3.820646,10.192324,2.713980,0.096652,0.008280,0.344516
1,34,0,NORMAL,2.637534,5.903209,2.993141,0.101639,0.007834,0.298658
1,35,0,NORMAL,1.347687,11.465936,3.804381,0.000000,0.023044,0.521610
1,36,0,NORMAL,3.616210,1.810285,3.204448,0.129545,0.004184,0.942785
1,37,0,NORMAL,2.846584,6.287169,3.906882,0.153424,0.022329,0.570320
1,38,0,NORMAL,1.136655,7.557414,3.423739,0.119170,0.029998,0.182439
1,39,0,NORMAL,3.481456,5.769235,3.088875,0.110115,0.028444,0.503428
1,40,2,ESCALATION,19.283970,62.627301,3.132470,0.849148,0.091794,1.989433
2,0,0,NORMAL,3.309551,3.193221,2.874176,0.019936,0.012059,0.631891
2,1,1,RECON,5.552548,10.936171,2.351917,0.305435,0.040564,2.367509
2,2,1,RECON,5.276483,21.800665,4.383369,0.353006,0.035907,1.856311
2,3,2,ESCALATION,19.102642,44.093882,3.112700,0.460124,0.095298,10.488557
2,4,2,ESCALATION,8.517638,27.767219,1.399830,0.398260,0.129977,7.145348
2,5,3,SURGE,70.892175,253.107445,1.472345,1.035359,0.254606,33.300814
2,6,3,SURGE,45.194635,164.474646,1.356793,0.980359,0.336038,28.942548
2,7,2,ESCALATION,9.797280,57.120456,2.721348,0.225364,0.137132,6.184998
2,8,2,ESCALATION,9.651238,40.185751,3.056734,0.471613,0.113146,9.085766
2,9,3,SURGE,56.572138,140.925687,1.926889,0.866851,0.305730,43.067017
2,10,3,SURGE,63.487759,278.040502,2.330792,0.906938,0.258010,48.609921
3,0,1,RECON,4.948274,19.569541,3.533305,0.141043,0.008540,1.106093
3,1,0,NORMAL,1.706808,13.811693,4.052997,0.051895,0.023477,0.377877
3,2,0,NORMAL,2.185326,9.857513,3.330371,0.153193,0.008581,0.501902
3,3,0,NORMAL,2.223080,12.299644,3.545760,0.129039,0.019432,0.448878
3,4,0,NORMAL,2.430301,5.445388,3.832793,0.154264,0.023665,0.414125
3,5,0,NORMAL,1.691327,10.806641,2.584297,0.083220,0.000092,0.051482
3,6,0,NORMAL,2.895185,5.841559,2.748748,0.000000,0.014565,1.226125
3,7,0,NORMAL,1.440428,9.395241,2.719521,0.085134,0.020995,0.474170
3,8,0,NORMAL,2.344645,10.004978,3.155814,0.144891,0.036289,0.208955
3,9,1,RECON,7.671569,17.043280,5.323057,0.255746,0.079101,2.105189
3,10,1,RECON,8.129436,16.191148,3.447102,0.255144,0.059047,0.747393
3,11,1,RECON,3.922457,23.739063,2.284592,0.221343,0.016271,1.339016
3,12,1,RECON,4.641547,16.733112,4.072652,0.320339,0.029829,2.565480
3,13,1,RECON,5.770076,20.782667,4.437134,0.503507,0.048258,1.754333
3,14,1,RECON,2.935475,11.777641,3.488962,0.292932,0.056686,2.040914
3,15,1,RECON,6.800369,21.697063,4.072281,0.234708,0.060969,2.150379
3,16,1,RECON,4.864039,19.310179,3.480244,0.318984,0.020904,3.068949
3,17,1,RECON,4.494965,19.817272,2.272062,0.184365,0.044124,1.142294
3,18,1,RECON,8.994593,12.116926,3.530029,0.323545,0.082222,1.022101
3,19,1,RECON,8.642598,9.741204,3.175145,0.257639,0.039588,2.650081
3,20,1,RECON,1.450076,20.577052,3.737969,0.427445,0.037448,1.490708
3,21,2,ESCALATION,18.814632,56.721490,1.788642,0.580705,0.058628,8.705828
3,22,3,SURGE,64.463221,167.736044,0.986946,0.971382,0.262082,35.088186
3,23,3,SURGE,55.593476,201.284307,1.607565,0.838033,0.273557,35.732381
3,24,4,SUSTAINED,90.901141,268.782418,0.476166,1.030547,0.401973,52.568384
3,25,4,SUSTAINED,77.516128,291.413312,1.143023,0.894331,0.323182,58.147044
3,26,4,SUSTAINED,85.593574,361.580549,1.251588,0.933134,0.294320,58.691541
3,27,4,SUSTAINED,69.833743,248.079852,1.249317,0.930477,0.373913,53.954964
3,28,4,SUSTAINED,71.170074,317.617775,1.295820,0.906548,0.307096,62.275113
3,29,4,SUSTAINED,66.464299,299.473115,0.929273,0.932883,0.296736,44.766087
3,30,4,SUSTAINED,83.856535,284.318439,0.430577,0.989242,0.310895,50.716751
3,31,3,SURGE,68.358079,213.974025,2.453041,0.942019,0.269385,38.664577
3,32,3,SURGE,66.250852,250.069000,1.291471,0.856459,0.226045,46.326414
3,33,2,ESCALATION,12.705798,43.628394,2.988446,0.463136,0.138082,1.244668
3,34,1,RECON,3.435167,6.398220,3.429089,0.208484,0.045978,2.890373
3,35,0,NORMAL,0.969186,7.829136,4.024587,0.051202,0.010894,0.667565
3,36,0,NORMAL,2.647485,7.959060,3.850832,0.048246,0.019879,0.436793
3,37,0,NORMAL,0.436522,10.057247,3.324524,0.048886,0.019038,0.838406
4,0,1,RECON,7.922358,19.412935,4.813854,0.185984,0.027609,2.358251
4,1,1,RECON,6.097478,17.061645,4.422515,0.315812,0.065555,2.645607
4,2,1,RECON,0.505463,23.008727,5.150180,0.197938,0.012803,2.079228
4,3,2,ESCALATION,23.987973,57.744464,2.576970,0.366030,0.100458,7.102206
4,4,2,ESCALATION,25.243778,76.777526,3.481629,0.361872,0.134201,9.918879
4,5,2,ESCALATION,21.248326,59.530567,3.244009,0.595536,0.113632,2.649167
4,6,0,NORMAL,1.443808,4.160477,4.340908,0.186450,0.033592,0.576564
4,7,0,NORMAL,2.012053,8.608392,2.953264,0.119850,0.020604,0.109204
4,8,0,NORMAL,1.920270,13.392683,3.947107,0.100572,0.022488,0.513264
4,9,0,NORMAL,0.917573,7.546844,3.126951,0.037484,0.025112,0.617379
4,10,1,RECON,4.754631,22.978507,5.047379,0.402584,0.050778,1.323964
4,11,1,RECON,5.689210,19.896400,5.229865,0.409998,0.047355,1.004635
4,12,1,RECON,5.434462,16.989584,3.737685,0.325288,0.039921,1.497547
4,13,2,ESCALATION,12.990037,53.661566,2.963922,0.329086,0.080750,12.313331
4,14,3,SURGE,63.181895,153.516819,0.653338,0.713815,0.251455,40.247338
4,15,3,SURGE,72.141898,93.086623,1.658374,1.056144,0.193611,36.961548
4,16,4,SUSTAINED,72.845232,290.212140,1.628246,1.041869,0.286562,66.430361
4,17,4,SUSTAINED,94.029528,297.201041,1.239317,0.968274,0.427154,60.107713
4,18,4,SUSTAINED,87.751983,289.145024,1.053075,0.995430,0.301243,56.671455
4,19,3,SURGE,63.365831,216.998636,0.725213,0.966657,0.200899,28.461607
4,20,4,SUSTAINED,80.671848,279.194815,1.449310,0.882891,0.283722,51.490755
4,21,4,SUSTAINED,82.230914,269.763212,1.417285,0.953150,0.224322,43.248451
4,22,4,SUSTAINED,78.232261,296.897397,1.191605,0.961278,0.337906,48.333371
4,23,4,SUSTAINED,71.253409,308.667500,1.573484,0.928433,0.199932,44.776043
4,24,4,SUSTAINED,75.538169,287.748341,1.211574,0.934413,0.341974,50.943896
4,25,4,SUSTAINED,83.831004,253.930738,1.316908,0.955128,0.294102,64.529657
4,26,4,SUSTAINED,96.482385,293.237057,0.816895,0.953496,0.256950,50.489465
4,27,4,SUSTAINED,84.444657,281.334969,1.496222,1.007875,0.357452,58.176480
4,28,3,SURGE,41.192016,187.283738,1.153198,0.911923,0.221428,38.670737
4,29,3,SURGE,58.302802,216.551693,1.407092,0.907571,0.250301,43.586593
4,30,3,SURGE,76.473940,212.384803,1.735819,0.784914,0.245606,47.522316
4,31,2,ESCALATION,16.058049,63.295909,3.094460,0.680046,0.111574,6.932905
4,32,2,ESCALATION,0.347028,55.743286,0.610952,0.241480,0.118071,9.432588
4,33,2,ESCALATION,11.439490,70.558115,2.509582,0.836438,0.099923,9.224109
4,34,2,ESCALATION,15.655136,34.964840,2.734164,0.494658,0.045410,7.232504
4,35,1,RECON,6.848716,18.173059,3.973763,0.289382,0.054462,2.493451
4,36,1,RECON,2.916825,23.523396,3.870131,0.158316,0.058876,2.370696
4,37,1,RECON,5.458963,21.677915,4.499509,0.363198,0.021915,2.264832
4,38,2,ESCALATION,18.021562,45.460704,2.510326,0.630583,0.159171,13.383110
4,39,3,SURGE,58.902658,214.108807,1.806729,0.912118,0.256538,46.590025
4,40,3,SURGE,52.707131,183.421077,1.753564,0.900299,0.267010,45.360634
4,41,3,SURGE,67.562482,215.153704,1.006075,1.044230,0.224963,26.759237
4,42,3,SURGE,49.789548,202.086933,1.390460,0.866317,0.280985,42.719003
4,43,4,SUSTAINED,83.278628,318.484040,0.567614,0.931778,0.212792,55.216360
4,44,4,SUSTAINED,88.364258,335.629032,1.260833,0.924982,0.319406,51.832494
4,45,4,SUSTAINED,87.889091,283.266860,1.441704,0.983870,0.261808,60.843365
4,46,4,SUSTAINED,80.815407,277.130296,0.942238,0.923117,0.321704,49.266249
5,0,2,ESCALATION,13.979657,51.644716,4.267078,0.293403,0.158881,8.449527
5,1,2,ESCALATION,15.591740,56.670902,2.707789,0.718108,0.081741,11.396704
5,2,2,ESCALATION,14.698741,33.920562,3.073014,0.716769,0.096906,7.409343
5,3,1,RECON,4.541415,10.036029,3.469698,0.322679,0.076380,4.247369
5,4,2,ESCALATION,22.176501,53.656287,2.709251,0.564889,0.102477,8.331187
5,5,3,SURGE,46.018903,138.254992,1.761298,0.872330,0.220196,40.068045
5,6,3,SURGE,61.803639,173.757803,1.990517,1.057919,0.274728,47.789308
5,7,3,SURGE,71.300993,224.563967,1.739339,0.951966,0.195133,45.605785
5,8,4,SUSTAINED,73.643204,339.106952,1.452066,1.024370,0.289133,48.086507
5,9,4,SUSTAINED,80.816250,302.369661,1.540104,0.931936,0.314081,49.068237
5,10,1,RECON,5.006217,14.250933,4.011337,0.281582,0.044597,3.417073
5,11,1,RECON,4.512208,7.512745,3.484634,0.273693,0.036283,3.105366
5,12,1,RECON,7.576888,18.308523,4.229782,0.291120,0.050076,3.375036
5,13,1,RECON,0.996909,15.284146,4.211622,0.369010,0.059462,1.692603
5,14,1,RECON,7.060391,18.920289,4.970126,0.327265,0.038770,2.558253
5,15,1,RECON,5.002680,25.364768,2.239302,0.158232,0.026259,1.709391
5,16,1,RECON,1.985349,13.074210,3.511327,0.545742,0.086035,1.670600
5,17,0,NORMAL,0.850796,2.275609,3.441560,0.050107,0.019151,0.019938
5,18,0,NORMAL,2.148627,9.098629,3.708736,0.033976,0.028547,0.259936
5,19,0,NORMAL,1.989361,3.870838,3.341901,0.118268,0.026130,0.457704
5,20,0,NORMAL,3.007511,7.230038,3.875061,0.196690,0.039605,0.131600
5,21,0,NORMAL,3.484919,4.825157,2.838729,0.075690,0.024202,0.469281
5,22,1,RECON,3.651575,14.438315,3.496392,0.528163,0.055950,2.709407
5,23,1,RECON,4.628087,14.432230,2.078633,0.162199,0.013788,0.200173
5,24,1,RECON,7.649911,17.777819,5.232451,0.341098,0.065651,1.279282
5,25,1,RECON,6.457428,15.116764,4.647632,0.356619,0.039009,1.101785
5,26,1,RECON,5.173011,19.635049,3.565979,0.302659,0.061411,2.494553
5,27,1,RECON,7.553962,12.993543,5.546869,0.246902,0.070897,2.054389
5,28,2,ESCALATION,5.961516,47.426532,1.864370,0.645095,0.160672,5.609267
6,0,0,NORMAL,2.774495,7.884385,4.369824,0.075888,0.029993,0.529224
6,1,0,NORMAL,1.552842,7.851323,3.442251,0.058197,0.026621,0.695075
6,2,0,NORMAL,3.536966,12.348034,3.312528,0.118653,0.013764,0.507007
6,3,0,NORMAL,3.620070,9.091094,3.390985,0.159681,0.000000,0.000000
6,4,0,NORMAL,2.060468,8.751339,2.836802,0.098838,0.040035,0.747260
6,5,0,NORMAL,1.560946,6.816281,2.435401,0.112882,0.028455,0.027314
6,6,1,RECON,2.685071,13.173244,4.242785,0.091560,0.062285,2.603084
6,7,1,RECON,0.038583,13.017907,5.186322,0.022201,0.043050,1.055999
6,8,2,ESCALATION,11.624430,56.059310,3.139276,0.775434,0.091882,9.128133
6,9,2,ESCALATION,20.952068,38.592367,2.463548,0.496663,0.037485,8.686310
6,10,2,ESCALATION,16.464669,26.166537,2.725714,0.611304,0.024880,4.775702
6,11,3,SURGE,62.700954,216.478863,2.243798,0.946855,0.282894,61.685964
6,12,3,SURGE,52.021172,217.111856,1.675596,0.847328,0.198380,58.478755
6,13,1,RECON,3.535429,22.579652,4.112684,0.274712,0.061245,0.966494
6,14,1,RECON,6.443730,27.564774,4.572942,0.262379,0.039858,1.671728
6,15,1,RECON,4.244387,22.581557,2.813433,0.386200,0.042406,2.301558
6,16,3,SURGE,73.286311,249.825398,1.883836,0.748525,0.291456,43.238841
6,17,4,SUSTAINED,79.805621,310.936035,1.366823,0.958863,0.311649,63.841668
6,18,4,SUSTAINED,57.063560,290.476843,1.150605,0.862395,0.303767,62.492547
6,19,2,ESCALATION,16.682005,36.262648,2.396853,0.721609,0.078298,9.386637
6,20,2,ESCALATION,24.311588,59.039787,2.690500,0.586332,0.043607,11.547592
6,21,0,NORMAL,1.795930,6.525033,3.209674,0.134734,0.022559,0.695524
6,22,0,NORMAL,2.513200,6.743454,4.614866,0.021603,0.032609,0.910372
6,23,0,NORMAL,4.229274,10.986471,3.985570,0.101401,0.017828,0.437177
7,0,0,NORMAL,2.181314,5.265669,3.912214,0.146058,0.026547,0.723650
7,1,1,RECON,3.142022,13.659033,2.891629,0.323695,0.048331,1.648010
7,2,3,SURGE,47.526825,244.833626,1.234150,0.936059,0.180466,51.509644
7,3,3,SURGE,62.900404,293.031192,2.106576,0.869343,0.220339,37.395640
7,4,4,SUSTAINED,79.158207,288.142676,1.640154,0.944290,0.391984,55.544455
7,5,4,SUSTAINED,82.858555,328.888817,0.982617,0.907312,0.318388,60.931319
7,6,4,SUSTAINED,69.708853,259.192249,0.771859,0.861619,0.304379,61.750264
7,7,4,SUSTAINED,61.916682,294.277186,1.151160,1.054800,0.241714,52.655934
7,8,3,SURGE,64.499783,222.532523,1.545834,0.932994,0.288880,33.524109
7,9,3,SURGE,46.269970,213.134719,1.571496,0.838371,0.248866,35.019679
7,10,4,SUSTAINED,77.171082,266.880341,1.296839,0.892496,0.328479,47.911126
7,11,4,SUSTAINED,75.003173,339.754402,1.299087,0.939413,0.319949,42.356846
7,12,4,SUSTAINED,95.980113,303.970395,1.220374,0.977406,0.335824,43.015200
7,13,3,SURGE,62.102913,171.404938,2.024810,0.868483,0.153273,29.855889
7,14,3,SURGE,57.658745,192.464635,1.330215,1.007888,0.309926,38.636893
7,15,3,SURGE,66.172816,222.214409,1.623757,0.998148,0.191759,56.070043
7,16,3,SURGE,67.492229,132.506092,1.127894,1.051637,0.236955,46.719381
7,17,3,SURGE,58.950418,254.554013,1.405336,0.721926,0.209838,44.409534
7,18,3,SURGE,44.329417,171.026299,1.267311,0.863453,0.181204,34.973031
7,19,3,SURGE,67.715333,232.364852,1.441676,0.860796,0.256996,33.467399
7,20,4,SUSTAINED,72.478230,280.955605,0.850958,0.958103,0.329189,45.477410
7,21,4,SUSTAINED,78.240514,310.245261,1.196118,0.877320,0.249504,55.176541
7,22,4,SUSTAINED,62.286501,310.371797,1.556887,0.942349,0.322008,50.781586
7,23,4,SUSTAINED,67.032692,229.669701,1.482830,0.900750,0.281779,46.681346
7,24,4,SUSTAINED,78.609298,278.112684,1.313391,0.972627,0.312834,56.431605
7,25,3,SURGE,49.324062,197.802605,1.953076,1.026454,0.178912,37.501156
7,26,3,SURGE,65.080791,207.810521,1.412926,0.861620,0.264411,37.981007
7,27,3,SURGE,60.785987,172.877139,1.712852,1.191424,0.161151,42.592100
7,28,1,RECON,6.154805,18.232787,4.809484,0.417551,0.053848,2.905642
7,29,2,ESCALATION,22.952261,55.625932,3.446706,0.317019,0.066769,8.437815
7,30,1,RECON,5.566137,23.422576,2.787824,0.397382,0.050166,1.836975
7,31,2,ESCALATION,17.515243,13.788382,3.189036,0.276184,0.102138,7.642493
8,0,2,ESCALATION,12.466987,69.093242,3.121778,0.442156,0.090542,3.298469
8,1,3,SURGE,42.401843,230.071859,1.551449,1.138695,0.194993,39.178703
8,2,3,SURGE,71.913896,172.151518,1.589587,0.900200,0.264098,34.410557
8,3,3,SURGE,44.019476,205.404938,1.680008,0.877258,0.169247,47.908255
8,4,3,SURGE,52.739849,188.775982,0.899732,0.797459,0.223109,49.827366
8,5,2,ESCALATION,18.201068,41.925257,2.948769,0.478791,0.134922,6.395566
8,6,3,SURGE,58.447500,144.722039,1.287249,0.775094,0.270511,36.273855
8,7,3,SURGE,42.622854,208.145327,1.048819,0.850660,0.257071,21.397029
8,8,3,SURGE,79.029075,181.862468,1.603923,1.002492,0.241802,35.352318
8,9,3,SURGE,66.409907,195.473264,1.094926,0.912660,0.220816,35.772591
8,10,3,SURGE,46.616176,241.892611,0.940926,0.833730,0.346147,49.018838
8,11,2,ESCALATION,10.297349,42.060915,2.843965,0.505628,0.096365,7.907502
8,12,2,ESCALATION,7.790106,42.252339,3.348774,0.294750,0.092418,5.540738
8,13,2,ESCALATION,13.056834,72.160905,3.103950,0.303230,0.126849,5.676044
8,14,1,RECON,5.627638,15.541263,4.914285,0.222549,0.037621,1.474903
8,15,1,RECON,7.198383,21.143981,5.567955,0.526764,0.029386,2.056335
8,16,1,RECON,3.444788,14.849587,3.354276,0.194811,0.047114,1.026625
8,17,1,RECON,3.164493,32.047845,3.838892,0.307202,0.024093,3.364873
8,18,1,RECON,5.593832,11.265987,4.368534,0.187857,0.079247,2.647356
8,19,1,RECON,0.127249,13.082920,4.750209,0.421288,0.072183,0.726390
8,20,1,RECON,7.031030,9.708322,4.193676,0.327384,0.043985,0.518271
8,21,0,NORMAL,1.672695,7.555783,3.218264,0.077849,0.019603,0.632736
8,22,0,NORMAL,1.590351,8.277062,2.539542,0.123852,0.019994,0.511908
8,23,1,RECON,1.094369,8.130831,4.419043,0.299288,0.053404,1.630298
8,24,3,SURGE,69.326388,219.359292,1.395669,0.689231,0.288462,49.773829
8,25,3,SURGE,51.203576,226.951776,1.844212,1.055882,0.206195,38.188363
8,26,4,SUSTAINED,80.459281,266.480172,1.324385,0.978933,0.303519,56.317510
8,27,4,SUSTAINED,91.826231,272.979234,1.023804,0.950549,0.335158,46.015761
8,28,4,SUSTAINED,63.698172,300.980857,0.864508,0.930772,0.326455,51.150744
8,29,4,SUSTAINED,77.605297,320.163429,1.342538,0.915403,0.293254,61.262460
8,30,3,SURGE,46.030379,226.224722,1.066156,1.041251,0.301205,42.319084
8,31,0,NORMAL,1.790968,10.035572,3.314611,0.111778,0.028719,0.331458
8,32,0,NORMAL,0.805635,4.806582,2.585802,0.136491,0.038089,0.927599
8,33,0,NORMAL,2.724855,12.266319,3.271595,0.105072,0.000000,0.580021
8,34,0,NORMAL,2.199635,3.316391,3.771429,0.151226,0.012168,0.158923
8,35,0,NORMAL,1.733586,6.255218,2.724490,0.122651,0.015500,0.177279
8,36,1,RECON,7.142609,21.014685,4.095979,0.361911,0.026782,2.025896
8,37,2,ESCALATION,12.650817,56.531875,2.331740,0.576473,0.122074,0.000000
8,38,2,ESCALATION,0.000000,40.759265,3.415209,0.452407,0.041353,4.718789
8,39,3,SURGE,40.784955,245.159644,1.477959,0.780760,0.220844,31.862205
8,40,3,SURGE,67.324278,131.233555,1.338563,0.813681,0.314675,29.199207
8,41,4,SUSTAINED,79.733642,265.141968,0.996818,0.909919,0.249015,55.568961
8,42,4,SUSTAINED,62.557070,288.609706,0.659143,0.912392,0.263636,49.772704
8,43,4,SUSTAINED,80.451293,307.361130,0.667081,0.917302,0.308612,48.852827
8,44,4,SUSTAINED,70.378427,291.409016,1.024185,0.958216,0.274380,53.374638
9,0,1,RECON,5.970188,19.191942,4.129109,0.256954,0.065931,1.811333
9,1,1,RECON,5.209380,26.482933,3.127715,0.376986,0.012137,2.173819
9,2,1,RECON,5.977337,18.853125,3.751640,0.303105,0.044959,1.371219
9,3,0,NORMAL,2.198381,5.698349,3.096859,0.031988,0.023907,0.663597
9,4,0,NORMAL,2.965170,8.263603,3.696005,0.115192,0.019085,0.340753
9,5,2,ESCALATION,12.740245,40.011834,3.060406,0.537778,0.043808,11.368035
9,6,0,NORMAL,0.889069,11.566352,3.812838,0.036773,0.037772,0.697639
9,7,0,NORMAL,2.159298,7.915751,3.169850,0.129093,0.024766,0.504404
9,8,2,ESCALATION,15.649649,48.953018,1.999915,0.279228,0.122606,0.194335
9,9,2,ESCALATION,12.609585,69.623699,2.503919,0.598923,0.084123,8.341244
9,10,2,ESCALATION,12.687221,64.948323,2.203781,0.544189,0.136906,9.980112
9,11,3,SURGE,52.365607,144.834030,1.102266,0.966044,0.274896,40.818053
9,12,3,SURGE,67.668673,151.011809,1.963580,1.185744,0.268323,44.664865
9,13,4,SUSTAINED,65.518293,281.918419,0.872131,0.877650,0.368894,56.637175
9,14,4,SUSTAINED,77.527821,294.813868,1.489365,0.948383,0.321228,53.823974
9,15,0,NORMAL,0.593086,2.066753,3.369219,0.102825,0.007139,0.489658
9,16,0,NORMAL,0.000000,5.254626,3.703632,0.119353,0.008463,0.547534
9,17,3,SURGE,67.770730,196.188569,1.312809,0.837066,0.273391,41.560832
9,18,4,SUSTAINED,81.054991,324.562919,1.228378,0.989234,0.334833,50.172840
9,19,2,ESCALATION,22.717464,53.849881,1.771308,0.392927,0.130875,7.160970
9,20,3,SURGE,74.008819,158.108514,1.180739,0.921139,0.269523,43.970744
9,21,3,SURGE,61.985786,219.575358,1.396316,0.906270,0.255377,41.720785
9,22,3,SURGE,65.551457,201.768680,1.176350,0.906767,0.248599,41.545453
9,23,3,SURGE,54.762272,216.891561,1.927385,0.909800,0.366892,36.975686
9,24,4,SUSTAINED,73.609554,289.454258,1.274680,0.992315,0.312764,62.554689
9,25,4,SUSTAINED,77.342652,381.119553,1.318271,0.914026,0.272229,49.343921
10,0,1,RECON,4.872983,21.657462,3.522605,0.192443,0.054486,2.480767
10,1,1,RECON,3.381093,21.387424,3.604911,0.247846,0.031121,3.040927
10,2,1,RECON,6.209987,24.236057,6.450119,0.129077,0.035232,1.507060
10,3,1,RECON,2.844834,16.501735,3.226717,0.333504,0.051034,2.384823
10,4,0,NORMAL,2.603007,6.879773,4.560572,0.111722,0.001375,0.199287
10,5,0,NORMAL,2.017335,7.634584,3.265787,0.200546,0.025490,0.717830
10,6,0,NORMAL,1.000855,8.110416,3.586504,0.007184,0.018197,0.504222
10,7,0,NORMAL,1.186610,6.381394,3.411570,0.104540,0.026048,0.824257
10,8,0,NORMAL,1.543844,9.312967,3.805422,0.078290,0.027904,0.793876
10,9,0,NORMAL,3.778321,5.400752,3.506949,0.100564,0.019019,0.305221
11,0,1,RECON,3.463289,18.429967,3.564765,0.190034,0.054686,2.120737
11,1,1,RECON,9.371728,19.386448,4.588065,0.192244,0.024262,3.266264
11,2,1,RECON,2.912112,17.804505,4.127846,0.209749,0.043901,2.983501
11,3,2,ESCALATION,8.031638,64.138904,3.095378,0.406922,0.036713,5.766130
11,4,0,NORMAL,3.165672,4.890254,3.457740,0.133757,0.000000,0.810136
11,5,0,NORMAL,2.331995,8.740049,4.042293,0.127546,0.000000,0.264566
11,6,0,NORMAL,1.805020,9.432832,3.894683,0.130423,0.017857,0.000000
11,7,1,RECON,5.832736,12.547764,4.705020,0.390839,0.052537,0.000000
11,8,1,RECON,8.772378,15.267311,2.612685,0.423525,0.050267,2.883952
11,9,1,RECON,5.917118,19.815046,4.757991,0.527743,0.069420,0.735729
11,10,1,RECON,7.282962,24.013504,3.858716,0.416494,0.068555,4.058014
11,11,2,ESCALATION,12.462997,45.408214,2.505867,0.366497,0.000000,6.695902
12,0,0,NORMAL,2.013376,11.873087,3.630710,0.141320,0.022792,0.910635
12,1,1,RECON,5.992241,19.831665,3.969372,0.340498,0.094688,1.783682
12,2,1,RECON,7.515558,23.701266,4.209373,0.061661,0.060334,0.224421
12,3,1,RECON,5.338948,22.998370,3.478311,0.144749,0.055215,1.973117
12,4,0,NORMAL,2.084661,16.302308,3.917263,0.152475,0.028439,0.943839
12,5,0,NORMAL,0.000000,7.434242,3.905868,0.051510,0.018236,0.292469
12,6,0,NORMAL,2.749457,9.954622,3.810801,0.098138,0.021976,0.144445
12,7,0,NORMAL,2.150081,8.971971,4.104632,0.178567,0.035700,0.200593
12,8,0,NORMAL,2.480334,15.595714,4.240050,0.155970,0.016122,0.235040
12,9,1,RECON,2.798677,16.807818,4.108178,0.459291,0.042906,0.048600
12,10,0,NORMAL,1.300978,8.127893,3.456648,0.086315,0.027903,0.040141
12,11,0,NORMAL,2.684038,6.157746,2.695597,0.133428,0.031231,0.486501
12,12,3,SURGE,67.059697,133.604485,1.623520,0.811254,0.192008,36.464720
12,13,3,SURGE,53.557917,223.548131,1.321572,0.998019,0.264059,34.419542
12,14,3,SURGE,65.759849,165.362405,0.841001,0.929073,0.232271,21.022436
12,15,3,SURGE,50.989660,263.027104,0.818889,0.755865,0.305498,50.854105
12,16,3,SURGE,53.679142,224.649416,0.569160,0.713881,0.235963,52.399125
12,17,2,ESCALATION,15.504684,67.006839,4.064131,0.413473,0.099327,13.466166
12,18,1,RECON,7.055162,12.908422,4.281978,0.275738,0.030840,1.213518
12,19,1,RECON,6.991079,17.351319,4.256091,0.357117,0.030568,2.591754
12,20,2,ESCALATION,28.018131,44.358437,2.525151,0.615345,0.132764,6.394739
13,0,3,SURGE,51.724158,183.578640,1.535837,0.999594,0.219770,25.260924
13,1,2,ESCALATION,8.702935,30.302484,2.707234,0.321668,0.071890,5.677742
13,2,2,ESCALATION,21.612522,59.929214,2.809678,0.430846,0.082671,8.983239
13,3,3,SURGE,50.923825,201.459230,0.687352,0.921171,0.288107,37.759451
13,4,4,SUSTAINED,72.950092,306.523212,1.189253,0.944985,0.295427,55.642630
13,5,4,SUSTAINED,91.021890,299.932493,1.444595,0.914912,0.330638,50.428051
13,6,4,SUSTAINED,97.685127,296.337483,0.542237,0.922596,0.349275,58.318461
13,7,4,SUSTAINED,88.069347,314.533603,1.565318,0.995971,0.360868,57.152777
13,8,4,SUSTAINED,77.542983,281.956176,1.712030,0.960810,0.332195,55.742440
13,9,4,SUSTAINED,80.087863,343.079821,1.366572,0.864426,0.291390,65.693763
13,10,3,SURGE,65.435011,191.448126,0.779809,1.089305,0.284120,39.439897
13,11,3,SURGE,70.823519,178.320664,1.959303,0.954220,0.262234,41.164118
13,12,3,SURGE,70.456401,165.386287,0.851230,0.961444,0.281562,43.841929
13,13,3,SURGE,56.794596,231.499308,1.481777,0.851289,0.234405,56.165118
13,14,3,SURGE,64.997881,132.835583,1.456707,0.856637,0.145749,43.112301
13,15,3,SURGE,39.007937,233.582724,2.074002,1.049012,0.267948,40.368465
13,16,4,SUSTAINED,93.459069,334.007061,0.917539,0.960067,0.317581,44.142298
13,17,4,SUSTAINED,98.183935,319.198085,1.642024,0.959146,0.297071,57.287628
13,18,4,SUSTAINED,72.289799,337.989137,1.611703,0.900445,0.338720,54.478240
13,19,4,SUSTAINED,83.681749,329.830514,1.224815,1.020508,0.312377,58.745106
13,20,4,SUSTAINED,97.269272,314.094748,1.413899,0.869591,0.267092,62.427302
13,21,4,SUSTAINED,64.689762,331.148698,1.036865,1.020566,0.296487,56.228240
13,22,3,SURGE,51.025070,160.286128,1.421401,0.982717,0.183456,26.655723
13,23,3,SURGE,53.970217,184.310959,0.757276,0.832102,0.249622,47.443023
13,24,4,SUSTAINED,93.259009,279.463319,0.995072,1.026868,0.308458,51.687852
13,25,4,SUSTAINED,90.824589,343.986085,0.954962,0.947878,0.303606,49.082559
13,26,4,SUSTAINED,80.042583,334.206284,1.562228,0.933540,0.291442,58.985754
13,27,4,SUSTAINED,84.709121,297.362805,0.909180,0.902158,0.357882,54.061471
13,28,3,SURGE,54.863637,211.648208,2.457071,0.794261,0.155109,50.292721
13,29,3,SURGE,59.792936,176.563272,1.607265,0.804946,0.241003,43.598523
13,30,3,SURGE,52.999160,186.104687,0.928474,0.857744,0.255940,36.803608
13,31,4,SUSTAINED,79.840787,280.327696,1.407319,1.021799,0.281425,57.911189
13,32,3,SURGE,63.654873,262.631181,1.703464,0.722659,0.272700,49.862910
13,33,4,SUSTAINED,87.965078,279.296534,0.754338,0.957058,0.229741,53.561374
13,34,3,SURGE,40.902371,148.820128,1.087187,0.893668,0.231714,51.193091
13,35,3,SURGE,64.952729,205.825213,1.657292,0.813802,0.292861,31.103646
13,36,2,ESCALATION,20.930713,53.162969,2.694272,0.560046,0.000000,8.906775
13,37,3,SURGE,59.493719,228.261301,1.470092,0.785979,0.242930,40.540444
13,38,3,SURGE,61.619194,241.574762,1.065586,0.917570,0.314496,26.123108
13,39,3,SURGE,54.146215,185.171585,1.138077,0.883045,0.342063,29.884557
13,40,4,SUSTAINED,69.584523,351.822549,1.061298,0.948718,0.283889,49.333463
13,41,4,SUSTAINED,99.665949,341.762128,0.944119,0.982379,0.266739,44.341794
14,0,0,NORMAL,1.530135,7.499673,3.874883,0.119575,0.016064,0.014278
14,1,0,NORMAL,3.079010,4.407235,3.819380,0.116577,0.027501,0.761593
14,2,2,ESCALATION,6.915203,41.997207,3.333476,0.418699,0.072238,2.535949
14,3,2,ESCALATION,19.128568,61.548440,3.380635,0.586506,0.090227,7.508708
14,4,2,ESCALATION,28.173704,58.338680,2.521720,0.569825,0.059565,12.513520
14,5,2,ESCALATION,17.505427,65.989664,3.030861,0.514170,0.100432,7.830677
14,6,2,ESCALATION,12.752583,72.193856,2.734878,0.382131,0.079348,11.301112
14,7,3,SURGE,54.271490,222.413167,1.396992,0.957336,0.217822,37.923088
14,8,2,ESCALATION,19.371388,35.271352,2.286684,0.516305,0.169045,2.253305
14,9,0,NORMAL,0.623957,6.097007,3.317786,0.078975,0.014662,0.502162
14,10,0,NORMAL,0.537543,10.339609,3.876436,0.142159,0.004593,0.589675
14,11,1,RECON,2.937596,18.045866,4.106987,0.484215,0.088490,0.668515
14,12,3,SURGE,50.847743,239.226932,1.888199,0.800431,0.274663,39.139730
14,13,4,SUSTAINED,81.845378,335.890185,1.222620,0.941606,0.343843,58.482376
14,14,4,SUSTAINED,74.683307,268.642117,1.029683,0.918959,0.331448,60.855904
14,15,3,SURGE,74.309190,254.738776,1.597360,0.817811,0.328769,39.511861
14,16,3,SURGE,56.603950,164.408387,0.912544,0.963287,0.210830,64.476250
14,17,3,SURGE,47.426175,220.405549,2.111725,0.906459,0.278612,25.251621
14,18,3,SURGE,49.263843,124.198166,1.546792,0.675717,0.183890,35.702450
14,19,3,SURGE,63.964085,212.223208,1.857519,0.975238,0.307041,39.984653
14,20,3,SURGE,65.115137,205.666268,1.341122,0.866756,0.209122,43.372935
14,21,0,NORMAL,1.336826,6.013266,2.894801,0.148942,0.020786,0.241160
14,22,0,NORMAL,1.439551,3.780498,4.010611,0.073145,0.015911,0.512354
14,23,1,RECON,5.040075,12.004414,4.635102,0.251501,0.087758,1.999104
14,24,1,RECON,5.714730,27.722989,5.460736,0.483095,0.029605,2.729722
14,25,1,RECON,5.448579,11.635238,3.684435,0.232375,0.067971,2.640575
14,26,1,RECON,2.299157,16.441803,3.603107,0.386968,0.073564,2.845108
14,27,1,RECON,0.000000,9.165191,5.337302,0.259875,0.034986,3.314128
14,28,0,NORMAL,2.024449,7.119791,3.433949,0.111358,0.036000,0.626740
14,29,0,NORMAL,3.169270,4.490972,3.877431,0.085272,0.000000,0.000000
14,30,0,NORMAL,2.531223,8.341399,3.592183,0.197547,0.007309,0.491770
14,31,0,NORMAL,1.263727,8.084980,2.700025,0.170495,0.013184,1.109420
14,32,0,NORMAL,3.028054,7.840091,3.484628,0.070799,0.021191,0.595400
15,0,4,SUSTAINED,73.725932,296.248668,1.016970,1.064983,0.296411,64.271393
15,1,4,SUSTAINED,82.074301,260.359078,1.065878,0.960527,0.363440,56.331897
15,2,4,SUSTAINED,85.125833,348.822040,1.182287,1.069511,0.280584,50.401229
15,3,3,SURGE,83.310247,232.777903,1.366352,1.024902,0.284385,55.729020
15,4,4,SUSTAINED,77.877119,286.124358,0.607895,1.003016,0.289184,59.437787
15,5,3,SURGE,56.467563,183.153881,1.547466,0.998725,0.221664,34.952307
15,6,3,SURGE,63.786393,118.210869,1.009843,1.050124,0.270096,33.902433
15,7,3,SURGE,60.132367,229.429334,0.956695,0.815905,0.263648,39.201323
15,8,3,SURGE,47.704926,214.285147,1.936633,0.948682,0.256956,39.232931
15,9,4,SUSTAINED,79.424011,337.791176,1.164291,0.905510,0.280310,56.205102
15,10,4,SUSTAINED,83.882426,315.685313,1.466695,1.021178,0.339834,49.394566
15,11,4,SUSTAINED,79.393828,286.464739,0.858502,0.927915,0.281019,50.968914
15,12,0,NORMAL,3.178451,8.597714,4.735905,0.108525,0.017099,0.501240
15,13,0,NORMAL,2.435254,14.230134,3.077340,0.142952,0.022078,0.028671
15,14,0,NORMAL,3.267624,5.428471,3.495533,0.013732,0.007412,0.814409
15,15,0,NORMAL,0.891197,8.688381,3.238794,0.076459,0.027393,0.151480
15,16,2,ESCALATION,15.770400,64.541147,3.542896,0.400241,0.137495,5.647573
15,17,1,RECON,2.732458,24.642394,3.674811,0.501325,0.061826,1.187187
15,18,0,NORMAL,2.781181,11.157933,3.464642,0.102233,0.027584,0.539540
15,19,0,NORMAL,1.187026,8.705360,4.107741,0.180799,0.027795,0.586187
15,20,0,NORMAL,1.333249,7.540307,3.087935,0.037563,0.023335,0.555654
15,21,0,NORMAL,2.546112,8.727933,3.778308,0.097866,0.024129,0.282157
15,22,0,NORMAL,2.668418,5.990956,3.525916,0.068820,0.014735,0.162521
15,23,0,NORMAL,3.065685,9.612302,4.486098,0.090538,0.050318,0.431741
15,24,0,NORMAL,1.602222,9.116977,3.917807,0.094304,0.037767,0.571745
15,25,1,RECON,3.182005,20.092495,4.092778,0.239176,0.034471,4.137411
15,26,1,RECON,2.086029,14.508893,4.158746,0.354667,0.061096,2.541292
15,27,1,RECON,5.680881,13.619703,3.704286,0.208229,0.026232,2.851368
15,28,1,RECON,6.953331,18.196565,4.821446,0.123871,0.067262,2.141696
15,29,1,RECON,5.760047,13.064724,3.001568,0.228795,0.061298,2.552073
15,30,0,NORMAL,1.018901,5.830293,3.321347,0.031897,0.005779,0.253449
15,31,0,NORMAL,0.819406,7.652589,4.029276,0.034911,0.017936,0.807427
15,32,0,NORMAL,1.426330,11.490487,3.346899,0.155225,0.024290,0.397147
15,33,0,NORMAL,2.320450,11.062648,3.225827,0.102060,0.019385,0.711244
15,34,0,NORMAL,3.016977,9.398986,2.841537,0.160413,0.042341,0.800550
15,35,2,ESCALATION,15.426857,25.077426,1.693528,0.538262,0.076321,5.256271
15,36,2,ESCALATION,18.077926,28.208637,2.530673,0.726481,0.056988,10.609284
15,37,3,SURGE,65.457938,243.893100,1.796513,0.990916,0.192420,48.909278
15,38,2,ESCALATION,16.297709,53.873693,3.091074,0.550544,0.066248,3.950398
16,0,2,ESCALATION,14.776335,28.922535,3.379678,0.444444,0.113680,6.057622
16,1,2,ESCALATION,10.617176,44.938554,2.864469,0.336173,0.113221,12.835731
16,2,3,SURGE,63.951428,90.022585,1.484428,0.868696,0.209075,48.651604
16,3,4,SUSTAINED,78.580180,288.684214,0.624955,0.893401,0.338444,42.340296
16,4,4,SUSTAINED,76.802240,352.308656,1.430581,0.922141,0.352181,50.556905
16,5,4,SUSTAINED,69.128982,332.197735,1.078160,0.898575,0.291314,56.664065
16,6,4,SUSTAINED,84.431628,282.510183,1.386112,0.972111,0.297563,52.351706
16,7,0,NORMAL,2.550254,14.185397,3.969710,0.148799,0.050885,0.654788
16,8,0,NORMAL,2.704015,4.973102,3.278049,0.074692,0.026476,0.447748
16,9,0,NORMAL,3.087455,10.589452,3.419139,0.066500,0.031353,0.732167
16,10,0,NORMAL,1.686846,8.496546,3.889415,0.145505,0.022839,0.675574
16,11,1,RECON,3.652297,16.693678,4.215193,0.296532,0.012289,1.682013
16,12,1,RECON,4.437260,16.765881,4.590393,0.192104,0.017439,1.721464
16,13,0,NORMAL,3.687553,10.346385,2.765868,0.088382,0.022566,0.553277
16,14,0,NORMAL,1.082951,8.194829,3.710161,0.141284,0.011943,0.396453
16,15,2,ESCALATION,11.892690,42.133777,2.188249,0.524842,0.097762,1.222358
16,16,2,ESCALATION,10.358379,57.285334,2.030889,0.504501,0.088673,8.909306
16,17,3,SURGE,57.448358,138.549107,0.909117,0.841611,0.249586,35.134016
16,18,4,SUSTAINED,77.766233,271.049618,1.116571,0.961293,0.312995,66.270275
16,19,4,SUSTAINED,79.412171,312.783718,1.192973,0.924969,0.238030,51.934993
16,20,4,SUSTAINED,66.187147,276.129635,0.885872,0.979189,0.324044,49.576724
16,21,4,SUSTAINED,65.134059,285.169801,1.319695,0.991247,0.271478,61.311129
16,22,4,SUSTAINED,70.018978,321.289856,1.701336,0.974672,0.298386,41.828898
16,23,4,SUSTAINED,81.035276,289.258120,0.868249,0.953277,0.304605,60.666495
16,24,4,SUSTAINED,89.827155,300.239821,1.165400,1.003216,0.260862,71.886685
16,25,4,SUSTAINED,83.046634,315.752879,1.763141,0.989625,0.235798,63.420822
16,26,4,SUSTAINED,80.857241,261.622381,1.357861,0.917431,0.304007,53.295406
16,27,4,SUSTAINED,95.858082,301.395395,1.219193,0.931328,0.344240,53.026481
16,28,4,SUSTAINED,87.828743,283.851027,1.188673,0.870934,0.328168,66.645202
16,29,4,SUSTAINED,91.694393,274.616936,1.270897,0.902842,0.290889,59.633269
16,30,4,SUSTAINED,68.698872,260.549127,0.785651,0.974573,0.382556,63.174749
16,31,4,SUSTAINED,91.368608,328.092013,0.736410,0.934840,0.343821,58.302601
16,32,4,SUSTAINED,84.885937,235.874982,1.133153,1.006898,0.300736,52.006375
16,33,3,SURGE,69.747518,252.401588,1.849737,1.008137,0.286645,42.124229
16,34,4,SUSTAINED,78.101922,263.628951,0.913407,0.935899,0.309658,63.644876
16,35,4,SUSTAINED,88.027810,332.379470,1.130566,0.979735,0.290259,62.932815
16,36,4,SUSTAINED,70.476130,304.845740,1.694434,0.940938,0.317909,58.275273
16,37,4,SUSTAINED,84.085664,258.184945,1.012313,1.003786,0.314270,53.173133
16,38,4,SUSTAINED,79.519262,300.377355,1.397046,0.913632,0.301613,53.126391
16,39,3,SURGE,50.795442,262.728258,1.653889,0.767641,0.172982,39.102689
16,40,3,SURGE,58.132419,252.279982,1.640772,0.947125,0.183214,47.500183
16,41,3,SURGE,68.630925,167.433201,1.570820,0.935200,0.242298,43.236362
16,42,3,SURGE,53.509402,264.219335,1.919581,0.823914,0.278422,34.058569
16,43,2,ESCALATION,20.169047,24.438506,3.356114,0.462092,0.091538,9.229254
16,44,3,SURGE,51.736568,228.709024,1.545348,0.774395,0.241506,51.050232
16,45,4,SUSTAINED,85.738788,264.289695,1.347182,0.992543,0.329028,59.709726
16,46,3,SURGE,59.275877,175.665300,0.740826,0.933964,0.259303,44.460607
16,47,3,SURGE,66.450167,282.181804,1.531380,0.893833,0.265450,56.258696
17,0,0,NORMAL,1.200343,6.358986,3.475205,0.167366,0.038010,0.634443
17,1,0,NORMAL,4.492739,6.717337,3.214432,0.011253,0.033961,0.790474
17,2,0,NORMAL,0.610477,12.374512,3.535068,0.140305,0.003522,0.940425
17,3,0,NORMAL,1.961090,9.935338,3.117252,0.071028,0.015366,0.000000
17,4,0,NORMAL,3.191594,5.895968,3.674102,0.086723,0.023283,0.311727
17,5,0,NORMAL,3.052075,7.808388,4.511054,0.102315,0.010739,0.868082
17,6,0,NORMAL,2.726873,11.571802,3.173602,0.093637,0.018286,0.112776
17,7,0,NORMAL,3.336379,8.712014,2.826969,0.022208,0.036648,0.472904
17,8,1,RECON,4.452016,10.613461,5.338476,0.260695,0.077348,2.041321
17,9,2,ESCALATION,16.283472,62.798490,3.231456,0.593494,0.113917,7.301448
17,10,1,RECON,3.186126,18.021538,4.211909,0.340244,0.041411,2.251797
17,11,1,RECON,1.836095,18.047761,3.319548,0.126561,0.052737,2.390307
17,12,2,ESCALATION,17.835854,21.011165,1.983390,0.796028,0.058112,9.832523
17,13,3,SURGE,60.796727,174.669832,1.724616,0.913677,0.227586,31.598623
17,14,3,SURGE,47.872812,217.099242,2.550594,1.035017,0.285917,39.315142
17,15,4,SUSTAINED,69.421709,338.483786,0.963073,0.915037,0.293374,48.627722
17,16,4,SUSTAINED,79.596207,273.254116,0.977694,0.910940,0.320894,53.607246
17,17,3,SURGE,65.969459,194.318416,1.388698,0.947045,0.283410,38.823412
17,18,0,NORMAL,1.218210,5.417951,3.884574,0.122247,0.024553,0.584256
17,19,0,NORMAL,2.696412,10.805326,3.955614,0.094961,0.033870,0.568538
17,20,0,NORMAL,2.282088,8.741020,3.132124,0.135068,0.048453,0.387561
17,21,0,NORMAL,1.553795,6.535940,4.272225,0.066351,0.015259,0.023752
17,22,1,RECON,1.583200,21.159023,6.439758,0.263332,0.016665,2.720000
17,23,1,RECON,7.598694,16.589855,3.694547,0.282204,0.065156,1.818063
17,24,1,RECON,4.602337,11.640724,4.517625,0.121327,0.041118,2.607508
17,25,1,RECON,6.180641,17.674772,5.135797,0.392470,0.058923,2.742037
18,0,0,NORMAL,2.420362,9.638268,4.045236,0.053184,0.010936,0.637970
18,1,0,NORMAL,0.114238,9.125324,2.573789,0.052737,0.033517,1.047464
18,2,3,SURGE,56.706085,201.704901,2.212491,0.850713,0.226156,52.389804
18,3,4,SUSTAINED,85.777614,255.685711,1.148630,0.867020,0.257783,60.035208
18,4,4,SUSTAINED,77.447154,277.537511,1.133803,0.965056,0.339317,39.249120
18,5,4,SUSTAINED,81.272770,297.034107,1.321013,0.963377,0.287805,51.838881
18,6,4,SUSTAINED,89.189939,278.039762,1.181158,0.959167,0.362414,53.198150
18,7,4,SUSTAINED,89.855835,298.087372,1.136784,0.933547,0.289767,60.125439
18,8,4,SUSTAINED,81.882318,266.243295,0.909753,1.057172,0.292887,50.351368
18,9,4,SUSTAINED,82.254468,317.344648,1.158586,0.934066,0.293217,46.703571
18,10,4,SUSTAINED,82.368265,355.513897,1.225800,0.833291,0.296241,71.437025
18,11,2,ESCALATION,10.945555,58.866598,2.354792,0.296929,0.086065,8.274579
18,12,2,ESCALATION,9.254204,50.155033,2.555096,0.559222,0.051413,10.142341
18,13,3,SURGE,76.427343,131.369669,1.062978,0.941737,0.333212,42.520344
18,14,3,SURGE,60.175369,158.944062,1.303945,0.778809,0.186065,43.213991
18,15,3,SURGE,63.195540,147.927090,1.618553,0.851132,0.320331,42.589751
18,16,3,SURGE,52.443533,202.245734,1.107565,0.858639,0.236895,34.193134
18,17,3,SURGE,45.864827,106.410075,1.077461,0.962749,0.170075,29.055017
18,18,4,SUSTAINED,74.908032,309.631380,1.392695,0.983126,0.239107,53.613642
18,19,2,ESCALATION,27.231589,26.076871,2.171296,0.343910,0.040134,12.057782
18,20,2,ESCALATION,12.621254,30.193653,1.457845,0.463384,0.087345,6.046112
18,21,2,ESCALATION,16.975866,54.846249,2.610325,0.334757,0.126633,8.037541
18,22,2,ESCALATION,18.950378,28.673569,1.939467,0.386669,0.057749,10.265755
18,23,3,SURGE,70.991840,215.859473,1.583460,1.019973,0.273486,40.544808
18,24,3,SURGE,61.151809,187.826376,1.164871,0.970303,0.311853,39.595301
18,25,4,SUSTAINED,64.239880,298.336399,1.187972,0.913650,0.395354,54.602844
18,26,3,SURGE,60.259621,119.887450,1.196053,0.998324,0.218553,33.368999
19,0,2,ESCALATION,17.584952,43.173240,2.656317,0.379378,0.060209,4.866751
19,1,2,ESCALATION,9.826395,26.544423,2.931642,0.535189,0.168032,5.994985
19,2,2,ESCALATION,16.563563,46.192437,3.246600,0.616284,0.113096,7.233081
19,3,2,ESCALATION,8.161231,37.911233,2.426795,0.331404,0.117597,11.589884
19,4,2,ESCALATION,16.417207,34.488333,2.617047,0.396451,0.124076,5.963635
19,5,1,RECON,4.508558,14.751981,3.197356,0.325320,0.067904,2.218657
19,6,1,RECON,7.859575,16.462361,3.945578,0.346970,0.033240,2.933031
19,7,2,ESCALATION,16.282295,60.304305,3.833698,0.525643,0.095478,12.526159
19,8,3,SURGE,56.790202,200.207458,1.578152,0.936181,0.182170,27.660123
19,9,3,SURGE,50.352616,174.247039,1.753884,0.883107,0.259820,30.205573
19,10,3,SURGE,65.872577,223.798098,1.210170,0.916166,0.359942,39.859217
19,11,3,SURGE,58.262376,203.687084,1.439533,0.896865,0.177828,32.298956
19,12,4,SUSTAINED,78.677856,283.014322,1.146896,0.953051,0.335577,54.404730
20,0,0,NORMAL,2.375730,10.597451,3.856730,0.129437,0.019016,0.573482
20,1,0,NORMAL,1.347925,6.114777,3.590716,0.120764,0.011759,0.477571
20,2,0,NORMAL,0.000000,7.341218,3.421341,0.091985,0.034159,0.135261
20,3,0,NORMAL,0.000000,6.557250,3.302178,0.074501,0.031077,0.758185
20,4,0,NORMAL,1.629387,11.078569,3.490121,0.059086,0.002838,0.367606
20,5,1,RECON,9.553077,18.308052,3.587716,0.181503,0.061039,0.588307
20,6,1,RECON,6.635423,20.181397,4.024271,0.356494,0.053419,1.377501
20,7,1,RECON,4.296641,21.878762,2.265109,0.427647,0.079375,2.023867
20,8,1,RECON,6.117030,14.786082,4.637698,0.219137,0.037825,2.901555
20,9,1,RECON,3.587249,14.332118,3.683523,0.373264,0.030000,2.285370
20,10,1,RECON,4.823509,23.050318,3.956552,0.278614,0.030455,2.813742
20,11,1,RECON,5.699544,17.643420,3.357774,0.239090,0.077657,2.161326
20,12,0,NORMAL,2.305328,7.561658,5.227023,0.114256,0.016194,0.926008
20,13,0,NORMAL,2.094320,13.983285,3.441900,0.013335,0.016041,0.936355
21,0,0,NORMAL,1.314757,6.320899,3.680599,0.166910,0.030524,0.636804
21,1,0,NORMAL,0.672067,9.599756,2.827264,0.088722,0.023042,0.158722
21,2,0,NORMAL,1.905879,9.510951,4.030759,0.130353,0.020737,0.276142
21,3,1,RECON,3.978246,20.049678,4.469299,0.090010,0.034286,2.963606
21,4,0,NORMAL,0.582991,15.067464,3.485529,0.119217,0.023995,0.389721
21,5,0,NORMAL,4.121675,11.009618,3.910969,0.128814,0.009967,0.883259
21,6,1,RECON,5.566574,9.803050,2.567313,0.331829,0.033818,0.408666
21,7,2,ESCALATION,25.600404,70.843404,2.645609,0.501327,0.135508,11.366384
21,8,3,SURGE,60.341777,212.024592,1.721551,0.886692,0.243996,51.038659
21,9,4,SUSTAINED,83.819285,351.573272,1.084066,1.031149,0.321701,74.626157
21,10,1,RECON,3.621309,20.093989,4.517787,0.495014,0.036633,2.723935
21,11,1,RECON,6.409296,13.195018,5.326207,0.422932,0.061992,2.163478
21,12,0,NORMAL,1.921264,9.922355,3.515567,0.057574,0.009514,0.274389
21,13,0,NORMAL,1.973044,8.646031,3.750407,0.068634,0.034657,0.419687
21,14,0,NORMAL,2.482386,2.490469,3.104733,0.149054,0.002626,0.835272
21,15,0,NORMAL,1.630545,8.875438,4.059544,0.076661,0.028678,0.298655
21,16,0,NORMAL,1.200664,9.027942,4.078985,0.090794,0.007288,0.175188
21,17,0,NORMAL,3.844116,9.181175,3.306552,0.138309,0.017605,0.386514
21,18,0,NORMAL,3.408449,0.382376,3.898930,0.076813,0.015897,1.007695
21,19,0,NORMAL,1.319931,7.608817,3.706924,0.077907,0.004261,0.240291
21,20,0,NORMAL,2.074777,9.353262,3.369289,0.067025,0.036776,0.443542
21,21,0,NORMAL,3.096142,5.832919,3.202636,0.100512,0.020003,0.577883
21,22,0,NORMAL,2.336248,0.865838,3.663149,0.101894,0.020435,0.573784
21,23,0,NORMAL,1.947388,9.839133,3.228960,0.052616,0.050238,0.285243
21,24,0,NORMAL,0.504340,8.349405,3.033387,0.077876,0.030451,0.641603
21,25,1,RECON,1.457590,27.184476,3.246495,0.452856,0.070431,2.461866
21,26,1,RECON,5.303180,15.645393,4.223232,0.275013,0.009228,2.897427
21,27,1,RECON,4.030399,15.198364,4.486768,0.210624,0.004896,2.325704
21,28,1,RECON,4.600736,12.260486,4.271148,0.153547,0.029455,1.399442
21,29,1,RECON,4.274778,15.760668,5.763754,0.335246,0.056780,1.704239
21,30,1,RECON,0.627187,22.843703,4.558648,0.282083,0.047255,2.588915
21,31,1,RECON,3.820237,12.318486,5.617207,0.387566,0.005946,0.788991
21,32,1,RECON,4.055120,11.378089,5.755810,0.331254,0.059496,1.446388
21,33,1,RECON,4.239134,16.583284,4.688802,0.137100,0.081941,2.145911
21,34,1,RECON,2.849160,13.384174,3.270480,0.325030,0.051320,1.628471
21,35,1,RECON,2.466807,17.757580,3.827531,0.231439,0.080942,1.934139
21,36,1,RECON,3.933496,19.223881,4.155619,0.130238,0.078567,1.891877
21,37,1,RECON,3.495943,17.175778,3.506518,0.423600,0.056228,2.293643
22,0,1,RECON,2.156545,14.521604,3.396889,0.372753,0.053413,0.887590
22,1,1,RECON,2.011775,17.734218,2.875702,0.352883,0.057559,3.526359
22,2,0,NORMAL,1.577086,10.454210,2.801168,0.051876,0.023331,0.000000
22,3,0,NORMAL,0.979737,8.303921,2.961132,0.121212,0.020193,0.920110
22,4,0,NORMAL,1.231357,7.259342,2.827882,0.120307,0.025899,1.240759
22,5,0,NORMAL,1.732205,6.272724,3.606057,0.119085,0.019466,0.825898
22,6,0,NORMAL,2.986174,9.615494,3.493985,0.084253,0.044267,0.254897
22,7,0,NORMAL,1.249781,13.356862,3.943413,0.066083,0.025126,0.577309
22,8,1,RECON,6.516328,19.946527,4.372559,0.295808,0.058621,2.183510
22,9,2,ESCALATION,11.794920,75.406494,2.169748,0.564145,0.087190,13.278642
22,10,2,ESCALATION,11.323684,35.452729,2.994079,0.294042,0.080859,1.542903
22,11,3,SURGE,54.997851,140.477730,1.934244,0.769233,0.289847,34.391673
22,12,4,SUSTAINED,85.996404,269.758564,0.924875,0.980276,0.289505,53.983945
22,13,4,SUSTAINED,74.010489,302.738813,1.486388,0.990456,0.293615,53.266565
22,14,3,SURGE,49.437550,212.734369,1.444847,0.907493,0.301963,30.501415
22,15,3,SURGE,61.887110,171.833602,2.072591,0.990859,0.264507,54.353854
22,16,3,SURGE,59.922737,214.653479,1.134178,0.930071,0.194671,45.524459
22,17,3,SURGE,62.723334,125.888087,1.113283,0.956471,0.251060,18.447979
22,18,4,SUSTAINED,81.093252,275.427760,1.498487,0.916123,0.272462,57.150116
22,19,4,SUSTAINED,92.988697,310.791345,1.338716,0.989575,0.249721,58.864890
22,20,4,SUSTAINED,82.547825,293.175971,1.350362,0.955905,0.177079,56.073350
22,21,2,ESCALATION,17.229642,48.461211,3.785297,0.546706,0.117507,11.133476
22,22,3,SURGE,51.019822,102.466503,1.309152,0.976095,0.232345,46.409427
22,23,3,SURGE,72.880661,188.191332,1.687046,0.950589,0.325080,26.346902
22,24,3,SURGE,58.200799,233.940644,2.118359,0.924007,0.235365,46.056947
22,25,3,SURGE,56.403383,213.212292,1.972211,1.089046,0.287130,40.353111
23,0,0,NORMAL,1.884327,8.568921,2.971062,0.164853,0.008598,0.370366
23,1,0,NORMAL,3.990987,6.731951,3.166992,0.072459,0.036589,0.000000
23,2,1,RECON,10.462577,20.954410,3.315212,0.295808,0.051349,2.676900
23,3,1,RECON,5.777103,15.301058,4.829668,0.230175,0.029333,0.592073
23,4,2,ESCALATION,10.517774,32.333153,2.987942,0.320090,0.000000,4.868265
23,5,2,ESCALATION,11.972753,72.792870,2.431874,0.632139,0.099241,7.873086
23,6,3,SURGE,59.412173,169.396155,1.568010,0.876375,0.202769,47.935155
23,7,4,SUSTAINED,76.415498,304.364791,1.174853,0.906620,0.302820,51.273929
23,8,4,SUSTAINED,67.017861,289.241779,1.370091,0.915267,0.400828,60.314114
23,9,4,SUSTAINED,86.361944,355.585949,0.963899,0.821963,0.282155,58.349311
23,10,0,NORMAL,2.275473,11.962730,3.691029,0.139946,0.010604,0.171382
23,11,1,RECON,5.201803,14.883854,3.702884,0.235088,0.035821,0.973482
23,12,2,ESCALATION,14.024978,41.106112,3.464296,0.543961,0.110613,5.770639
23,13,2,ESCALATION,16.805006,60.742936,2.743665,0.661869,0.100320,10.378541
23,14,2,ESCALATION,5.937058,54.025385,3.235194,0.586302,0.116887,6.954239
23,15,2,ESCALATION,17.758641,56.396711,2.463461,0.666414,0.064685,6.249430
23,16,3,SURGE,68.685819,185.679628,1.614952,0.915479,0.112719,32.748208
23,17,4,SUSTAINED,77.147108,307.413077,1.538845,0.933923,0.257694,56.949110
23,18,4,SUSTAINED,78.751492,291.246788,1.872551,0.837965,0.284467,54.977866
23,19,2,ESCALATION,19.499129,62.198865,2.771347,0.459399,0.095522,7.685640
23,20,3,SURGE,58.120009,210.097973,1.801285,0.776974,0.197467,26.011856
23,21,3,SURGE,62.503233,220.210701,0.928201,1.078495,0.219557,41.345646
23,22,3,SURGE,50.130202,178.147026,1.571669,1.185747,0.265056,52.850889
23,23,3,SURGE,63.680100,160.432169,1.923901,0.750189,0.330044,41.600042
23,24,4,SUSTAINED,94.708904,289.784817,1.396184,0.938149,0.328600,49.899855
23,25,3,SURGE,59.285546,201.262627,1.360646,1.022729,0.207490,42.505325
23,26,4,SUSTAINED,67.546272,260.429094,1.203573,1.049060,0.323171,44.646191
23,27,3,SURGE,67.330536,196.151461,1.956506,0.811928,0.267511,46.769388
23,28,4,SUSTAINED,76.591315,300.757885,1.362803,0.949283,0.338960,52.228389
23,29,3,SURGE,79.769754,175.814651,1.272623,0.893420,0.253359,36.906531
23,30,3,SURGE,59.602378,206.992773,0.557005,1.088088,0.242636,44.644981
23,31,4,SUSTAINED,76.231998,279.830524,1.640917,0.920709,0.330323,51.097477
23,32,4,SUSTAINED,78.035599,338.515354,0.633044,0.884217,0.222108,48.474987
23,33,3,SURGE,43.855187,170.634090,0.694114,0.798201,0.310021,43.228705
23,34,3,SURGE,49.972214,138.556602,1.044338,0.895679,0.293409,47.218939
23,35,1,RECON,3.524886,18.122749,3.942926,0.279881,0.090743,0.590400
23,36,1,RECON,7.423498,10.670543,3.685002,0.247096,0.045534,0.723234
23,37,1,RECON,6.332575,20.541877,3.503701,0.308651,0.032011,1.733923
23,38,1,RECON,5.191391,12.062367,4.344268,0.164820,0.026020,1.167101
23,39,1,RECON,6.873938,20.891991,4.618396,0.190108,0.039174,2.217601
24,0,0,NORMAL,1.651227,8.678179,4.296364,0.091407,0.031793,0.667811
24,1,0,NORMAL,0.897863,5.499212,3.072583,0.095486,0.026146,0.876548
24,2,0,NORMAL,1.554320,1.753276,3.535295,0.101289,0.021829,1.131872
24,3,0,NORMAL,2.785061,5.113769,3.243503,0.095258,0.012246,0.650139
24,4,0,NORMAL,0.911692,11.590450,3.551155,0.013546,0.019487,0.584362
24,5,0,NORMAL,1.662524,10.483815,3.593571,0.034247,0.005848,0.836768
24,6,1,RECON,5.645818,25.478534,5.045288,0.368363,0.031774,3.385143
24,7,2,ESCALATION,13.070806,39.975950,2.954070,0.249341,0.127987,5.139288
24,8,2,ESCALATION,12.391898,46.033719,2.345854,0.475816,0.175575,12.155179
24,9,2,ESCALATION,14.873529,62.663018,3.477982,0.375527,0.096902,2.534125
24,10,2,ESCALATION,25.325121,51.201239,1.524994,0.591334,0.063836,6.009952
24,11,2,ESCALATION,16.272771,42.678368,2.410237,0.518875,0.083621,4.672289
24,12,2,ESCALATION,16.697963,47.328448,1.951895,0.648360,0.000000,6.660905
24,13,3,SURGE,61.481789,222.466472,1.950706,0.828760,0.279329,41.566547
24,14,3,SURGE,79.005403,142.448995,1.667799,0.938996,0.263782,36.043385
24,15,3,SURGE,44.396325,197.366848,1.274450,0.832270,0.271437,48.619828
24,16,4,SUSTAINED,86.245449,301.492220,0.932180,0.937102,0.288021,50.820041
24,17,4,SUSTAINED,81.877170,252.280509,0.704542,0.971234,0.267389,56.812247
24,18,3,SURGE,47.290472,143.538510,2.169773,0.935157,0.229038,32.528476
24,19,4,SUSTAINED,70.475421,326.502365,0.966975,1.004677,0.283975,48.739899
24,20,4,SUSTAINED,59.006666,296.376943,1.148964,0.991237,0.224548,61.971198
24,21,3,SURGE,72.520436,197.891145,1.905559,0.752876,0.285652,33.830698
24,22,4,SUSTAINED,71.006876,300.165934,0.952710,0.968804,0.227670,42.237415
24,23,4,SUSTAINED,87.230401,268.521095,1.199100,1.000975,0.316768,55.889339
24,24,0,NORMAL,1.269288,8.093535,3.491076,0.086362,0.016102,0.521860
24,25,0,NORMAL,0.951572,10.405388,3.011807,0.089088,0.017047,0.607431
24,26,0,NORMAL,2.890910,5.969029,4.109982,0.076092,0.019512,1.074136
24,27,0,NORMAL,3.238850,8.117135,3.707709,0.103498,0.028479,0.294341
24,28,0,NORMAL,1.361424,8.299131,3.389591,0.135514,0.033047,0.207248
24,29,0,NORMAL,0.563761,14.091119,3.652335,0.123990,0.006598,0.499649
24,30,0,NORMAL,1.747242,11.227117,4.655916,0.052647,0.009779,0.236673
24,31,0,NORMAL,3.042355,7.593417,3.518280,0.059173,0.028900,0.386029
24,32,1,RECON,6.217580,17.060025,4.012027,0.301058,0.065907,3.317194
24,33,1,RECON,6.606628,17.000730,3.633762,0.365399,0.053425,0.861897
24,34,1,RECON,4.834206,15.447711,5.385388,0.347984,0.077463,2.210740
24,35,1,RECON,3.126804,18.059648,4.210443,0.163289,0.039209,1.741374
24,36,1,RECON,5.922700,15.093408,4.575096,0.281792,0.000000,1.612238
24,37,1,RECON,1.636388,18.563456,5.468209,0.223939,0.050043,0.956787
24,38,2,ESCALATION,14.583337,50.699403,3.612580,0.599222,0.064975,6.058166
24,39,4,SUSTAINED,75.007032,236.482701,1.184028,0.875989,0.364651,56.060726
24,40,4,SUSTAINED,74.410941,243.318072,0.870161,1.000816,0.389271,59.358379
24,41,4,SUSTAINED,76.544325,271.305126,1.817930,0.940563,0.384625,63.361117
24,42,4,SUSTAINED,74.672381,279.928646,1.176046,0.946984,0.419850,48.536633
24,43,4,SUSTAINED,84.932062,299.952840,1.233054,0.897760,0.304259,58.068394
24,44,4,SUSTAINED,84.561607,342.378237,1.481090,0.953565,0.253130,51.399968
24,45,3,SURGE,62.523458,180.866690,1.125707,0.781180,0.167441,38.120394
24,46,4,SUSTAINED,71.995795,288.182944,0.799225,0.968988,0.329609,51.703438
24,47,4,SUSTAINED,84.299438,278.580147,0.965180,1.009825,0.335368,58.609300
25,0,2,ESCALATION,21.769178,55.880932,3.406469,0.558074,0.101957,7.174072
25,1,3,SURGE,56.882521,234.715044,0.865417,0.845842,0.352241,34.991356
25,2,3,SURGE,51.174191,213.433827,1.205494,0.881439,0.292443,34.409893
25,3,4,SUSTAINED,86.577835,331.648683,1.242162,1.112063,0.342181,56.949266
25,4,4,SUSTAINED,79.223527,342.789809,1.712860,1.023916,0.331408,47.466039
25,5,4,SUSTAINED,70.068781,255.375864,1.271748,0.976160,0.336135,57.982817
25,6,4,SUSTAINED,72.122779,296.850699,0.747865,0.849832,0.329626,50.481254
25,7,4,SUSTAINED,88.866781,281.420480,1.377093,0.916942,0.226165,55.739856
25,8,3,SURGE,55.599110,279.013725,0.889657,0.938287,0.200260,47.266091
25,9,3,SURGE,63.793443,162.204415,1.193765,0.992725,0.338540,43.842463
25,10,4,SUSTAINED,82.711508,372.824161,1.230727,1.023092,0.270387,54.747484
26,0,4,SUSTAINED,73.523860,329.648532,1.557465,1.025607,0.372157,55.807717
26,1,4,SUSTAINED,90.807928,321.392078,0.905263,0.898318,0.319677,53.936352
26,2,3,SURGE,70.725334,230.361486,2.031949,0.706846,0.262670,45.557508
26,3,3,SURGE,53.451044,166.380594,1.508679,1.062785,0.351129,33.485700
26,4,4,SUSTAINED,84.470383,311.628773,1.319694,0.965187,0.367503,61.614799
26,5,3,SURGE,67.957211,235.694935,1.625987,1.013142,0.259404,41.603742
26,6,3,SURGE,39.817559,196.784064,1.232700,0.781355,0.321701,44.033660
26,7,2,ESCALATION,12.175983,54.442544,3.394862,0.375955,0.099807,10.604199
26,8,2,ESCALATION,14.712151,43.560629,2.719702,0.424756,0.105505,13.770882
26,9,2,ESCALATION,16.458555,79.921196,2.469991,0.772201,0.100213,13.345689
26,10,2,ESCALATION,16.535542,49.015540,2.425575,0.511369,0.135894,7.960666
26,11,3,SURGE,73.881483,187.335088,1.399687,0.999248,0.311258,34.662796
26,12,3,SURGE,63.793589,261.101283,1.958396,0.774815,0.236796,32.555172
26,13,2,ESCALATION,23.022050,28.660990,1.828681,0.375717,0.111492,9.862264
26,14,2,ESCALATION,20.878427,23.553716,3.513002,0.453186,0.129260,4.029724
27,0,0,NORMAL,3.155751,3.244236,3.515376,0.045738,0.025055,0.733165
27,1,0,NORMAL,1.464971,10.781679,4.180451,0.017838,0.026123,0.787553
27,2,0,NORMAL,0.789226,10.828867,2.900246,0.091082,0.019599,0.714661
27,3,0,NORMAL,1.315416,8.296746,4.003195,0.214373,0.004925,0.594603
27,4,1,RECON,7.037622,13.307277,3.660281,0.241073,0.048476,2.258558
27,5,0,NORMAL,1.994232,4.010327,3.863893,0.097352,0.031617,0.287678
27,6,1,RECON,4.931948,24.479763,4.328754,0.280033,0.032593,3.406213
27,7,3,SURGE,52.746057,222.801368,0.757592,1.027459,0.281210,47.193849
27,8,3,SURGE,58.388765,157.474052,1.443970,0.802476,0.274308,46.454239
27,9,3,SURGE,63.717676,236.983014,1.381142,0.852172,0.273684,36.908217
27,10,2,ESCALATION,9.694039,36.775585,3.181246,0.633004,0.060574,10.011843
27,11,3,SURGE,60.165052,256.677777,1.822995,0.979587,0.345440,34.368965
27,12,3,SURGE,52.778777,189.819958,0.558180,0.879257,0.222771,46.270078
27,13,4,SUSTAINED,75.194427,317.698825,1.416979,0.911573,0.280279,41.647821
27,14,3,SURGE,52.575304,202.966647,1.121847,0.848655,0.188733,41.368911
27,15,4,SUSTAINED,83.218923,300.370834,0.737678,0.919002,0.283708,52.580228
27,16,4,SUSTAINED,91.404331,324.362886,0.903745,0.983920,0.325612,50.163595
27,17,4,SUSTAINED,78.716987,257.701395,1.336561,0.960848,0.290893,54.775281
27,18,3,SURGE,66.101305,198.261975,1.566580,0.935714,0.192271,32.845736
27,19,4,SUSTAINED,84.517938,263.633699,1.239771,0.968549,0.324094,47.775899
27,20,4,SUSTAINED,93.362243,351.429440,1.496197,0.966875,0.259796,59.311730
27,21,0,NORMAL,2.560528,6.101470,3.413533,0.108207,0.022463,0.648117
27,22,0,NORMAL,0.656716,12.874355,4.744627,0.122371,0.006760,0.268041
27,23,1,RECON,7.682231,11.935547,4.100534,0.319593,0.067292,1.725119
27,24,2,ESCALATION,18.105988,66.871939,2.750445,0.560786,0.081020,5.462682
27,25,1,RECON,5.774992,20.451843,5.401692,0.194516,0.038959,2.126347
27,26,0,NORMAL,2.783137,7.437802,3.003734,0.103289,0.021703,0.780405
27,27,1,RECON,5.922293,19.601458,4.049422,0.228378,0.055777,1.733500
27,28,3,SURGE,73.421823,225.313565,1.651387,0.891204,0.186944,38.270622
27,29,4,SUSTAINED,81.835652,314.086091,1.476399,0.915392,0.272677,63.705140
27,30,4,SUSTAINED,76.873832,296.783665,1.169186,0.951579,0.318907,70.209956
27,31,3,SURGE,66.625982,132.540932,1.306040,1.022882,0.270116,4.887083
27,32,3,SURGE,79.181644,120.163697,2.107755,0.622804,0.296900,39.930811
27,33,3,SURGE,64.461378,246.033590,1.645555,0.958483,0.229416,25.108882
27,34,2,ESCALATION,23.748770,66.943713,1.607275,0.272766,0.066161,3.221074
27,35,3,SURGE,63.934158,142.789869,1.810851,0.960110,0.222592,38.619824
28,0,1,RECON,5.337495,19.894385,4.395393,0.273566,0.055724,2.801626
28,1,2,ESCALATION,16.587974,47.207434,2.411945,0.578432,0.077791,9.158441
28,2,3,SURGE,56.960653,186.874287,1.296752,0.735420,0.269145,41.852375
28,3,3,SURGE,54.685431,275.815345,1.348106,0.812489,0.200316,26.128621
28,4,3,SURGE,73.710674,224.029807,1.141564,1.081127,0.232414,37.847793
28,5,3,SURGE,66.589106,288.044126,1.599489,0.860297,0.219410,25.224031
28,6,3,SURGE,71.445933,223.953367,1.508123,0.800507,0.261344,48.102510
28,7,3,SURGE,61.667352,168.121694,1.846873,0.586810,0.269142,60.562576
28,8,4,SUSTAINED,78.069044,299.762670,1.061225,1.001819,0.318898,55.913802
28,9,4,SUSTAINED,80.134006,395.395935,1.245404,0.959764,0.231581,51.739298
28,10,4,SUSTAINED,69.316345,235.273285,1.209695,1.018537,0.301695,52.983252
28,11,3,SURGE,64.522541,226.451004,0.787307,1.013453,0.288285,49.058528
28,12,3,SURGE,66.536827,220.828836,1.847389,0.718124,0.174947,34.111937
28,13,3,SURGE,63.881369,212.987266,1.946842,1.014850,0.206381,41.908609
28,14,4,SUSTAINED,78.494024,309.653741,0.177386,1.070562,0.322656,51.425780
28,15,4,SUSTAINED,77.220551,303.975582,1.053865,1.032600,0.295801,55.896905
28,16,4,SUSTAINED,84.681116,298.369558,1.533117,1.076924,0.312696,55.700561
28,17,4,SUSTAINED,90.483436,282.024068,1.116505,0.873128,0.252645,51.893200
28,18,0,NORMAL,3.769083,9.607978,3.043961,0.063601,0.033747,0.837983
28,19,1,RECON,4.114947,23.624664,3.405338,0.339203,0.095453,2.164285
28,20,1,RECON,5.820737,15.649956,3.084707,0.370104,0.072357,1.751275
28,21,2,ESCALATION,10.192173,47.750966,2.462579,0.348345,0.175687,9.399478
28,22,2,ESCALATION,19.416998,61.565543,2.552134,0.540883,0.089239,9.315391
28,23,1,RECON,4.234679,11.353506,4.316990,0.279573,0.012193,2.406129
28,24,1,RECON,10.056713,16.044012,3.769030,0.189058,0.054173,2.161855
28,25,0,NORMAL,1.825070,2.064003,3.963188,0.061466,0.019653,0.071992
28,26,0,NORMAL,1.720409,7.966127,3.739866,0.171954,0.027327,0.788649
28,27,0,NORMAL,2.569708,7.889878,4.004556,0.153650,0.026486,0.063612
28,28,2,ESCALATION,13.625729,61.694315,2.787192,0.670530,0.152609,11.597511
28,29,3,SURGE,49.630061,219.305420,1.256988,0.735093,0.235626,50.597896
28,30,4,SUSTAINED,96.142475,305.316904,1.934341,0.958876,0.300899,47.323659
28,31,1,RECON,3.995750,14.764762,5.224984,0.415822,0.072641,1.710247
28,32,1,RECON,4.880291,21.912591,5.442852,0.336815,0.089498,2.717756
28,33,1,RECON,6.657423,26.529701,5.798631,0.418689,0.050513,1.826645
28,34,1,RECON,8.347949,20.168846,4.563625,0.305140,0.043442,1.870292
28,35,1,RECON,8.436200,16.801431,4.242090,0.213462,0.064333,3.093343
28,36,1,RECON,5.406729,20.871771,4.077160,0.352802,0.056279,2.046612
28,37,1,RECON,5.903845,16.529238,4.006003,0.470736,0.104211,1.036506
28,38,1,RECON,3.085694,17.483558,4.916624,0.359125,0.053441,2.423148
28,39,2,ESCALATION,13.779386,49.698582,1.849470,0.325803,0.055137,10.292325
28,40,0,NORMAL,2.611061,2.481035,2.758217,0.133161,0.000000,0.867389
28,41,0,NORMAL,2.843345,5.334246,4.024452,0.260408,0.000000,0.708613
28,42,0,NORMAL,1.384069,9.280307,3.396614,0.106489,0.010883,0.734162
28,43,1,RECON,7.483275,15.953748,3.077847,0.459494,0.048653,3.526109
28,44,1,RECON,3.403709,17.575051,4.296830,0.452630,0.058750,2.141034
28,45,1,RECON,4.898886,24.522960,4.202964,0.260500,0.038710,1.556988
29,0,0,NORMAL,3.498420,7.380202,3.852206,0.000000,0.025683,0.451594
29,1,0,NORMAL,2.180960,6.512524,2.438063,0.146112,0.022430,0.405817
29,2,0,NORMAL,0.530142,8.671678,4.306720,0.110158,0.006172,0.567535
29,3,0,NORMAL,2.864044,9.820200,2.007089,0.127262,0.009965,0.073481
29,4,0,NORMAL,2.410971,3.077796,3.852288,0.138167,0.020470,0.239713
29,5,0,NORMAL,3.025932,3.466332,4.032235,0.091740,0.019042,0.000000
29,6,0,NORMAL,0.696494,9.840757,2.831795,0.124932,0.020890,0.306873
29,7,0,NORMAL,0.000000,9.040042,4.309718,0.171997,0.023898,0.409496
29,8,0,NORMAL,1.697074,9.631422,3.096378,0.137871,0.041332,0.481435
29,9,0,NORMAL,0.655255,10.329697,3.470127,0.143842,0.014664,0.749187
29,10,0,NORMAL,1.267496,6.797005,2.901473,0.199468,0.019036,0.693354
29,11,0,NORMAL,0.948072,7.298358,4.050596,0.073963,0.011295,0.546639
29,12,0,NORMAL,2.090052,9.497068,4.321424,0.117688,0.026440,0.715783
29,13,0,NORMAL,1.036668,4.748311,2.833927,0.139773,0.022901,0.523849
29,14,0,NORMAL,4.055477,5.317184,4.525906,0.027538,0.011876,0.000000
29,15,1,RECON,2.797486,12.634999,3.101989,0.377736,0.064229,3.449627
29,16,1,RECON,5.437639,11.553324,3.931969,0.248115,0.059289,2.813617
29,17,2,ESCALATION,10.785939,64.977019,2.773549,0.451310,0.071660,6.320193
29,18,2,ESCALATION,16.537054,52.619178,2.642652,0.866897,0.152200,5.836814
29,19,3,SURGE,57.857555,205.834879,1.219510,0.943882,0.322604,29.490975
29,20,4,SUSTAINED,76.134732,286.896133,1.799540,1.000085,0.337773,53.413806
29,21,0,NORMAL,0.548295,10.345221,3.745527,0.164300,0.017892,0.457466
29,22,0,NORMAL,2.891898,3.589353,3.868028,0.098975,0.009414,0.000000
29,23,1,RECON,7.895426,26.373423,4.484301,0.496201,0.049141,2.762643
29,24,2,ESCALATION,12.427006,39.837363,1.563683,0.693064,0.074335,5.595684
29,25,1,RECON,4.591281,26.817462,5.875023,0.133913,0.042911,1.172514
29,26,3,SURGE,62.865935,174.537227,1.529029,0.852258,0.330712,44.375676
29,27,3,SURGE,33.330825,197.328453,2.333284,1.032613,0.157646,37.492593
29,28,4,SUSTAINED,93.688812,307.328348,0.969661,0.951708,0.195705,48.490232
29,29,4,SUSTAINED,86.765403,241.760576,1.085653,1.000484,0.241942,56.375097
29,30,4,SUSTAINED,93.715043,293.095914,1.148520,0.992748,0.246946,53.674701
29,31,4,SUSTAINED,78.888705,325.452193,1.366248,0.912566,0.305468,63.942650
29,32,4,SUSTAINED,81.161334,294.205180,1.181098,0.868467,0.356431,50.353889
29,33,3,SURGE,53.786234,174.979814,1.985249,0.999388,0.260433,46.089204
29,34,3,SURGE,59.916324,173.535024,1.861626,0.830659,0.324258,37.473327
29,35,4,SUSTAINED,86.069824,300.715933,1.110628,0.948499,0.335753,51.022887
29,36,3,SURGE,60.102867,234.583408,1.460062,1.080830,0.242173,38.098531
29,37,3,SURGE,46.833586,158.530926,1.287733,1.013583,0.248344,36.122846
29,38,3,SURGE,75.511771,250.215298,1.158764,0.850475,0.340687,41.929118
29,39,4,SUSTAINED,85.746784,330.218972,1.028565,0.960972,0.337062,48.038277
29,40,4,SUSTAINED,71.084883,270.492585,1.031070,0.973856,0.287119,51.109491
30,0,0,NORMAL,3.131387,7.762388,3.398676,0.118672,0.000000,0.661045
30,1,0,NORMAL,1.877324,7.642625,3.871804,0.182267,0.029750,0.000000
30,2,1,RECON,10.143860,21.112205,3.276318,0.328183,0.024386,2.986243
30,3,1,RECON,5.148487,13.711100,3.762842,0.448615,0.052069,1.552638
30,4,2,ESCALATION,5.641493,31.230790,2.867176,0.647035,0.077586,12.711631
30,5,3,SURGE,57.619883,156.816931,1.896305,1.109751,0.161909,37.230703
30,6,3,SURGE,45.530545,222.667356,1.988589,0.907823,0.277513,54.087219
30,7,3,SURGE,59.380328,178.704886,1.132008,0.997696,0.181411,37.979408
30,8,3,SURGE,54.969975,211.192811,2.525805,0.887840,0.228230,48.122655
30,9,3,SURGE,74.393358,206.587505,1.400631,0.721628,0.169013,25.314410
30,10,4,SUSTAINED,69.102004,337.667321,1.209074,0.937791,0.266246,58.733552
30,11,0,NORMAL,1.014622,11.565050,3.677311,0.088254,0.026414,0.502680
30,12,0,NORMAL,1.183152,14.211196,3.210190,0.177801,0.018111,0.742129
30,13,0,NORMAL,3.146852,5.478129,4.037818,0.192322,0.017413,0.510412
30,14,0,NORMAL,1.653564,13.134268,2.997883,0.052894,0.036109,0.687365
30,15,0,NORMAL,1.549561,8.378843,3.169662,0.107165,0.002259,0.705486
30,16,0,NORMAL,1.942445,6.828907,3.052623,0.136386,0.008289,0.653569
30,17,1,RECON,7.971043,10.474360,3.770610,0.342145,0.048594,0.880475
30,18,1,RECON,4.979966,27.571627,3.997417,0.416800,0.024658,1.177593
30,19,1,RECON,7.167462,13.213036,4.219262,0.161842,0.046376,2.669538
30,20,1,RECON,4.501931,12.351023,3.681313,0.475811,0.051458,1.198154
31,0,2,ESCALATION,9.929202,70.405096,2.714511,0.783610,0.096186,7.892064
31,1,4,SUSTAINED,58.619299,306.148180,1.185304,1.024302,0.338587,48.197850
31,2,4,SUSTAINED,66.851150,337.264159,1.121306,0.904777,0.307884,53.783384
31,3,3,SURGE,63.406220,208.226357,1.860259,1.009287,0.289180,51.355708
31,4,2,ESCALATION,15.838257,68.587581,2.745462,0.504987,0.168863,12.865772
31,5,1,RECON,4.092897,25.315868,4.840335,0.331558,0.043563,2.265357
31,6,0,NORMAL,1.335662,8.387127,3.632712,0.081230,0.029038,0.886650
31,7,0,NORMAL,1.723752,10.267465,3.538981,0.038213,0.026727,0.543839
31,8,0,NORMAL,3.457271,10.133450,3.624585,0.108186,0.009963,0.000000
31,9,0,NORMAL,1.952283,1.683382,3.227839,0.087619,0.017846,0.301483
31,10,0,NORMAL,3.723894,9.986436,3.219850,0.096583,0.019717,0.269613
31,11,2,ESCALATION,20.052620,43.703234,2.143182,0.493529,0.104720,2.081887
31,12,2,ESCALATION,19.339900,56.768441,4.137877,0.687666,0.157957,16.400258
31,13,2,ESCALATION,15.815351,64.606104,2.464458,0.516153,0.074091,9.193954
32,0,1,RECON,4.724577,8.362394,3.035554,0.185273,0.032341,2.331539
32,1,2,ESCALATION,20.326397,61.292027,3.443142,0.591259,0.108387,11.298055
32,2,2,ESCALATION,16.880477,69.066078,1.392527,0.456431,0.087768,11.458049
32,3,2,ESCALATION,7.749103,71.167508,2.097133,0.328818,0.090629,7.045381
32,4,2,ESCALATION,18.249390,60.191036,3.432425,0.434982,0.098417,7.908719
32,5,3,SURGE,31.657552,161.722226,1.502216,0.791443,0.237084,38.991396
32,6,3,SURGE,60.644689,225.125971,1.405493,0.854681,0.241712,39.940509
32,7,3,SURGE,64.615539,181.959951,2.004614,0.959105,0.308503,31.911970
32,8,0,NORMAL,0.757542,5.884426,4.126053,0.174375,0.008519,0.362517
32,9,0,NORMAL,2.585606,2.720569,2.698500,0.124481,0.000510,0.365961
32,10,0,NORMAL,2.415666,7.574846,3.317122,0.142229,0.022852,0.305895
32,11,1,RECON,5.766338,26.591186,4.829059,0.421456,0.037788,1.580654
32,12,1,RECON,4.712855,12.959875,5.212747,0.388335,0.043886,2.513369
32,13,1,RECON,6.439656,11.278464,4.083471,0.294196,0.062473,1.497250
33,0,2,ESCALATION,14.694760,50.958263,3.810249,0.587412,0.103261,7.902826
33,1,2,ESCALATION,12.049448,47.895743,2.146445,0.712836,0.115700,5.877430
33,2,2,ESCALATION,17.548254,46.239216,2.479318,0.401859,0.113558,6.925837
33,3,3,SURGE,46.639382,203.105623,1.427511,0.867835,0.259939,45.984018
33,4,3,SURGE,65.527285,190.373189,1.273201,0.795608,0.220342,40.157201
33,5,3,SURGE,60.960571,161.381733,0.835603,0.981941,0.226279,33.303731
33,6,3,SURGE,64.230360,254.996308,1.338770,0.878444,0.303582,25.516434
33,7,4,SUSTAINED,99.552802,218.809874,1.170749,0.914053,0.289409,52.489690
33,8,1,RECON,4.774860,13.445464,4.062252,0.351478,0.026326,0.683013
33,9,1,RECON,3.715147,17.313235,3.881764,0.354809,0.085456,2.463947
33,10,1,RECON,2.231753,16.005176,3.985413,0.127805,0.066387,1.130944
33,11,1,RECON,8.641265,16.758732,4.551178,0.176805,0.062474,1.601446
33,12,1,RECON,4.421330,15.671260,3.939872,0.394968,0.034294,3.388018
33,13,1,RECON,8.230861,12.917447,4.199189,0.250980,0.043125,2.641086
33,14,1,RECON,7.381049,15.975718,4.347404,0.221792,0.030169,1.082959
33,15,1,RECON,5.499211,8.440924,4.162917,0.451603,0.072438,1.531853
33,16,1,RECON,5.919661,6.412859,5.088123,0.278641,0.086626,0.618428
33,17,1,RECON,4.798982,16.344747,3.104125,0.359575,0.063523,3.428102
33,18,2,ESCALATION,12.030523,34.942061,1.978905,0.720984,0.068873,12.440690
33,19,3,SURGE,58.743868,221.002882,1.631961,0.869313,0.283034,39.876234
33,20,4,SUSTAINED,85.568038,295.680837,0.960500,0.979991,0.297441,57.933460
33,21,4,SUSTAINED,70.327030,352.052219,1.663983,0.994189,0.284488,53.198092
33,22,4,SUSTAINED,77.169360,281.023319,1.761670,0.947616,0.370737,46.609649
33,23,4,SUSTAINED,96.568661,300.892522,1.120799,0.891612,0.343294,50.379232
33,24,4,SUSTAINED,70.123982,346.706838,1.546466,0.948421,0.253834,64.215442
33,25,4,SUSTAINED,71.158361,247.136460,1.006210,0.877268,0.275087,59.466452
33,26,4,SUSTAINED,82.845547,278.299960,1.219551,1.046045,0.286061,57.306577
33,27,4,SUSTAINED,92.160849,285.683801,1.515160,0.943841,0.324463,59.026075
34,0,4,SUSTAINED,86.223474,288.293841,1.304867,0.926900,0.301999,48.551838
34,1,1,RECON,5.088376,15.299232,4.155978,0.313400,0.037673,1.896993
34,2,2,ESCALATION,26.728665,65.886780,2.963856,0.675817,0.020830,0.326961
34,3,3,SURGE,46.214359,190.535779,1.582263,0.992041,0.193087,43.197045
34,4,0,NORMAL,2.347509,6.440684,4.191568,0.094825,0.037742,0.262883
34,5,2,ESCALATION,14.701658,45.083864,3.179389,0.455124,0.000000,0.000000
34,6,2,ESCALATION,21.151292,78.310114,2.789483,0.306105,0.083217,8.034274
34,7,2,ESCALATION,23.242874,83.592543,3.086968,0.498370,0.048201,12.639302
34,8,3,SURGE,57.108356,219.246964,1.265715,0.914688,0.177877,48.696698
34,9,3,SURGE,71.588009,191.954553,1.445520,0.778768,0.287988,32.993280
35,0,0,NORMAL,2.121224,2.881709,3.384597,0.139762,0.016217,0.432580
35,1,0,NORMAL,1.874040,4.908453,3.481827,0.149704,0.009488,0.387655
35,2,0,NORMAL,2.941382,7.722925,3.074900,0.104613,0.007964,0.189951
35,3,0,NORMAL,0.933221,12.072013,3.133441,0.123311,0.011637,0.727860
35,4,0,NORMAL,2.039228,8.158554,4.663903,0.131521,0.014071,0.705515
35,5,0,NORMAL,0.370364,5.472554,3.381551,0.079146,0.016672,0.108730
35,6,0,NORMAL,0.577391,7.399362,4.022915,0.098491,0.010206,0.095397
35,7,0,NORMAL,1.242970,8.615693,2.799274,0.140652,0.021155,0.556951
35,8,0,NORMAL,1.562205,5.822550,3.226118,0.090374,0.019090,0.250791
35,9,0,NORMAL,1.439071,9.079477,3.568129,0.159978,0.039555,0.727800
35,10,3,SURGE,67.667743,268.395970,2.240341,0.995117,0.285319,38.358143
35,11,2,ESCALATION,13.310813,59.318774,2.367791,0.471334,0.005793,13.169270
35,12,2,ESCALATION,17.277902,71.866800,2.980176,0.716652,0.050330,15.192130
35,13,2,ESCALATION,16.046012,71.376190,2.098819,0.456708,0.157770,2.398819
35,14,2,ESCALATION,17.660881,79.538387,1.850227,0.741445,0.077621,6.658972
35,15,2,ESCALATION,9.560740,56.052835,2.132601,0.611043,0.073481,4.360899
35,16,2,ESCALATION,16.683536,45.839701,2.820526,0.604431,0.143297,7.069714
35,17,2,ESCALATION,15.380472,57.059744,1.923565,0.366409,0.071233,7.376533
35,18,2,ESCALATION,18.535204,25.923002,1.852169,0.449917,0.092974,3.636068
35,19,2,ESCALATION,12.994781,44.100531,2.891129,0.400763,0.159113,9.464614
35,20,4,SUSTAINED,80.756092,303.720460,1.564416,0.919981,0.330694,55.251127
35,21,4,SUSTAINED,90.327132,305.909379,1.121315,0.975330,0.292782,65.081843
35,22,4,SUSTAINED,76.754859,286.211547,0.836089,0.977828,0.267200,61.588890
35,23,4,SUSTAINED,81.017932,334.506713,0.554326,1.050913,0.282989,55.846572
35,24,4,SUSTAINED,85.809032,308.216518,1.499215,0.975954,0.370435,58.133965
35,25,3,SURGE,69.010788,127.769995,2.544441,0.842566,0.324777,40.214348
35,26,3,SURGE,53.115211,225.029782,1.398724,1.057900,0.271933,47.487541
35,27,4,SUSTAINED,79.315419,312.316549,1.267084,0.998058,0.285364,55.292723
35,28,4,SUSTAINED,61.770488,317.680515,1.099835,0.904384,0.313462,62.364708
35,29,1,RECON,4.729774,22.378705,4.894454,0.291263,0.036138,1.491813
35,30,1,RECON,4.915706,12.769089,2.852110,0.383183,0.039064,2.264310
35,31,1,RECON,2.382151,17.774313,4.063445,0.337974,0.074783,0.936439
35,32,2,ESCALATION,20.157619,47.204344,2.717532,0.562767,0.113793,9.747058
35,33,1,RECON,3.036055,22.951332,5.133427,0.318608,0.020117,1.908203
35,34,1,RECON,2.710800,16.199310,3.072504,0.360729,0.053319,0.683373
35,35,1,RECON,4.886982,20.582071,3.886774,0.219852,0.034583,1.569464
35,36,1,RECON,5.295917,17.046401,3.861344,0.264860,0.100154,1.383420
35,37,1,RECON,11.587708,20.105067,3.096015,0.384269,0.031799,2.727249
36,0,2,ESCALATION,17.832007,64.594842,3.060952,0.433333,0.124454,11.627646
36,1,3,SURGE,78.016426,234.019488,1.584793,0.925149,0.256862,29.990090
36,2,2,ESCALATION,16.105932,43.758723,3.002606,0.503196,0.130948,9.989337
36,3,2,ESCALATION,8.163936,76.860841,2.714865,0.487867,0.086299,6.534765
36,4,4,SUSTAINED,91.088355,313.331802,1.167750,0.980956,0.302952,53.858662
36,5,4,SUSTAINED,76.470738,307.567928,1.261266,0.980147,0.275235,59.260818
36,6,3,SURGE,54.274333,178.842998,1.071179,1.001566,0.201547,34.408669
36,7,4,SUSTAINED,75.435338,294.355719,0.896391,0.991648,0.333869,59.433675
36,8,4,SUSTAINED,80.588713,284.268700,0.955509,1.014495,0.330592,50.840175
36,9,3,SURGE,56.998849,154.871572,1.571061,0.858451,0.202373,28.166940
36,10,4,SUSTAINED,77.028591,297.447151,0.937410,0.982537,0.297378,58.461312
36,11,4,SUSTAINED,73.703059,303.423527,0.821198,0.976972,0.262514,60.509395
36,12,4,SUSTAINED,88.500268,266.321304,0.996669,0.969047,0.346820,64.999653
36,13,4,SUSTAINED,94.701965,291.310064,1.529630,0.902891,0.316808,40.949842
36,14,4,SUSTAINED,83.733414,260.626834,1.328085,0.995323,0.279947,49.186282
36,15,4,SUSTAINED,72.273501,296.963593,1.230627,0.934699,0.366974,50.683577
36,16,3,SURGE,49.587608,202.911103,1.973242,1.013136,0.228987,44.440558
36,17,3,SURGE,54.600608,224.637997,2.244997,0.947170,0.278318,45.377240
36,18,4,SUSTAINED,83.681797,269.497213,1.023034,1.058097,0.289870,50.558955
36,19,4,SUSTAINED,72.418584,286.577426,1.574716,0.952138,0.237536,58.263938
36,20,4,SUSTAINED,92.318812,281.814392,1.515368,1.038785,0.265962,53.840722
36,21,4,SUSTAINED,73.141234,308.108848,1.132524,0.937747,0.301958,55.427588
36,22,4,SUSTAINED,75.209389,283.344848,1.164424,0.947762,0.282446,56.943638
36,23,4,SUSTAINED,74.156270,291.602165,0.943165,1.031460,0.300754,56.060618
36,24,0,NORMAL,1.984221,4.354240,3.415091,0.053150,0.017226,0.000000
36,25,2,ESCALATION,22.319632,62.455966,3.591424,0.708158,0.126919,6.641394
36,26,3,SURGE,71.467446,202.582719,2.497609,0.863490,0.348645,38.745666
36,27,2,ESCALATION,23.483459,34.655751,2.509001,0.345053,0.050802,10.001201
36,28,3,SURGE,60.523663,222.249565,0.757045,1.028677,0.232545,44.259210
36,29,3,SURGE,73.707966,195.805704,0.650545,0.905713,0.260035,31.725913
36,30,3,SURGE,56.389816,146.289842,1.768594,0.843627,0.229681,36.299369
36,31,2,ESCALATION,14.795419,51.186497,2.535618,0.569430,0.153973,9.943582
36,32,3,SURGE,66.062302,144.790294,1.149552,0.879501,0.213707,31.483704
36,33,2,ESCALATION,8.267354,46.152117,2.758344,0.381042,0.103157,6.698499
36,34,4,SUSTAINED,78.706994,320.889926,1.260964,0.879896,0.296374,47.586255
36,35,4,SUSTAINED,74.038953,311.458891,0.797294,0.950735,0.322897,60.445573
36,36,4,SUSTAINED,80.142008,305.524409,1.664138,0.875933,0.263556,71.826775
36,37,4,SUSTAINED,64.872050,282.523496,0.369338,0.962046,0.332391,49.530026
36,38,4,SUSTAINED,87.389233,247.493536,0.803529,0.938594,0.269907,53.236799
36,39,4,SUSTAINED,81.714508,295.523007,1.364757,0.960020,0.308268,46.322156
36,40,4,SUSTAINED,77.353069,295.002051,1.514479,0.914028,0.354047,63.666852
36,41,4,SUSTAINED,72.155034,234.411203,1.523650,0.955569,0.270192,62.041374
36,42,4,SUSTAINED,76.606758,315.746711,0.865919,0.944526,0.343565,56.266664
36,43,4,SUSTAINED,89.068819,300.232150,0.498978,0.894711,0.330533,45.698491
36,44,0,NORMAL,2.338481,12.408712,3.212490,0.067826,0.019476,0.605274
36,45,0,NORMAL,3.049268,5.602569,3.560080,0.122261,0.015998,0.751913
36,46,0,NORMAL,2.788846,8.582312,3.688202,0.068380,0.013692,0.867319
36,47,0,NORMAL,0.977035,8.542590,2.313112,0.071303,0.029610,0.462456
36,48,0,NORMAL,0.000000,6.823239,3.669136,0.123264,0.029624,0.436923
37,0,4,SUSTAINED,78.363828,262.152748,0.645639,0.895741,0.360347,53.376633
37,1,0,NORMAL,1.486504,2.628347,3.968057,0.000000,0.014452,0.483616
37,2,0,NORMAL,1.273530,2.486116,3.099453,0.062562,0.012269,0.791018
37,3,0,NORMAL,2.300979,8.474891,3.980228,0.093343,0.027911,0.448334
37,4,0,NORMAL,0.497059,0.085166,3.688773,0.121559,0.024755,0.342520
37,5,0,NORMAL,1.540122,9.262637,3.797318,0.185937,0.016830,0.304042
37,6,0,NORMAL,3.552367,9.264233,3.726531,0.255835,0.023250,0.109304
37,7,0,NORMAL,1.025218,6.812395,3.298705,0.070649,0.006067,0.977750
37,8,1,RECON,4.549056,21.788189,4.576854,0.327569,0.063700,2.107148
37,9,1,RECON,6.506225,18.813594,4.023684,0.453040,0.040442,2.313051
37,10,1,RECON,3.780884,13.960888,3.916918,0.250778,0.020837,1.478804
37,11,2,ESCALATION,21.329718,58.315870,1.240279,0.596196,0.077674,9.359240
37,12,2,ESCALATION,14.036562,48.466464,2.786545,0.701661,0.099214,11.256608
37,13,3,SURGE,66.670455,128.535247,1.946653,0.854210,0.285786,32.219737
37,14,3,SURGE,79.763887,161.720677,1.958443,0.911842,0.228994,39.641369
37,15,3,SURGE,59.862456,156.690387,1.341822,0.992530,0.262710,28.142636
37,16,4,SUSTAINED,79.943202,283.734442,1.424003,0.941640,0.253374,66.086858
37,17,4,SUSTAINED,79.348918,287.846845,1.553990,0.923756,0.238201,50.927934
37,18,3,SURGE,68.321322,189.799374,2.049302,0.974794,0.236671,38.672721
37,19,3,SURGE,51.681131,200.180203,1.623405,0.731303,0.240534,37.575551
37,20,4,SUSTAINED,65.244024,288.554819,1.055474,0.998004,0.298258,65.776568
37,21,3,SURGE,55.897770,209.586348,1.358372,0.985940,0.183390,33.410432
37,22,2,ESCALATION,21.128782,16.970471,3.624683,0.478980,0.024645,0.000000
37,23,2,ESCALATION,14.901476,49.011529,3.179920,0.417577,0.055678,6.760741
37,24,2,ESCALATION,16.153864,38.162530,3.340868,0.406790,0.065211,6.372825
37,25,2,ESCALATION,14.336018,39.582297,3.355665,0.821412,0.108387,11.701527
37,26,2,ESCALATION,11.971801,50.399513,2.030473,0.469259,0.074952,6.791342
37,27,3,SURGE,57.129032,221.289307,1.452203,0.713563,0.212694,27.844805
37,28,3,SURGE,65.033174,210.261929,1.185038,0.924685,0.226494,30.894196
37,29,4,SUSTAINED,86.544222,328.466864,1.017495,1.008968,0.280257,58.921008
37,30,4,SUSTAINED,78.208143,227.364664,1.109426,0.954554,0.283598,65.537128
37,31,2,ESCALATION,12.182094,36.426911,2.461734,0.654712,0.159121,5.897622
37,32,4,SUSTAINED,70.742971,339.188562,1.536301,0.944701,0.244156,47.160025
37,33,3,SURGE,65.493379,117.354208,1.371476,1.061830,0.239125,51.917105
37,34,4,SUSTAINED,71.325763,291.219861,1.161392,0.902374,0.261205,64.040612
37,35,3,SURGE,70.784361,182.540621,1.489744,0.956184,0.220072,44.543235
37,36,2,ESCALATION,17.198537,12.972048,2.663892,0.628136,0.124892,4.104769
37,37,2,ESCALATION,11.556640,52.793238,1.580840,0.498016,0.112457,7.150888
37,38,2,ESCALATION,16.118621,41.875186,1.638286,0.520012,0.061877,6.264972
37,39,3,SURGE,74.173334,198.477595,1.721626,0.755552,0.262276,39.520752
37,40,3,SURGE,54.595415,190.334495,1.923526,0.890797,0.194558,60.413066
37,41,1,RECON,4.870600,19.733441,4.414094,0.281026,0.046305,1.812055
37,42,2,ESCALATION,25.751096,46.700136,3.158159,0.449802,0.085809,6.633669
37,43,4,SUSTAINED,78.715031,287.789770,1.551457,0.890165,0.276914,49.609357
37,44,2,ESCALATION,10.652958,58.434498,3.382097,0.478082,0.044928,3.907538
37,45,4,SUSTAINED,69.915248,311.760798,1.234305,0.968857,0.318863,49.397975
37,46,4,SUSTAINED,85.719417,281.119662,0.374955,0.982438,0.258550,57.802815
37,47,4,SUSTAINED,80.134100,329.872975,1.246139,1.029371,0.257516,54.950710
38,0,3,SURGE,55.679605,282.774846,2.348879,0.928207,0.277630,49.533371
38,1,3,SURGE,46.880000,250.256757,1.609595,0.877349,0.250556,20.911668
38,2,3,SURGE,52.469533,236.722865,1.898012,0.957668,0.269773,28.021226
38,3,3,SURGE,66.293979,249.807706,2.347284,0.730744,0.230576,34.061867
38,4,3,SURGE,60.134019,190.636717,1.911042,0.789859,0.197944,31.806198
38,5,3,SURGE,47.714098,198.057140,1.433804,0.821348,0.293688,39.523996
38,6,4,SUSTAINED,78.439601,299.274153,1.031165,0.949648,0.328489,52.531995
38,7,4,SUSTAINED,73.498024,322.771517,1.026028,0.992584,0.302439,64.125722
38,8,4,SUSTAINED,68.190586,281.513483,0.784617,0.880863,0.324862,54.974927
38,9,4,SUSTAINED,76.904299,282.082870,1.695111,0.913225,0.247115,59.776304
38,10,4,SUSTAINED,96.310190,284.213831,1.453795,1.004110,0.279147,50.542475
38,11,4,SUSTAINED,84.599135,257.681697,0.861469,0.823178,0.323815,53.429037
38,12,4,SUSTAINED,66.468447,267.056929,1.056612,0.916384,0.304713,58.500809
38,13,4,SUSTAINED,79.839864,333.462080,0.951008,0.866253,0.285908,45.413670
38,14,4,SUSTAINED,73.756367,241.371858,1.720808,0.923122,0.234495,60.389031
38,15,4,SUSTAINED,88.721328,277.998170,1.037731,0.967242,0.323729,59.610902
38,16,4,SUSTAINED,84.228934,322.368858,1.260171,0.942867,0.242188,58.595045
38,17,4,SUSTAINED,76.691073,338.332991,0.771650,1.032202,0.299109,56.905109
38,18,4,SUSTAINED,66.663417,295.811703,1.300423,0.983811,0.292079,41.844761
38,19,4,SUSTAINED,96.416157,267.223920,1.628115,0.903296,0.292702,58.751250
38,20,3,SURGE,75.922151,203.029134,1.684340,0.873239,0.282936,52.630342
38,21,3,SURGE,77.297128,175.536168,1.805638,0.948911,0.196571,41.710478
38,22,3,SURGE,51.468078,214.320097,1.558516,0.892741,0.246571,39.279918
38,23,1,RECON,5.279668,14.780429,6.325448,0.159067,0.038305,1.595406
38,24,2,ESCALATION,8.399327,56.388834,2.949036,0.550040,0.149454,11.647488
38,25,2,ESCALATION,15.970087,22.038470,2.859456,0.380902,0.092545,2.943884
38,26,2,ESCALATION,6.517157,52.224269,2.064097,0.372554,0.146189,9.763754
38,27,2,ESCALATION,22.798636,38.407419,3.699383,0.280174,0.129844,6.519987
38,28,2,ESCALATION,18.072349,64.174273,3.349161,0.532229,0.105278,9.580600
38,29,2,ESCALATION,17.706779,53.059992,3.305670,0.255919,0.094749,3.848461
38,30,3,SURGE,76.419302,181.036609,1.550901,0.975649,0.146614,35.823116
38,31,4,SUSTAINED,56.824042,270.695745,1.530257,1.000150,0.314973,60.293186
38,32,4,SUSTAINED,84.443159,290.530389,1.234744,0.918381,0.350539,64.129356
39,0,2,ESCALATION,10.231130,69.154605,3.126344,0.549288,0.074655,9.276991
39,1,4,SUSTAINED,85.072499,341.366601,1.689314,0.985426,0.244719,56.183981
39,2,4,SUSTAINED,73.051107,298.224553,1.624057,0.980857,0.399206,50.602784
39,3,4,SUSTAINED,89.793003,264.123641,1.140970,0.946718,0.341440,58.685608
39,4,4,SUSTAINED,76.780553,336.450121,2.407747,0.984564,0.303987,47.212822
39,5,4,SUSTAINED,78.290318,283.961993,1.195177,1.038901,0.349887,54.047004
39,6,3,SURGE,73.373676,198.037829,0.809400,0.971243,0.301284,20.592733
39,7,4,SUSTAINED,79.116368,322.035327,1.045276,0.908393,0.329087,52.190066
39,8,4,SUSTAINED,71.107875,259.430009,1.426581,0.962626,0.336898,51.804442
39,9,4,SUSTAINED,90.885751,254.311237,1.575438,1.016025,0.334404,50.873155
39,10,3,SURGE,57.899442,148.198413,1.115322,0.964473,0.282467,31.603401
39,11,2,ESCALATION,17.271517,72.648294,3.141482,0.658787,0.119083,10.939787
39,12,3,SURGE,58.782555,198.440689,1.402500,0.944389,0.281719,43.138057
39,13,4,SUSTAINED,74.114159,332.915582,1.304920,0.899069,0.292252,44.540202
39,14,4,SUSTAINED,84.056864,294.048602,1.027660,1.029230,0.253754,59.238358
39,15,4,SUSTAINED,88.618143,299.053837,0.859779,0.881897,0.283538,50.877996
39,16,3,SURGE,56.736865,195.910116,1.694085,0.776220,0.215888,38.722623
39,17,3,SURGE,78.364237,209.289864,0.854564,0.941818,0.277283,38.998976
39,18,4,SUSTAINED,94.064438,267.903483,1.398232,0.960003,0.324032,65.241148
39,19,4,SUSTAINED,75.530686,333.179768,1.010670,0.958178,0.248277,48.800313
40,0,1,RECON,5.994575,13.902855,5.223750,0.264804,0.027528,2.060644
40,1,1,RECON,7.537890,18.002651,4.078659,0.359180,0.029901,0.968677
40,2,2,ESCALATION,9.501646,33.499848,3.302054,0.578760,0.049847,6.142592
40,3,4,SUSTAINED,94.210554,327.180313,1.073747,0.978810,0.245753,50.964123
40,4,0,NORMAL,2.452231,7.707623,3.624007,0.103917,0.018364,0.411156
40,5,0,NORMAL,2.231938,9.232447,3.599180,0.041070,0.010011,0.619665
40,6,1,RECON,5.304831,15.941658,4.379472,0.186318,0.076179,2.149275
40,7,3,SURGE,58.332045,178.918551,2.024668,0.879776,0.257768,44.589812
40,8,4,SUSTAINED,81.549676,308.233067,0.733776,0.962635,0.298170,55.779798
40,9,4,SUSTAINED,82.073359,340.120297,0.846148,0.932892,0.326665,57.885555
40,10,4,SUSTAINED,102.028618,318.424066,1.539281,0.934646,0.260284,53.114095
40,11,3,SURGE,64.068279,216.130055,1.414262,0.862620,0.241007,45.795804
40,12,4,SUSTAINED,71.950067,322.870277,1.004784,0.973446,0.292321,64.394731
40,13,4,SUSTAINED,81.428895,318.197795,0.937812,0.946357,0.289337,51.917119
40,14,3,SURGE,71.120146,176.057971,1.726563,0.931460,0.180151,44.153356
40,15,4,SUSTAINED,85.024735,284.784251,1.202510,0.885286,0.304895,60.561703
40,16,4,SUSTAINED,75.142663,313.638631,1.343885,0.828291,0.380616,58.171321
40,17,4,SUSTAINED,78.851676,244.339395,1.402417,0.921741,0.321757,53.687194
40,18,0,NORMAL,1.225004,10.593167,2.905810,0.212278,0.042379,0.989810
40,19,0,NORMAL,1.915452,11.499640,3.451912,0.022324,0.035032,0.838647
40,20,0,NORMAL,0.774816,6.241398,2.589427,0.147254,0.003967,0.586049
40,21,0,NORMAL,0.573297,8.715065,3.333100,0.141909,0.007324,0.272806
40,22,1,RECON,8.423421,7.078267,5.638554,0.508360,0.051855,1.340937
40,23,2,ESCALATION,19.367871,42.284165,2.942580,0.498087,0.077247,6.421422
40,24,2,ESCALATION,10.115559,56.775940,2.517053,0.519105,0.155359,7.495424
40,25,2,ESCALATION,6.039836,42.944555,2.816613,0.788500,0.021602,7.711370
40,26,2,ESCALATION,11.074898,46.807418,2.999043,0.527676,0.162631,9.345421
40,27,1,RECON,4.279983,14.297373,4.019421,0.184090,0.059670,1.691298
40,28,0,NORMAL,2.498658,4.568853,3.885251,0.076083,0.031591,0.382179
40,29,0,NORMAL,2.179562,10.231706,3.554973,0.016830,0.030088,0.473695
40,30,0,NORMAL,2.690246,5.680111,3.042602,0.132768,0.016968,0.780929
40,31,0,NORMAL,3.023410,9.269913,3.643987,0.081299,0.022324,0.857856
40,32,0,NORMAL,2.531174,8.139080,3.562302,0.186171,0.032017,0.523821
40,33,0,NORMAL,1.298129,7.481085,3.654699,0.142531,0.027492,0.167222
40,34,0,NORMAL,1.911226,5.039026,4.168192,0.173164,0.022637,0.712638
41,0,4,SUSTAINED,85.824548,260.169352,1.802942,1.003283,0.279619,48.822250
41,1,4,SUSTAINED,77.773920,309.899861,1.423022,0.921678,0.255356,57.314911
41,2,4,SUSTAINED,81.168766,259.700207,1.124345,0.985748,0.324237,50.269852
41,3,3,SURGE,60.157637,222.441312,1.662070,0.848784,0.264891,52.018844
41,4,2,ESCALATION,6.834260,53.048005,4.026374,0.306891,0.101189,7.320994
41,5,2,ESCALATION,15.971261,67.099580,2.850870,0.691589,0.095294,6.949590
41,6,3,SURGE,41.829130,211.031256,2.321600,0.945824,0.284337,36.695749
41,7,3,SURGE,69.846415,280.347746,2.095179,0.980524,0.251758,41.677751
41,8,1,RECON,2.103665,12.366008,4.239840,0.270801,0.020611,1.970141
41,9,0,NORMAL,0.827151,6.889463,3.339523,0.069168,0.029267,0.000000
41,10,0,NORMAL,2.003286,8.288382,3.702108,0.073051,0.010821,0.497805
41,11,0,NORMAL,3.551071,7.027318,3.473407,0.223771,0.018052,0.666847
41,12,0,NORMAL,2.731402,8.868462,3.596920,0.105017,0.014240,0.597656
41,13,0,NORMAL,3.210682,8.911754,3.927915,0.056541,0.017395,0.784355
41,14,0,NORMAL,1.229134,6.549235,4.590688,0.104813,0.038234,0.562057
41,15,0,NORMAL,1.694509,10.827665,4.178889,0.048250,0.016475,0.774524
42,0,2,ESCALATION,20.517266,43.255369,2.927420,0.318729,0.064181,8.372496
42,1,3,SURGE,50.331239,171.361043,1.073982,0.945506,0.151618,31.907382
42,2,3,SURGE,64.190206,127.890658,1.512692,1.063952,0.333672,25.552739
42,3,3,SURGE,50.110287,152.274559,1.454612,1.022829,0.279983,34.278873
42,4,3,SURGE,37.562917,169.882168,1.170443,0.907832,0.239859,38.868231
42,5,3,SURGE,60.224072,221.605239,1.559732,0.871565,0.270087,46.608988
42,6,4,SUSTAINED,79.524778,334.857197,0.869172,1.040235,0.246434,52.927812
42,7,4,SUSTAINED,97.503416,284.899499,1.049748,0.931463,0.303824,53.029349
42,8,4,SUSTAINED,51.766320,301.714795,1.205342,1.001928,0.352362,53.873752
42,9,4,SUSTAINED,71.187450,323.020270,1.028257,0.890765,0.292576,63.402835
42,10,4,SUSTAINED,91.971905,277.538019,1.514355,0.917392,0.309013,56.300097
42,11,4,SUSTAINED,82.005925,277.824464,1.464092,1.036583,0.276648,43.988608
42,12,4,SUSTAINED,77.350557,296.066914,1.366853,0.927180,0.289246,54.399283
42,13,4,SUSTAINED,80.240557,262.929793,0.841236,0.956961,0.254823,45.626179
42,14,1,RECON,6.368997,16.159317,4.434927,0.318812,0.062048,2.483800
42,15,2,ESCALATION,14.527729,46.392516,3.110743,0.438432,0.101448,10.252100
42,16,2,ESCALATION,8.510995,72.618791,3.476192,0.482215,0.092078,0.000000
42,17,0,NORMAL,0.646731,8.663689,3.576435,0.134793,0.033967,0.492119
42,18,0,NORMAL,2.232451,4.069351,3.218964,0.081363,0.025921,0.215825
42,19,0,NORMAL,1.838960,6.655638,3.905708,0.132066,0.031666,0.400692
42,20,1,RECON,2.272006,11.058078,3.228959,0.300921,0.074048,1.518286
42,21,1,RECON,4.567964,20.864141,3.817900,0.246658,0.023092,1.542623
42,22,2,ESCALATION,15.454630,38.902182,3.541686,0.412218,0.156798,12.210821
42,23,2,ESCALATION,7.507252,84.342509,3.032366,0.451417,0.138245,10.106908
42,24,4,SUSTAINED,74.701218,309.554202,0.844239,0.983317,0.299082,56.686056
42,25,4,SUSTAINED,77.992089,273.953065,1.437129,1.024485,0.277733,58.321243
42,26,4,SUSTAINED,80.064782,254.202128,0.809521,0.910951,0.214440,63.448184
42,27,4,SUSTAINED,79.760312,234.292925,0.652839,0.949883,0.378820,50.808135
42,28,4,SUSTAINED,76.160781,301.657178,1.564405,0.932702,0.272396,63.508423
42,29,4,SUSTAINED,88.729641,279.442533,1.622002,0.963681,0.317392,55.789776
42,30,4,SUSTAINED,79.986538,286.722293,1.487864,0.939847,0.240140,44.923458
42,31,4,SUSTAINED,84.943766,265.454871,1.290026,0.956829,0.297412,57.630431
42,32,3,SURGE,32.902703,187.054990,1.670041,1.064028,0.334323,29.094796
42,33,3,SURGE,44.338852,260.795403,1.905142,0.935059,0.258305,51.045049
42,34,2,ESCALATION,20.790223,56.850198,2.590463,0.615069,0.132642,7.428088
42,35,2,ESCALATION,20.666566,74.961742,2.350363,0.460493,0.114037,9.459797
42,36,2,ESCALATION,24.417603,56.331429,3.118830,0.763833,0.082038,7.734704
42,37,3,SURGE,58.276495,140.442899,1.799140,0.942000,0.236147,39.196610
42,38,3,SURGE,48.642039,208.166715,1.779804,0.721773,0.284247,26.607500
42,39,2,ESCALATION,9.183044,71.468699,2.105727,0.252472,0.105334,6.758891
43,0,0,NORMAL,0.008501,4.891277,3.212391,0.140111,0.032955,0.830835
43,1,0,NORMAL,0.000000,9.172559,4.235287,0.161690,0.024629,0.143149
43,2,0,NORMAL,3.933814,3.749811,2.926079,0.147128,0.015688,0.145473
43,3,0,NORMAL,2.461056,6.854597,2.927113,0.202370,0.019755,0.919198
43,4,0,NORMAL,1.479098,6.461177,4.223157,0.173126,0.001231,0.664934
43,5,0,NORMAL,0.966677,8.785238,2.825202,0.076677,0.012015,0.350063
43,6,0,NORMAL,2.179747,4.953300,4.286590,0.124664,0.037946,0.451976
43,7,0,NORMAL,3.758416,6.265821,3.410854,0.136002,0.007623,0.713388
43,8,0,NORMAL,3.269325,10.670134,4.149989,0.094479,0.011373,1.132996
43,9,0,NORMAL,0.573487,9.695384,4.312493,0.109478,0.029993,0.000000
43,10,1,RECON,1.252104,21.902055,2.962215,0.172218,0.060281,2.849459
43,11,1,RECON,6.140345,20.688941,4.027659,0.190529,0.061298,2.490477
43,12,1,RECON,5.624133,12.157500,4.752272,0.299862,0.040345,1.764291
43,13,1,RECON,6.777688,10.909426,3.405211,0.267123,0.082275,2.843424
43,14,1,RECON,7.702694,24.747101,3.260793,0.047854,0.048556,2.897940
43,15,1,RECON,3.258345,26.759896,2.417654,0.263195,0.041656,2.921870
43,16,2,ESCALATION,19.771118,29.741749,3.317571,0.576356,0.033151,1.798959
43,17,2,ESCALATION,14.099503,30.722269,2.675097,0.554606,0.096686,3.344042
43,18,2,ESCALATION,20.021090,44.969338,2.622943,0.553923,0.054815,8.968029
43,19,4,SUSTAINED,79.435726,264.942855,0.864575,1.032286,0.302369,56.244439
43,20,4,SUSTAINED,75.223986,313.836364,1.258241,0.842299,0.308286,57.199353
43,21,3,SURGE,53.447689,110.317251,1.101292,0.790293,0.286835,18.266107
43,22,1,RECON,7.851591,18.036062,4.917053,0.135820,0.017960,3.149794
43,23,1,RECON,5.206549,12.409236,4.280625,0.185406,0.073737,4.182265
43,24,2,ESCALATION,11.825268,11.995125,1.789322,0.733229,0.058832,6.887495
43,25,3,SURGE,74.822898,192.016523,1.338133,0.907162,0.218618,35.409446
43,26,3,SURGE,61.852915,285.264212,1.675540,1.015115,0.196436,44.201258
44,0,0,NORMAL,2.049869,15.221977,4.213990,0.158862,0.027643,1.029008
44,1,1,RECON,7.740566,13.043778,3.748529,0.356139,0.074664,1.077139
44,2,1,RECON,5.195064,17.068170,4.883226,0.643593,0.058386,1.411843
44,3,2,ESCALATION,13.373730,35.896252,3.080530,0.567803,0.081473,13.954865
44,4,1,RECON,4.761138,21.195813,4.913644,0.427758,0.058570,2.840730
44,5,0,NORMAL,2.918082,10.714187,4.256443,0.016578,0.010928,0.746942
44,6,0,NORMAL,2.492006,11.179413,3.211812,0.078490,0.009259,0.343536
44,7,1,RECON,3.634317,14.311609,3.983196,0.271690,0.087483,1.684652
44,8,1,RECON,3.846234,15.052021,2.836504,0.142863,0.025860,2.146957
44,9,1,RECON,1.426671,15.254616,3.106487,0.273572,0.071515,1.642494
45,0,1,RECON,5.915802,14.199541,4.327132,0.217245,0.058410,2.412272
45,1,2,ESCALATION,15.875747,48.236401,3.126806,0.624702,0.119098,7.090420
45,2,1,RECON,3.253874,11.397390,1.643771,0.292986,0.033569,2.318204
45,3,2,ESCALATION,11.764107,57.054049,2.182098,0.561389,0.077719,7.901575
45,4,3,SURGE,69.527970,203.699696,1.174396,0.854196,0.281848,31.829971
45,5,1,RECON,4.228232,17.483191,3.392574,0.114806,0.060415,2.771305
45,6,3,SURGE,63.689262,243.327317,1.738364,0.858333,0.202825,40.647825
45,7,3,SURGE,60.958075,192.794615,1.066939,0.942269,0.273543,41.606577
45,8,4,SUSTAINED,93.433996,281.268636,1.584431,0.913299,0.344358,62.400205
45,9,3,SURGE,76.609631,218.761435,1.149091,0.862584,0.306638,47.384518
45,10,3,SURGE,58.607427,208.140919,1.296958,1.135780,0.261683,39.505502
45,11,4,SUSTAINED,77.078292,330.222828,0.699680,0.927317,0.341963,64.421186
45,12,4,SUSTAINED,72.881427,317.023393,1.013090,0.936571,0.335056,51.735387
45,13,4,SUSTAINED,69.591325,300.298668,0.640973,0.935142,0.244316,64.839634
45,14,3,SURGE,49.418029,210.270347,1.115839,0.869068,0.340173,36.266492
45,15,1,RECON,3.114941,23.730947,1.589387,0.255720,0.049082,1.471138
45,16,1,RECON,7.404055,10.939802,5.874789,0.157674,0.075773,2.119862
45,17,1,RECON,4.181266,17.832436,4.366734,0.207985,0.045321,1.383462
45,18,2,ESCALATION,10.913441,32.750381,2.547907,0.564871,0.104828,13.923034
45,19,2,ESCALATION,17.346705,50.096304,3.289402,0.607470,0.093400,8.517954
45,20,2,ESCALATION,18.068400,21.816859,3.266096,0.496524,0.080518,7.302400
45,21,2,ESCALATION,21.486519,98.502405,3.531922,0.415201,0.125191,10.019987
46,0,0,NORMAL,2.807708,3.164575,3.139551,0.128633,0.020417,0.924882
46,1,0,NORMAL,4.352165,3.386023,2.485418,0.097054,0.008655,0.488373
46,2,0,NORMAL,1.804226,5.472767,3.716328,0.084133,0.031037,0.445888
46,3,0,NORMAL,0.312289,7.483672,2.865398,0.032502,0.025275,0.000000
46,4,0,NORMAL,2.159716,7.868472,2.982617,0.138219,0.019971,0.294171
46,5,0,NORMAL,0.317215,3.094019,2.939907,0.117476,0.019967,0.814694
46,6,0,NORMAL,2.574668,7.658388,3.028477,0.119265,0.019340,0.311264
46,7,0,NORMAL,1.870470,7.538936,3.293703,0.034753,0.020748,0.259186
46,8,1,RECON,4.518600,21.670133,4.348491,0.246886,0.038573,2.508651
46,9,1,RECON,6.594730,8.629921,3.067674,0.248573,0.093402,3.341935
46,10,1,RECON,5.713085,8.688615,4.325407,0.245078,0.033667,2.123842
46,11,1,RECON,6.738599,8.320226,4.260009,0.212090,0.041807,2.243701
46,12,1,RECON,5.328464,16.938309,3.671531,0.252943,0.046909,1.385731
46,13,1,RECON,4.443647,14.943587,5.471874,0.341524,0.042346,2.116688
46,14,1,RECON,4.126457,16.399613,3.202565,0.338735,0.039888,1.715627
46,15,1,RECON,10.918181,14.686924,2.545058,0.140007,0.065186,3.069162
46,16,2,ESCALATION,21.394748,61.123850,2.686312,0.460933,0.107235,10.632367
46,17,1,RECON,3.646383,17.128965,5.785011,0.325121,0.067387,2.431908
46,18,1,RECON,5.217398,22.486953,4.774914,0.326389,0.036125,2.308447
46,19,1,RECON,4.383488,31.393880,2.968759,0.395851,0.032747,2.104956
46,20,1,RECON,3.075262,14.380637,4.185989,0.215278,0.067681,1.572376
46,21,2,ESCALATION,8.354054,22.897527,2.662609,0.264724,0.160731,3.410590
46,22,3,SURGE,64.136199,176.545442,0.892645,1.103996,0.199918,38.429938
46,23,1,RECON,6.420618,20.311762,3.538559,0.267417,0.045462,2.599168
46,24,2,ESCALATION,25.090553,38.612249,2.794750,0.326002,0.048074,5.376715
46,25,3,SURGE,55.857430,160.841399,1.778221,0.821702,0.205309,36.856249
46,26,3,SURGE,62.148762,196.012419,0.926782,0.785729,0.186080,50.454810
46,27,4,SUSTAINED,81.926865,274.151385,1.030689,0.908735,0.264566,57.761806
46,28,4,SUSTAINED,96.649342,337.510795,1.592844,0.983568,0.283094,58.586745
46,29,0,NORMAL,3.630276,9.212838,3.631180,0.106354,0.037403,0.069875
46,30,0,NORMAL,1.813846,3.781553,3.123895,0.017460,0.026537,0.188512
46,31,0,NORMAL,3.134217,5.983949,3.365948,0.034832,0.016116,1.272207
46,32,2,ESCALATION,13.676348,40.824679,2.774420,0.519508,0.083237,9.590178
46,33,2,ESCALATION,10.208062,55.552932,2.098815,0.609353,0.099429,2.516272
46,34,2,ESCALATION,6.574267,60.400430,2.650771,0.777663,0.142853,4.817922
46,35,2,ESCALATION,11.224494,31.681121,3.895443,0.498453,0.137337,7.144907
46,36,2,ESCALATION,14.836865,66.598090,2.986975,0.341400,0.164901,7.121554
46,37,2,ESCALATION,0.852473,59.515994,2.860608,0.514989,0.083887,6.274346
46,38,3,SURGE,64.631609,225.564711,1.407587,0.994894,0.246051,35.966189
46,39,4,SUSTAINED,69.124909,306.981549,0.737345,0.898614,0.219252,53.949298
46,40,3,SURGE,58.829233,225.743415,2.440926,0.940406,0.211739,34.979451
46,41,3,SURGE,53.671054,177.676520,1.894102,1.002616,0.167655,33.454644
46,42,3,SURGE,65.990889,245.723024,2.580787,0.853433,0.229214,44.708560
46,43,3,SURGE,58.590381,183.398476,0.451338,0.912323,0.240882,50.169848
46,44,3,SURGE,47.452525,189.676045,0.663567,0.778908,0.281775,38.021276
46,45,3,SURGE,40.331077,190.301544,1.309795,0.995585,0.283638,45.138017
46,46,3,SURGE,56.319129,253.403233,1.082318,0.791912,0.287637,27.962074
46,47,3,SURGE,61.013132,242.874109,1.476222,0.905605,0.275463,34.698804
46,48,3,SURGE,64.744294,198.828488,1.337074,0.891722,0.329728,36.455853
46,49,3,SURGE,42.925558,198.305882,1.762753,0.983620,0.255411,47.646669
47,0,2,ESCALATION,19.921513,73.549673,2.698184,0.300941,0.126549,10.341660
47,1,4,SUSTAINED,90.250323,358.364174,1.385956,0.961441,0.244601,56.848579
47,2,4,SUSTAINED,81.692080,301.635396,1.341520,0.945133,0.337401,38.661074
47,3,3,SURGE,72.024898,274.801940,1.792785,1.068488,0.258447,40.022901
47,4,3,SURGE,59.968057,168.705701,1.293904,0.788785,0.276419,40.091135
47,5,4,SUSTAINED,75.466530,315.151690,1.434134,0.893474,0.248493,60.727060
47,6,4,SUSTAINED,84.379895,348.507276,1.685770,0.986894,0.328352,68.511445
47,7,4,SUSTAINED,76.285315,325.454755,1.098814,1.011989,0.298426,55.790463
47,8,4,SUSTAINED,75.819912,283.586701,1.281350,0.911272,0.338128,58.919356
47,9,3,SURGE,48.710756,132.020938,1.498326,1.189880,0.313310,35.564430
47,10,4,SUSTAINED,85.820695,258.948353,1.610888,0.941629,0.296373,55.142708
47,11,4,SUSTAINED,73.958543,248.790900,1.296887,0.847817,0.287956,62.121246
47,12,4,SUSTAINED,88.338849,318.610541,1.923100,0.920588,0.315925,52.371277
48,0,0,NORMAL,1.469184,12.221380,3.796570,0.098377,0.025424,0.578379
48,1,0,NORMAL,1.793129,5.895234,3.332464,0.015843,0.028419,0.129451
48,2,0,NORMAL,2.648045,10.518190,2.612674,0.095408,0.024597,0.515605
48,3,3,SURGE,51.781931,118.038355,1.824130,0.846291,0.162073,38.731901
48,4,3,SURGE,47.367474,293.439838,1.164847,0.908701,0.189043,40.332883
48,5,0,NORMAL,0.510506,16.477481,3.252331,0.075277,0.029690,1.044276
48,6,2,ESCALATION,8.994099,53.208635,1.671177,0.635256,0.034592,5.590396
48,7,1,RECON,5.890013,16.695327,5.415267,0.372324,0.062894,1.016479
48,8,2,ESCALATION,10.984674,76.063136,4.013317,0.576898,0.141281,0.000000
48,9,1,RECON,7.204331,22.622551,3.224221,0.270628,0.000000,2.330394
48,10,2,ESCALATION,20.652389,67.740873,2.515380,0.578191,0.091316,8.725725
48,11,4,SUSTAINED,84.979941,250.764443,0.651021,0.943904,0.291550,56.633810
48,12,4,SUSTAINED,95.085533,304.818150,1.269865,0.959862,0.340116,58.456104
48,13,4,SUSTAINED,85.887873,245.261561,0.663946,0.946197,0.292093,58.478859
48,14,4,SUSTAINED,84.654919,262.632142,1.196777,0.882947,0.315474,43.730290
48,15,4,SUSTAINED,68.248005,288.494166,1.468478,0.961369,0.234174,50.965637
48,16,4,SUSTAINED,66.441932,303.529895,1.368090,0.972030,0.324105,54.928535
48,17,0,NORMAL,0.926931,6.679761,2.839326,0.057742,0.020889,0.464658
48,18,0,NORMAL,0.654204,7.624704,2.788134,0.080611,0.016529,0.753464
48,19,1,RECON,4.617361,15.848410,3.079159,0.234790,0.042361,2.059061
48,20,1,RECON,4.530807,16.739119,2.823349,0.353973,0.036082,2.597699
48,21,2,ESCALATION,14.060425,34.650331,2.789981,0.552305,0.087379,6.307885
48,22,3,SURGE,64.975783,186.148414,0.838374,0.945638,0.211634,41.714729
48,23,3,SURGE,41.110526,203.243267,1.705813,0.963715,0.255868,24.182512
48,24,4,SUSTAINED,83.288181,263.900420,0.963671,0.961561,0.327191,52.072223
48,25,4,SUSTAINED,65.657865,268.726230,0.580691,0.905130,0.360323,67.346813
48,26,0,NORMAL,1.361571,7.335080,3.736670,0.021851,0.014275,0.930468
48,27,0,NORMAL,1.250975,8.039581,3.641571,0.068750,0.020770,0.682382
49,0,0,NORMAL,1.958703,12.582357,3.225417,0.033782,0.022502,0.822853
49,1,0,NORMAL,1.902984,3.654820,3.470815,0.161658,0.007659,0.426576
49,2,0,NORMAL,1.302295,8.743769,3.721653,0.121641,0.010232,0.006205
49,3,1,RECON,3.988162,27.191562,5.707608,0.499069,0.031198,2.455495
49,4,1,RECON,6.516708,16.228010,5.223332,0.300047,0.052562,0.769733
49,5,3,SURGE,57.395883,218.591154,1.594045,0.918094,0.247714,46.292798
49,6,4,SUSTAINED,68.358421,317.068668,0.957298,0.883787,0.259110,56.699994
49,7,4,SUSTAINED,62.938536,288.490322,1.550769,0.927435,0.293381,61.257949
49,8,4,SUSTAINED,88.174009,216.823392,1.720057,0.981820,0.398459,50.306044
49,9,4,SUSTAINED,80.057748,291.738830,1.396099,1.003746,0.296508,53.555752
49,10,4,SUSTAINED,77.949371,289.800537,1.511140,1.012989,0.343359,53.990622
49,11,3,SURGE,58.517939,169.680799,1.448110,0.832891,0.248963,31.685795
49,12,4,SUSTAINED,89.781532,270.910272,1.200099,0.997726,0.336572,59.769089
49,13,4,SUSTAINED,85.792026,341.192644,1.327507,0.858140,0.278859,59.178220
49,14,1,RECON,8.240212,17.684101,4.268199,0.412474,0.046343,2.141022
49,15,1,RECON,2.969243,22.495617,3.022184,0.271470,0.066583,2.052480
49,16,1,RECON,1.848153,9.549991,4.815749,0.386581,0.046135,2.320316
49,17,2,ESCALATION,10.930684,39.397274,2.913836,0.635613,0.053362,7.406157
49,18,3,SURGE,64.179591,199.652065,1.281647,1.024857,0.223037,37.663229
49,19,3,SURGE,52.863741,220.643043,1.628241,0.959952,0.277549,56.701712
49,20,3,SURGE,43.805763,157.977880,1.218539,0.802567,0.254683,50.021239
49,21,3,SURGE,65.043085,285.650889,1.357451,0.736748,0.302659,25.291245
49,22,3,SURGE,65.201122,195.904741,1.423619,0.781921,0.249460,48.029300
49,23,4,SUSTAINED,73.358193,262.573846,0.957122,0.969617,0.313744,50.196957
49,24,4,SUSTAINED,83.360102,273.068778,1.406719,0.912195,0.260484,55.919031
49,25,3,SURGE,67.490300,205.448772,1.643541,0.724888,0.193883,19.912569
49,26,4,SUSTAINED,92.219088,311.784556,1.240535,0.872420,0.291228,65.754351
49,27,4,SUSTAINED,75.482828,247.257880,1.614092,0.946496,0.229731,49.454406
49,28,4,SUSTAINED,78.946052,306.220169,1.049035,0.988852,0.303152,61.373874
49,29,4,SUSTAINED,104.362605,283.065338,0.929001,0.898685,0.291562,44.682783
50,0,0,NORMAL,0.648748,6.856120,3.802270,0.215202,0.009220,0.454905
50,1,0,NORMAL,1.130130,5.855080,3.912033,0.075597,0.042493,0.624794
50,2,0,NORMAL,1.633295,5.594459,3.900034,0.018061,0.006590,0.322536
50,3,0,NORMAL,3.233060,12.141627,3.764901,0.095856,0.027946,0.156650
50,4,0,NORMAL,2.436638,4.982965,3.467347,0.105981,0.022481,0.781337
50,5,0,NORMAL,2.195000,6.673954,3.553881,0.070189,0.018036,1.285452
50,6,0,NORMAL,2.450245,5.883558,4.010037,0.138014,0.027674,0.564467
50,7,0,NORMAL,3.271685,8.849297,3.442694,0.144729,0.010959,0.284612
50,8,0,NORMAL,0.258643,10.482786,3.018543,0.076425,0.017867,0.511786
50,9,0,NORMAL,1.932629,7.821117,3.276485,0.061340,0.030815,0.000000
50,10,0,NORMAL,1.531101,9.256374,2.772854,0.075011,0.018976,0.821022
50,11,0,NORMAL,0.816512,6.537570,3.943026,0.039961,0.019214,0.497264
50,12,0,NORMAL,4.695752,6.761806,3.724883,0.061685,0.025277,0.761236
50,13,0,NORMAL,1.945298,5.314161,2.927798,0.151840,0.014460,0.000000
50,14,0,NORMAL,1.197905,7.260881,4.320453,0.092913,0.018367,0.131548
50,15,0,NORMAL,1.833614,9.088429,3.652763,0.075937,0.020203,0.000000
50,16,0,NORMAL,2.161406,13.920983,3.503740,0.052867,0.019493,0.401660
50,17,0,NORMAL,2.026892,4.220160,2.682128,0.113145,0.033831,0.523804
50,18,0,NORMAL,3.012809,8.800376,3.092754,0.109765,0.032071,0.658967
50,19,0,NORMAL,1.537454,7.392939,3.440636,0.097433,0.031680,0.000000
50,20,0,NORMAL,1.920504,3.885497,3.835884,0.063775,0.016430,1.054635
50,21,0,NORMAL,2.574487,9.142331,3.417660,0.199969,0.028022,0.275135
50,22,0,NORMAL,2.566838,7.832393,2.785531,0.121429,0.017310,0.659199
50,23,0,NORMAL,1.391736,9.898534,3.251047,0.078356,0.014677,0.839292
50,24,0,NORMAL,3.372443,13.350455,3.130640,0.000000,0.030445,0.397408
50,25,0,NORMAL,1.411282,6.755559,4.148597,0.107996,0.032836,0.648266
50,26,0,NORMAL,1.609643,9.684826,3.910213,0.149840,0.017385,0.552562
50,27,2,ESCALATION,13.080175,32.975899,2.316237,0.463845,0.126488,11.776932
50,28,2,ESCALATION,12.013275,44.632063,3.276830,0.420783,0.082811,3.764022
50,29,0,NORMAL,1.838601,6.037865,3.370243,0.156350,0.009951,0.247502
50,30,0,NORMAL,2.075775,10.009262,3.700876,0.098233,0.016517,0.749467
50,31,1,RECON,7.168377,12.072642,5.243929,0.264206,0.034899,1.864538
50,32,2,ESCALATION,17.702321,46.169204,3.302600,0.520979,0.077081,5.875894
50,33,2,ESCALATION,14.587411,29.367423,3.308297,0.427959,0.163685,3.791030
50,34,1,RECON,3.600045,13.122887,3.810567,0.477057,0.052867,1.366634
50,35,1,RECON,1.557275,15.317684,3.693050,0.277595,0.004556,1.926655
50,36,2,ESCALATION,12.916947,65.415947,3.773705,0.215833,0.067944,5.437298
50,37,3,SURGE,47.802275,267.290530,1.517409,0.887685,0.329636,39.871619
50,38,3,SURGE,52.492017,145.179917,1.255855,1.118698,0.281651,42.196279
50,39,3,SURGE,69.112508,145.692269,0.873177,0.844111,0.347725,55.183154
50,40,3,SURGE,53.258010,134.385518,1.531212,0.916201,0.289478,47.285660
50,41,4,SUSTAINED,84.448223,278.980834,1.361113,0.924638,0.318378,57.271008
50,42,4,SUSTAINED,86.356318,252.888028,0.880525,0.936497,0.242269,52.558813
50,43,4,SUSTAINED,90.477470,304.276011,1.508829,0.965084,0.278573,55.802301
50,44,4,SUSTAINED,89.547211,296.030698,0.705747,0.864110,0.286943,40.972591
50,45,4,SUSTAINED,84.775466,280.929990,0.867106,1.001406,0.255455,48.890639
50,46,4,SUSTAINED,80.912699,318.623923,1.557802,1.002249,0.300031,61.123132
50,47,4,SUSTAINED,65.433072,279.866068,0.958122,0.918401,0.261625,52.233343
50,48,4,SUSTAINED,93.722057,248.239606,0.813680,0.910428,0.330630,53.770315
50,49,3,SURGE,67.167330,238.255611,1.492496,0.818378,0.263514,38.133854
51,0,1,RECON,6.849966,19.249401,5.028561,0.433633,0.059180,1.594818
51,1,2,ESCALATION,17.328324,89.050517,2.986062,0.604653,0.111617,7.702704
51,2,3,SURGE,62.942438,220.847030,1.961755,0.930885,0.226856,37.385168
51,3,4,SUSTAINED,93.289711,283.764792,1.490232,0.963828,0.312149,54.295313
51,4,0,NORMAL,1.031465,13.185396,3.556981,0.156263,0.033849,0.376746
51,5,0,NORMAL,2.045011,4.528359,3.407260,0.129375,0.015010,0.402547
51,6,0,NORMAL,4.111529,2.497853,3.750822,0.087333,0.013593,0.416637
51,7,0,NORMAL,2.724524,8.558051,4.046371,0.163442,0.028164,0.336142
51,8,1,RECON,5.998401,13.921843,2.944449,0.097722,0.051397,2.238432
51,9,1,RECON,7.092065,18.761091,5.279562,0.337054,0.028673,2.366625
51,10,1,RECON,3.904753,10.789535,4.280237,0.199916,0.072418,1.674259
51,11,1,RECON,0.751683,18.673978,5.343514,0.210970,0.046816,1.677571
51,12,1,RECON,5.489245,11.522892,4.111225,0.351599,0.045698,1.199837
51,13,1,RECON,6.460514,12.794064,3.164714,0.204808,0.060905,2.220458
51,14,1,RECON,4.347700,13.376329,4.935077,0.244655,0.053731,0.760060
51,15,1,RECON,7.018793,14.418627,4.851603,0.066898,0.038812,1.862916
51,16,1,RECON,2.661874,21.354966,5.045545,0.227851,0.042530,2.113303
51,17,1,RECON,4.089794,24.380560,4.618124,0.284325,0.052261,2.464724
51,18,1,RECON,3.887172,25.673605,5.253079,0.367726,0.033141,1.183821
51,19,2,ESCALATION,15.303825,23.472622,3.096816,0.693119,0.123059,5.971842
51,20,1,RECON,5.599705,17.233481,4.554433,0.360172,0.071838,1.094301
51,21,2,ESCALATION,13.182625,48.520474,3.318645,0.645969,0.155938,9.276771
51,22,3,SURGE,57.471215,130.609800,2.035894,0.867810,0.275295,45.431972
51,23,3,SURGE,50.766536,261.880796,1.616174,0.841941,0.243683,48.689895
51,24,3,SURGE,45.339182,265.371354,1.886459,0.884752,0.190414,48.432069
51,25,4,SUSTAINED,68.337613,293.037658,2.137852,0.950825,0.270321,48.949020
51,26,3,SURGE,68.477595,256.297565,1.599274,1.025402,0.207584,41.300728
51,27,1,RECON,7.764894,19.594215,3.699591,0.306407,0.016472,0.143225
51,28,0,NORMAL,1.625256,7.215748,3.915473,0.169851,0.025345,1.078422
51,29,0,NORMAL,2.302213,8.721166,2.857252,0.147800,0.000000,0.324124
51,30,0,NORMAL,1.210238,6.644732,4.419688,0.155201,0.013142,0.359130
51,31,0,NORMAL,2.704994,7.250773,2.516767,0.105039,0.024390,0.788942
51,32,0,NORMAL,1.627329,13.958794,3.503293,0.135978,0.014605,0.706973
51,33,0,NORMAL,1.537932,4.375177,3.197513,0.162524,0.013877,0.715477
51,34,0,NORMAL,1.972423,10.981301,3.765543,0.105822,0.027503,1.051981
51,35,1,RECON,3.081598,12.910427,4.995542,0.412937,0.039259,0.291189
51,36,1,RECON,6.095708,17.666384,4.344278,0.247666,0.070282,2.274553
51,37,1,RECON,5.318131,20.621841,4.566857,0.207193,0.057461,2.633207
51,38,1,RECON,5.832214,13.173747,3.550946,0.256485,0.053789,1.902211
51,39,2,ESCALATION,9.351400,18.522173,0.928315,0.480233,0.192809,13.390339
51,40,2,ESCALATION,15.749516,28.031307,2.012734,0.320379,0.090980,7.452621
51,41,3,SURGE,66.632164,186.524763,1.514481,0.790619,0.182775,28.008221
51,42,4,SUSTAINED,77.296737,243.866392,1.181073,0.887559,0.366415,51.527070
51,43,4,SUSTAINED,88.711704,271.352146,1.222814,0.977673,0.304622,57.166605
51,44,4,SUSTAINED,84.432290,285.415074,1.304835,0.995999,0.326752,57.092318
51,45,4,SUSTAINED,85.507288,344.865035,1.189785,0.958198,0.337283,52.057674
51,46,4,SUSTAINED,83.945841,293.819289,0.837742,0.975027,0.357245,45.221545
51,47,4,SUSTAINED,59.703460,287.991401,1.752155,0.933584,0.303598,59.577197
51,48,4,SUSTAINED,80.576758,301.926392,1.758696,0.888213,0.284738,49.429865
52,0,0,NORMAL,1.444433,6.446462,3.218386,0.076310,0.007356,0.422381
52,1,0,NORMAL,1.242203,8.465139,3.619945,0.072168,0.018559,1.147587
52,2,0,NORMAL,0.945910,5.256657,2.970298,0.152853,0.016015,0.571902
52,3,0,NORMAL,1.989535,10.118746,3.760210,0.070589,0.030592,0.245090
52,4,3,SURGE,54.125490,180.881291,1.064605,0.807574,0.228662,20.549212
52,5,3,SURGE,54.920258,231.600444,1.669192,0.829236,0.227072,38.123056
52,6,4,SUSTAINED,73.421563,278.407180,0.861425,0.875898,0.312280,56.217420
52,7,4,SUSTAINED,88.331272,371.913501,1.177838,0.936974,0.247991,59.179469
52,8,4,SUSTAINED,85.210130,265.826273,1.305481,0.960260,0.305561,50.900405
52,9,4,SUSTAINED,96.402461,266.689679,1.416133,0.806107,0.326744,43.779072
52,10,4,SUSTAINED,69.495803,293.531655,1.451638,0.857134,0.285621,51.919787
52,11,4,SUSTAINED,83.454088,264.683487,1.058612,1.027805,0.328575,49.490599
52,12,0,NORMAL,1.764891,6.386054,2.644894,0.066119,0.033892,0.385657
52,13,0,NORMAL,2.140526,14.654424,3.504437,0.154697,0.014018,0.422180
52,14,1,RECON,3.451734,16.981411,4.910441,0.219964,0.050002,2.566987
52,15,2,ESCALATION,20.477069,51.093252,2.700926,0.198778,0.085056,9.114777
53,0,2,ESCALATION,20.631081,31.863431,2.723907,0.683112,0.064491,10.895668
53,1,2,ESCALATION,16.373618,45.069461,2.208223,0.766307,0.125275,9.021848
53,2,3,SURGE,60.378716,206.588691,1.659950,0.973434,0.210876,28.267224
53,3,3,SURGE,42.527827,187.053560,1.296324,0.949175,0.349130,24.443275
53,4,2,ESCALATION,13.834624,55.217130,1.951101,0.649531,0.101659,7.815598
53,5,3,SURGE,60.737968,233.833133,1.405489,1.017420,0.306645,34.871237
53,6,2,ESCALATION,15.226475,50.746179,2.859389,0.510397,0.000000,7.443481
53,7,1,RECON,8.252671,25.930415,4.881551,0.276153,0.029840,1.473935
53,8,2,ESCALATION,11.539013,14.666070,3.418099,0.725075,0.166369,11.115044
53,9,2,ESCALATION,15.264670,18.855566,2.816729,0.593236,0.094589,7.457492
53,10,3,SURGE,49.982613,273.525941,2.249739,0.899735,0.264076,32.153136
53,11,4,SUSTAINED,94.077193,254.123077,1.339165,0.976951,0.321104,64.856906
53,12,4,SUSTAINED,78.132131,320.195210,1.225270,0.918394,0.310833,59.028997
53,13,3,SURGE,51.188188,181.457574,1.317637,0.815756,0.265677,43.344897
53,14,4,SUSTAINED,73.139021,282.675639,1.666371,0.941775,0.301205,53.949378
53,15,4,SUSTAINED,89.374469,333.396243,1.207970,0.906378,0.377009,60.137854
53,16,4,SUSTAINED,91.390551,283.931733,1.623211,1.023914,0.263141,58.490550
53,17,4,SUSTAINED,100.919274,277.730966,1.629763,0.950867,0.250345,54.280077
54,0,4,SUSTAINED,87.662474,307.146020,1.037447,0.942576,0.299818,56.303930
54,1,3,SURGE,62.719398,143.892135,1.275072,0.916602,0.306206,50.382772
54,2,3,SURGE,61.306144,230.532367,0.918215,0.942988,0.196237,39.499686
54,3,4,SUSTAINED,82.428434,274.085603,1.322337,0.924146,0.261570,67.618837
54,4,4,SUSTAINED,82.764293,288.245301,1.106763,1.027124,0.312263,36.503169
54,5,4,SUSTAINED,81.464499,310.301070,1.526008,0.973270,0.329876,52.457659
54,6,4,SUSTAINED,82.241862,342.948440,1.005659,0.913599,0.348841,52.256529
54,7,4,SUSTAINED,77.014846,298.050571,0.727909,0.923033,0.309215,56.339428
54,8,3,SURGE,78.393922,260.499338,1.865861,0.885127,0.218847,40.143027
54,9,4,SUSTAINED,86.575502,318.692572,1.163647,0.989343,0.350435,60.280962
54,10,3,SURGE,51.661513,165.697303,1.227513,0.925708,0.275990,28.683741
54,11,3,SURGE,62.432855,164.012804,1.673562,0.869257,0.213829,40.425643
54,12,2,ESCALATION,10.757355,46.360814,3.080607,0.385686,0.033690,3.390278
54,13,2,ESCALATION,8.407909,44.784172,3.798966,0.293210,0.088696,14.396914
54,14,3,SURGE,56.322767,193.724695,1.671745,1.069577,0.223457,33.939118
54,15,3,SURGE,61.030960,143.772505,1.314487,0.809132,0.303706,35.932829
54,16,4,SUSTAINED,67.167264,303.945209,0.839052,0.928718,0.388448,60.593046
54,17,4,SUSTAINED,105.591535,272.544759,1.549565,0.873366,0.290243,46.913261
54,18,4,SUSTAINED,80.447762,290.770056,1.527617,0.921645,0.313074,59.923330
54,19,4,SUSTAINED,74.012685,301.615829,1.389046,1.021062,0.291365,53.101174
54,20,1,RECON,5.659968,16.514412,3.980774,0.290611,0.061033,1.549016
54,21,2,ESCALATION,17.158621,4.614126,2.437793,0.327304,0.148130,6.677202
54,22,3,SURGE,59.513775,176.185103,1.338941,0.909711,0.228898,36.566260
54,23,3,SURGE,48.462163,202.425476,1.622640,0.757184,0.287997,46.112381
54,24,2,ESCALATION,16.499445,59.556232,4.111016,0.454772,0.058172,3.397820
54,25,2,ESCALATION,23.843936,36.131004,2.363608,0.451401,0.148970,4.138093
54,26,2,ESCALATION,25.837572,54.685599,3.072648,0.469234,0.118631,3.457382
54,27,2,ESCALATION,15.525789,15.936637,2.618489,0.445375,0.087892,6.346755
55,0,1,RECON,5.289494,16.499380,3.099775,0.306253,0.044101,1.631181
55,1,3,SURGE,66.827675,150.677958,1.525308,0.819173,0.230564,49.218340
55,2,3,SURGE,71.300399,213.215420,1.658457,0.721886,0.234124,38.200729
55,3,4,SUSTAINED,75.950165,307.945785,1.267727,1.007884,0.294650,59.966722
55,4,4,SUSTAINED,67.087845,231.499670,1.435795,0.983683,0.335873,50.935829
55,5,0,NORMAL,1.878952,12.331098,4.346914,0.139690,0.023310,0.900615
55,6,0,NORMAL,1.609058,7.612934,3.010643,0.091250,0.008826,0.807502
55,7,0,NORMAL,3.429562,3.112152,4.450848,0.021376,0.008017,0.313754
55,8,0,NORMAL,2.225573,7.268512,3.103686,0.031203,0.031326,0.739592
55,9,0,NORMAL,2.396818,0.073693,2.877709,0.123244,0.016303,0.332347
55,10,0,NORMAL,2.947590,9.368578,3.750596,0.068320,0.021763,0.098671
55,11,0,NORMAL,0.000000,3.295652,3.338844,0.218756,0.001993,0.126926
55,12,0,NORMAL,3.769423,8.606517,3.851071,0.083120,0.014894,0.524655
55,13,0,NORMAL,2.724269,3.181184,3.944994,0.101966,0.017853,0.007105
55,14,0,NORMAL,3.198651,7.374203,3.639199,0.056023,0.019709,0.088354
55,15,0,NORMAL,2.370641,8.961844,3.048208,0.082897,0.025372,0.436569
55,16,0,NORMAL,3.903468,5.147033,4.040209,0.042266,0.026548,0.712446
55,17,0,NORMAL,0.782523,2.088700,3.192443,0.126311,0.009224,0.529085
55,18,0,NORMAL,1.766112,4.558868,3.461010,0.074946,0.008096,0.302338
55,19,2,ESCALATION,8.430376,66.241187,2.583895,0.169666,0.075069,10.744135
55,20,2,ESCALATION,22.488719,37.150069,3.102045,0.655496,0.118008,3.876518
55,21,2,ESCALATION,20.850355,37.930828,3.385406,0.435457,0.105657,3.841678
55,22,3,SURGE,51.246936,209.023986,1.537279,0.946265,0.225474,32.558159
55,23,4,SUSTAINED,71.763289,332.352676,1.165643,0.933693,0.318487,54.541813
55,24,3,SURGE,49.385701,242.308348,1.533554,0.731843,0.267606,35.525929
55,25,4,SUSTAINED,70.841018,329.997884,0.610350,0.908123,0.304805,64.470178
55,26,4,SUSTAINED,73.231803,345.880604,0.793463,0.963267,0.319511,49.713307
55,27,4,SUSTAINED,75.888879,320.854273,0.648121,0.966749,0.283516,61.898223
55,28,4,SUSTAINED,89.993836,315.228383,1.161747,0.989383,0.331762,57.831460
55,29,4,SUSTAINED,72.139516,341.523175,0.823216,0.994123,0.328258,50.645486
55,30,4,SUSTAINED,75.448699,362.340451,0.941017,0.910287,0.260097,62.288707
55,31,0,NORMAL,1.374094,12.240422,3.789747,0.054035,0.007764,0.847451
55,32,0,NORMAL,0.450936,2.650653,2.941981,0.038026,0.000000,0.170148
55,33,0,NORMAL,1.537319,13.078730,3.366578,0.091621,0.025093,0.428805
55,34,0,NORMAL,2.280615,8.367766,4.883233,0.145556,0.009183,0.611067
55,35,0,NORMAL,2.446251,3.874438,2.946110,0.117195,0.029977,0.650793
55,36,0,NORMAL,2.373819,8.517488,3.248153,0.140650,0.030249,0.481065
55,37,0,NORMAL,3.591406,7.938735,3.537843,0.124211,0.019022,0.253898
55,38,0,NORMAL,1.961245,13.526749,3.894224,0.070226,0.027291,0.592360
55,39,0,NORMAL,1.475546,8.566028,3.450453,0.102924,0.011148,0.672774
55,40,0,NORMAL,3.285224,7.969922,3.294080,0.139465,0.012058,0.825495
55,41,0,NORMAL,3.257279,9.129869,3.256752,0.105459,0.023801,0.331958
55,42,0,NORMAL,2.580084,5.323331,4.441437,0.104869,0.009059,0.250924
55,43,2,ESCALATION,24.124925,65.142276,3.591585,0.682492,0.122277,8.987125
55,44,2,ESCALATION,18.680077,38.876030,3.239175,0.718793,0.091745,7.060257
55,45,3,SURGE,53.503424,147.327255,1.959088,0.854905,0.250922,35.119000
55,46,3,SURGE,68.531762,190.370418,1.028041,0.865307,0.278508,41.509086
55,47,0,NORMAL,2.211699,10.276389,3.479070,0.122501,0.010131,1.266155
55,48,0,NORMAL,2.203593,9.699397,3.294605,0.100391,0.019957,0.225789
55,49,1,RECON,1.701556,26.763542,4.834377,0.363912,0.015267,1.365977
56,0,2,ESCALATION,20.202189,67.920387,3.422166,0.578746,0.066100,10.985522
56,1,2,ESCALATION,8.947074,30.897060,3.385434,0.491388,0.104034,7.953788
56,2,3,SURGE,53.292691,175.182952,0.937891,0.849579,0.195935,44.621405
56,3,4,SUSTAINED,69.650887,291.101047,1.756818,0.900962,0.317066,55.633132
56,4,4,SUSTAINED,82.363735,287.061136,1.220029,0.954068,0.296332,47.085331
56,5,3,SURGE,70.664336,158.232439,1.379710,0.877491,0.192174,25.065630
56,6,4,SUSTAINED,77.148781,256.763000,1.253093,1.008143,0.333685,54.239886
56,7,4,SUSTAINED,85.725619,304.391765,1.327305,1.046805,0.267008,37.751104
56,8,4,SUSTAINED,83.888361,300.807777,0.835309,0.879014,0.285816,47.523432
56,9,4,SUSTAINED,76.708585,281.186463,0.972517,0.963156,0.301704,56.211744
56,10,4,SUSTAINED,79.422436,269.006082,0.980886,0.930266,0.382608,46.906982
56,11,3,SURGE,60.982671,187.866690,1.929588,0.869150,0.238273,46.517028
56,12,3,SURGE,74.074984,194.533845,1.480194,0.904672,0.257350,33.221215
56,13,3,SURGE,62.066091,198.205752,0.991542,0.906229,0.155339,35.346805
56,14,3,SURGE,62.869952,275.194001,1.728763,1.044840,0.282261,49.000428
56,15,2,ESCALATION,11.340816,38.043433,3.201287,0.499448,0.108814,7.253999
56,16,2,ESCALATION,23.103823,33.502083,3.211835,0.578634,0.036839,5.507659
56,17,3,SURGE,65.645841,185.318596,1.465764,0.754235,0.366296,40.569565
56,18,4,SUSTAINED,75.674996,280.421180,1.773805,0.854164,0.311146,47.730977
56,19,2,ESCALATION,11.809528,35.210335,2.821265,0.114796,0.087380,7.729130
56,20,2,ESCALATION,22.566094,41.083124,2.657509,0.411167,0.096737,11.924432
56,21,4,SUSTAINED,85.965114,332.639813,1.714928,0.962444,0.362810,59.754407
56,22,0,NORMAL,2.350341,2.535749,3.646060,0.022813,0.003747,0.557864
56,23,0,NORMAL,1.992886,8.415304,3.591525,0.054794,0.028987,0.473229
56,24,0,NORMAL,0.803560,7.465017,4.048647,0.148509,0.012027,0.336333
56,25,0,NORMAL,1.343587,3.802797,3.430912,0.131657,0.012149,0.472818
56,26,0,NORMAL,3.055119,6.165224,3.212392,0.057699,0.008625,0.658755
56,27,0,NORMAL,2.054810,11.823923,4.166040,0.017688,0.026478,0.567694
56,28,0,NORMAL,2.327684,2.820850,4.231321,0.125747,0.011348,0.324377
56,29,0,NORMAL,1.686043,6.551804,2.837445,0.138835,0.032768,0.491792
56,30,0,NORMAL,2.434985,7.941083,2.958910,0.067366,0.017036,0.574456
56,31,0,NORMAL,2.210369,3.425516,3.832609,0.100171,0.045527,0.383710
56,32,0,NORMAL,4.829219,8.582275,3.466185,0.050654,0.035283,0.152270
56,33,0,NORMAL,1.526445,7.431991,2.788034,0.167156,0.017222,0.135473
56,34,0,NORMAL,1.495863,9.003822,3.920708,0.123702,0.000000,0.708607
56,35,0,NORMAL,1.670971,7.672775,2.694984,0.109609,0.006356,0.414248
56,36,0,NORMAL,2.796173,11.222111,3.090193,0.172579,0.029469,0.371177
56,37,0,NORMAL,0.556184,8.815262,3.131358,0.159968,0.013205,0.229799
56,38,0,NORMAL,1.313953,8.025650,3.992995,0.105861,0.021210,0.561544
56,39,1,RECON,5.783675,18.799658,4.914318,0.360581,0.045961,2.825914
56,40,1,RECON,5.494314,16.444253,4.569406,0.262351,0.082951,3.613890
56,41,2,ESCALATION,22.706483,26.911783,1.947173,0.451766,0.101649,7.405378
56,42,3,SURGE,71.515917,286.167929,2.012395,1.008552,0.261306,33.256021
56,43,3,SURGE,81.055880,185.920475,1.318017,1.010730,0.308684,33.216786
56,44,4,SUSTAINED,75.984756,302.090681,1.531106,0.909799,0.343587,55.609907
56,45,4,SUSTAINED,82.550647,297.092443,1.372414,0.933143,0.228189,53.556873
56,46,3,SURGE,44.076825,197.078592,0.673156,0.865231,0.262180,40.775969
56,47,3,SURGE,59.144696,168.637423,1.504327,0.905809,0.204988,42.141594
56,48,3,SURGE,58.337901,296.841881,1.443719,0.872077,0.228880,32.232486
56,49,4,SUSTAINED,74.510024,282.961556,1.038528,0.900753,0.229957,52.222361
57,0,1,RECON,8.121151,21.754782,4.619172,0.488265,0.048057,2.050461
57,1,2,ESCALATION,22.718934,50.037730,2.411034,0.588151,0.067350,9.600415
57,2,3,SURGE,58.105973,222.632463,0.904884,0.916296,0.226862,62.898109
57,3,3,SURGE,54.036080,144.867931,2.022162,0.864997,0.210432,42.690394
57,4,3,SURGE,66.339529,200.790017,1.563676,0.923204,0.266820,43.399082
57,5,4,SUSTAINED,80.451319,275.495902,1.156712,0.987689,0.228539,44.315487
57,6,3,SURGE,75.201228,149.391999,1.540184,0.860045,0.236958,42.444248
57,7,4,SUSTAINED,71.142260,290.962465,1.156387,0.893702,0.331586,52.494634
57,8,4,SUSTAINED,82.261270,296.132752,1.451243,0.903329,0.244105,53.141275
57,9,4,SUSTAINED,70.073952,258.367393,1.254689,0.912111,0.241900,60.792048
57,10,4,SUSTAINED,89.198493,300.854124,1.288428,0.939425,0.193794,48.179281
57,11,3,SURGE,63.647291,128.413039,1.478559,0.787774,0.261731,39.844794
57,12,3,SURGE,70.668229,218.359596,1.844157,0.864966,0.391156,30.249447
57,13,3,SURGE,69.013586,230.108852,1.694956,0.967532,0.145822,52.714390
57,14,3,SURGE,72.458942,118.658937,1.602627,0.843650,0.278606,42.536564
57,15,3,SURGE,49.410583,197.721235,1.427933,0.949531,0.299465,41.203807
57,16,2,ESCALATION,15.537894,89.166143,3.787603,0.053840,0.102534,10.796359
57,17,2,ESCALATION,12.699545,45.995537,3.131314,0.327730,0.147548,7.832021
57,18,2,ESCALATION,20.621751,26.823036,2.466874,0.414249,0.185758,5.944938
57,19,4,SUSTAINED,75.345479,313.666510,1.435225,1.063827,0.356276,56.127536
57,20,4,SUSTAINED,92.992219,288.943093,1.002553,0.929146,0.249908,52.209879
57,21,0,NORMAL,2.730657,6.835735,2.866270,0.019811,0.022096,0.521788
57,22,0,NORMAL,1.532544,9.165461,4.195273,0.060993,0.020889,0.787481
57,23,0,NORMAL,1.984368,7.886013,2.844352,0.108425,0.020315,0.666525
57,24,0,NORMAL,2.009970,12.145202,4.538750,0.164006,0.008229,0.635316
57,25,0,NORMAL,2.283901,5.683350,2.643263,0.082774,0.027226,0.586400
57,26,0,NORMAL,2.216350,9.213582,3.764756,0.086266,0.020829,1.022978
57,27,1,RECON,5.085127,18.514423,4.025673,0.256464,0.054174,1.595428
57,28,0,NORMAL,1.209485,8.324035,3.792097,0.089404,0.000000,0.677111
57,29,0,NORMAL,1.006769,10.319811,2.800787,0.152270,0.019426,0.000000
57,30,0,NORMAL,1.593808,6.329452,3.131137,0.093639,0.015148,0.000000
57,31,0,NORMAL,1.755642,5.804195,2.935788,0.138537,0.007016,0.540196
57,32,1,RECON,3.949161,12.482202,3.703744,0.300881,0.054706,1.371526
57,33,1,RECON,6.776909,9.686857,4.194985,0.204922,0.028946,2.208809
57,34,1,RECON,2.566394,24.621416,4.936072,0.106769,0.020511,2.474766
57,35,0,NORMAL,3.500575,9.849009,3.649733,0.048907,0.024914,0.117271
57,36,1,RECON,5.844277,13.875847,4.843742,0.524152,0.045648,2.440331
57,37,1,RECON,5.170704,10.463827,4.199576,0.304358,0.085980,0.563998
57,38,1,RECON,7.576234,16.791143,4.062927,0.216674,0.031348,0.539317
57,39,0,NORMAL,1.010645,8.354117,3.106166,0.076020,0.015478,0.485550
57,40,1,RECON,2.876428,18.428832,5.053987,0.312847,0.037804,1.901483
57,41,2,ESCALATION,14.302986,43.994684,2.239924,0.387185,0.083591,10.977375
57,42,3,SURGE,50.718748,179.276905,1.302964,0.980955,0.257275,40.742319
57,43,3,SURGE,54.035866,254.555463,1.499302,0.814409,0.238518,49.855427
57,44,3,SURGE,69.495578,174.986168,1.193735,0.965960,0.206301,46.580322
57,45,3,SURGE,51.264061,197.142290,1.280490,0.934898,0.344390,37.034363
57,46,3,SURGE,60.244406,200.962308,1.433918,0.814258,0.266757,37.690066
57,47,3,SURGE,70.141733,203.960385,1.408760,1.034006,0.158196,50.182566
57,48,3,SURGE,62.115325,176.477450,1.130800,1.031389,0.342811,38.230195
57,49,4,SUSTAINED,80.455930,351.915205,0.566055,0.968856,0.270915,40.864216
58,0,0,NORMAL,2.790766,11.596017,3.493652,0.106023,0.002837,0.285151
58,1,0,NORMAL,2.060679,9.102024,3.566579,0.209600,0.015695,0.981623
58,2,0,NORMAL,3.694199,4.325066,3.592326,0.080316,0.021395,0.866713
58,3,1,RECON,7.440765,14.648895,3.541732,0.301611,0.049227,1.851313
58,4,1,RECON,7.397303,16.185814,5.340862,0.301274,0.062969,2.446168
58,5,2,ESCALATION,16.836015,78.924994,2.950967,0.635192,0.127731,8.921149
58,6,3,SURGE,65.473156,230.531302,0.959134,0.924730,0.240796,36.867785
58,7,4,SUSTAINED,74.134830,258.156928,1.438715,0.878980,0.222882,60.449606
58,8,0,NORMAL,2.472720,6.672717,2.807797,0.040711,0.017278,0.118279
58,9,0,NORMAL,1.537542,8.555108,3.577574,0.119340,0.024995,0.396830
58,10,0,NORMAL,2.236008,0.713329,3.823263,0.107497,0.025640,0.113947
58,11,0,NORMAL,0.908471,10.233804,2.797442,0.053567,0.025343,0.311188
59,0,0,NORMAL,2.947712,10.166214,3.924355,0.088421,0.017954,0.305576
59,1,0,NORMAL,1.472102,6.700801,3.799950,0.159227,0.023983,1.038295
59,2,0,NORMAL,0.162025,10.143884,3.114083,0.086315,0.002302,0.230237
59,3,0,NORMAL,1.565697,6.816346,3.544980,0.161986,0.026769,0.013349
59,4,0,NORMAL,2.111755,7.706521,3.488650,0.110228,0.013081,0.445295
59,5,0,NORMAL,1.296094,4.910336,3.469146,0.043472,0.002772,0.396660
59,6,0,NORMAL,1.961396,8.535731,2.434926,0.121906,0.020934,0.300526
59,7,0,NORMAL,2.170122,4.821536,3.665927,0.159857,0.017721,0.239722
59,8,0,NORMAL,2.854613,4.321043,3.789279,0.066099,0.022421,0.330701
59,9,0,NORMAL,3.523095,3.772740,3.742683,0.186566,0.026855,0.100671
59,10,0,NORMAL,1.248375,8.473724,3.612971,0.036415,0.011272,0.256555
59,11,0,NORMAL,3.984695,5.200439,3.011521,0.043343,0.026355,0.487598
59,12,0,NORMAL,1.637204,5.625469,3.647946,0.234219,0.025509,0.472103
59,13,0,NORMAL,0.656600,10.201069,3.839677,0.076695,0.032133,0.506332
59,14,0,NORMAL,2.296197,7.468592,3.022558,0.092723,0.028421,0.347559
59,15,0,NORMAL,0.917264,10.340175,3.656471,0.039894,0.017760,0.779432
59,16,0,NORMAL,0.929050,7.791509,4.566665,0.066371,0.024953,0.578041
59,17,0,NORMAL,2.161133,6.656496,3.321098,0.016936,0.019756,0.769728
59,18,0,NORMAL,3.090508,9.740982,3.470229,0.068604,0.015137,0.058847
59,19,0,NORMAL,2.145999,13.146263,3.764160,0.056757,0.005606,0.438034
59,20,0,NORMAL,1.779384,9.625953,3.409437,0.135850,0.004027,0.981255
59,21,1,RECON,6.587465,16.639080,4.107338,0.275890,0.055112,2.366020
59,22,2,ESCALATION,22.039744,54.977323,3.828205,0.513946,0.143098,9.286159
59,23,0,NORMAL,2.181234,9.509516,3.483901,0.120643,0.028654,0.492988
59,24,3,SURGE,76.782702,188.096343,1.170688,0.787589,0.233178,35.498017
59,25,3,SURGE,53.178737,221.189713,2.312145,0.982057,0.306130,36.980720
59,26,3,SURGE,58.684897,204.186615,1.670593,0.834044,0.228713,46.836416
59,27,3,SURGE,60.674103,152.193713,1.381763,0.755867,0.253760,42.043225
59,28,3,SURGE,62.417112,216.676050,1.602745,0.779847,0.237337,43.278744
60,0,2,ESCALATION,19.390760,47.050585,3.489045,0.680326,0.155215,9.375297
60,1,3,SURGE,53.847169,284.963103,1.807320,1.034039,0.233998,46.755798
60,2,4,SUSTAINED,71.301131,295.100212,0.557624,0.941083,0.267360,53.693394
60,3,4,SUSTAINED,93.742428,256.816574,1.366721,0.989947,0.286484,56.069846
60,4,4,SUSTAINED,69.227109,269.060119,1.251689,0.954970,0.271657,50.233743
60,5,4,SUSTAINED,77.203012,326.584529,1.177054,1.031137,0.272167,56.158659
60,6,4,SUSTAINED,84.703688,276.552364,1.778219,0.865469,0.368619,55.539931
60,7,1,RECON,7.669050,22.288307,3.615978,0.360009,0.087349,1.290167
60,8,3,SURGE,63.857025,182.670889,1.142684,0.877671,0.152236,36.678044
60,9,3,SURGE,49.255864,229.913808,1.412493,0.836421,0.233733,42.840860
60,10,3,SURGE,52.990249,205.026139,1.479730,0.786054,0.235575,44.634706
60,11,3,SURGE,57.700357,227.070912,1.108018,0.805101,0.237437,51.980529
60,12,4,SUSTAINED,77.797074,346.324140,1.113918,1.061737,0.279549,48.929628
60,13,1,RECON,4.501831,13.961400,6.281579,0.331863,0.059285,1.630497
60,14,1,RECON,4.602757,15.111653,5.020447,0.132416,0.027143,1.802153
60,15,1,RECON,4.250966,20.080758,4.222183,0.429626,0.018306,2.588771
60,16,1,RECON,6.849768,13.903589,4.219514,0.289749,0.029951,0.975670
60,17,1,RECON,5.259862,14.215439,3.935941,0.111420,0.042587,2.818869
60,18,1,RECON,4.826156,19.218264,3.537392,0.462444,0.091355,2.131859
60,19,1,RECON,3.639635,11.744604,3.632301,0.278051,0.096241,1.775073
60,20,1,RECON,3.203082,23.700111,4.997841,0.251452,0.012484,1.097125
60,21,1,RECON,6.377616,18.327307,5.695067,0.495833,0.049281,1.985943
60,22,1,RECON,4.430793,10.568375,3.007691,0.127734,0.071687,0.750878
60,23,1,RECON,3.539244,26.686750,3.907957,0.143381,0.075676,3.121493
60,24,0,NORMAL,1.668348,5.282612,3.439737,0.105391,0.016486,0.000000
61,0,1,RECON,4.582201,16.362797,3.455379,0.238995,0.078179,1.088178
61,1,1,RECON,5.094110,19.224053,3.614115,0.264822,0.049886,1.583466
61,2,1,RECON,5.914878,28.863533,4.422552,0.108776,0.073260,1.836903
61,3,2,ESCALATION,22.354622,42.420989,3.233142,0.410907,0.100108,10.027954
61,4,3,SURGE,68.952058,202.999585,2.493370,0.863498,0.169640,28.682406
61,5,3,SURGE,59.233471,206.362300,1.282990,0.854730,0.210645,43.769207
61,6,3,SURGE,64.350054,213.577535,1.329649,0.754127,0.172710,64.213213
61,7,4,SUSTAINED,90.721461,279.761796,1.202853,0.909232,0.247517,51.467359
61,8,1,RECON,6.681491,13.149760,3.948147,0.374912,0.038581,2.063669
61,9,1,RECON,5.781861,19.270727,3.677042,0.244903,0.027327,0.750931
61,10,1,RECON,6.632519,11.098588,4.418379,0.378463,0.013265,1.783535
61,11,1,RECON,6.103882,8.647714,4.726672,0.225226,0.063826,1.447935
61,12,0,NORMAL,1.462457,8.009473,3.216360,0.088823,0.008244,0.647198
61,13,0,NORMAL,0.383468,10.978750,3.411856,0.108088,0.027646,0.598473
61,14,1,RECON,4.413409,23.172147,4.298340,0.350763,0.058073,2.992584
61,15,2,ESCALATION,12.785273,40.380994,2.770148,0.385985,0.057912,1.615843
61,16,2,ESCALATION,24.927032,40.152496,3.942076,0.560473,0.098010,3.498185
61,17,2,ESCALATION,24.460919,73.364551,2.964543,0.327700,0.061713,5.442224
61,18,2,ESCALATION,23.158602,52.938393,2.618152,0.732307,0.060857,8.155470
61,19,2,ESCALATION,10.685997,40.461287,2.371757,0.712509,0.176575,8.344378
61,20,2,ESCALATION,12.000795,50.026195,2.469867,0.485445,0.116529,6.784061
61,21,2,ESCALATION,14.072728,45.236548,2.535131,0.614329,0.029171,12.722840
61,22,2,ESCALATION,18.050088,60.876167,2.375165,0.362846,0.058709,7.258796
61,23,2,ESCALATION,12.081190,59.118975,1.379247,0.442165,0.146685,7.487086
61,24,2,ESCALATION,11.715784,4.579662,2.192919,0.658586,0.076696,6.606367
61,25,3,SURGE,43.691622,247.601967,1.746918,0.770256,0.218471,39.766621
62,0,0,NORMAL,2.572609,9.775572,3.937619,0.022322,0.020579,0.419465
62,1,0,NORMAL,1.788218,6.018655,1.991105,0.158091,0.023300,0.054713
62,2,0,NORMAL,1.552695,6.743083,3.115793,0.126847,0.012002,0.170950
62,3,0,NORMAL,1.821119,7.557541,3.846232,0.066621,0.015318,0.591715
62,4,0,NORMAL,2.221099,5.732866,3.927736,0.127333,0.024145,0.017912
62,5,0,NORMAL,2.961874,4.468200,3.481568,0.000000,0.004592,0.856710
62,6,0,NORMAL,1.646184,5.273770,2.957873,0.110008,0.016564,0.963994
62,7,0,NORMAL,2.058720,3.834490,3.319650,0.108850,0.016272,0.354311
62,8,1,RECON,8.029647,18.724847,5.115349,0.362160,0.071687,1.512224
62,9,1,RECON,4.594453,20.731386,4.833930,0.312506,0.067534,1.549335
62,10,1,RECON,7.031619,21.387482,4.307336,0.371332,0.032120,2.158690
62,11,2,ESCALATION,8.352422,57.118764,2.050709,0.435812,0.101590,5.807791
62,12,2,ESCALATION,15.332785,37.697275,3.140785,0.385377,0.191519,7.671564
62,13,1,RECON,9.340904,12.143529,3.412527,0.414758,0.041817,0.908989
62,14,0,NORMAL,1.584426,9.960259,3.967783,0.113723,0.043959,0.000000
62,15,0,NORMAL,1.744050,14.783521,4.399001,0.164435,0.012059,0.296746
62,16,0,NORMAL,1.216573,12.478114,3.378116,0.094425,0.027744,0.000942
62,17,0,NORMAL,0.903128,7.116755,3.206790,0.068101,0.022256,0.566364
62,18,0,NORMAL,2.370684,5.394156,3.840793,0.089690,0.015163,0.261572
62,19,0,NORMAL,3.870639,7.810059,2.927798,0.145941,0.015281,0.585128
62,20,0,NORMAL,3.280773,6.227721,4.198929,0.047537,0.017071,0.919999
62,21,0,NORMAL,4.271466,7.192579,3.628521,0.195257,0.004861,0.008675
62,22,0,NORMAL,2.813373,3.170446,3.798525,0.126335,0.040144,0.813645
62,23,1,RECON,7.718266,20.694520,3.831944,0.185539,0.038613,1.967941
62,24,1,RECON,0.729609,16.902198,4.222865,0.354754,0.082536,2.148523
62,25,1,RECON,1.363841,21.435055,3.504730,0.386684,0.077948,0.764740
62,26,1,RECON,7.585245,23.095197,2.522896,0.214635,0.024396,2.418778
62,27,1,RECON,0.000000,16.495842,4.840576,0.314798,0.052925,1.708005
62,28,2,ESCALATION,14.914721,50.781402,3.169153,0.604475,0.103434,11.284725
62,29,2,ESCALATION,7.779877,57.155805,2.875828,0.574540,0.049422,13.372388
62,30,1,RECON,4.424006,13.322734,5.061723,0.189823,0.095227,1.509436
62,31,1,RECON,4.631052,25.903734,3.612105,0.301884,0.066095,2.529662
62,32,1,RECON,4.025056,18.424042,5.198711,0.229474,0.061451,1.824672
62,33,1,RECON,5.169100,14.058584,3.991445,0.314493,0.047946,3.258189
62,34,1,RECON,5.579961,14.184269,3.540782,0.497381,0.029802,2.091088
62,35,1,RECON,4.377353,12.988981,3.572083,0.245349,0.035810,3.062176
62,36,1,RECON,3.952398,18.534790,4.734365,0.265538,0.068040,0.983083
62,37,1,RECON,4.982095,17.759938,3.645589,0.177215,0.016667,1.389779
62,38,1,RECON,3.077443,10.257759,3.472748,0.261517,0.043090,1.896886
62,39,1,RECON,7.498509,28.027313,2.900074,0.214412,0.063970,1.636775
62,40,1,RECON,5.414227,25.896021,5.034173,0.406102,0.041763,1.922031
62,41,2,ESCALATION,7.470539,72.076539,3.247232,0.448246,0.152184,6.108897
62,42,4,SUSTAINED,88.058958,261.643193,1.141267,0.960306,0.315419,60.090406
62,43,4,SUSTAINED,84.399140,276.277447,1.288273,0.874723,0.362486,46.584611
62,44,0,NORMAL,0.681126,5.809501,3.506714,0.073562,0.031442,0.568070
62,45,0,NORMAL,1.866418,11.659101,3.954435,0.043061,0.013193,0.642437
62,46,0,NORMAL,0.949618,10.247380,3.054563,0.165191,0.025294,0.160423
62,47,0,NORMAL,1.453539,8.479630,3.398012,0.042726,0.006057,0.664707
62,48,0,NORMAL,2.105538,8.812196,3.190540,0.109200,0.045385,0.852370
63,0,0,NORMAL,0.000000,11.206082,3.893303,0.072809,0.005683,0.153420
63,1,0,NORMAL,1.910659,10.074776,3.543222,0.148338,0.023696,0.748639
63,2,0,NORMAL,0.765654,6.906945,4.039784,0.194026,0.018358,0.316526
63,3,0,NORMAL,2.863564,6.349428,4.979167,0.063030,0.041053,0.724510
63,4,0,NORMAL,2.232144,10.314142,3.387374,0.141899,0.028160,0.678902
63,5,0,NORMAL,0.825060,7.769644,3.588032,0.006197,0.021692,0.470960
63,6,0,NORMAL,1.666994,7.064461,4.465047,0.111006,0.030360,0.464655
63,7,0,NORMAL,2.672342,6.025440,3.332200,0.047351,0.020728,0.819554
63,8,0,NORMAL,3.586190,13.183878,2.477063,0.040319,0.001918,0.689579
63,9,1,RECON,4.021639,16.917013,4.506057,0.151468,0.024823,2.001037
63,10,2,ESCALATION,14.873013,38.125104,1.511075,0.642901,0.070563,4.557689
63,11,2,ESCALATION,7.804496,35.581787,2.656691,0.318689,0.107428,7.260657
63,12,3,SURGE,42.955569,206.459177,1.569602,0.796944,0.254763,46.156755
63,13,0,NORMAL,3.384463,1.466937,3.078883,0.173753,0.029120,0.662154
63,14,0,NORMAL,0.083442,10.386832,4.032185,0.067065,0.046292,0.558905
63,15,0,NORMAL,2.381272,5.840420,4.082498,0.127397,0.014021,0.950736
63,16,0,NORMAL,1.172080,7.543865,3.758458,0.081787,0.016656,0.511018
63,17,0,NORMAL,0.000000,8.717405,2.505550,0.050348,0.002284,0.005467
63,18,0,NORMAL,1.777692,7.224799,2.842049,0.067208,0.023765,0.484374
63,19,1,RECON,6.930184,16.738901,2.718201,0.224336,0.048046,1.378810
63,20,1,RECON,5.139505,30.151516,3.809450,0.299719,0.023759,2.994721
63,21,1,RECON,6.611468,24.798979,3.858127,0.269758,0.084198,2.506182
63,22,2,ESCALATION,17.274105,41.274529,3.338903,0.561229,0.030378,8.806491
63,23,2,ESCALATION,16.817312,58.632933,3.697580,0.562083,0.100916,11.443903
63,24,2,ESCALATION,19.575354,53.093092,3.059518,0.538407,0.100741,14.495512
63,25,2,ESCALATION,20.774529,48.112146,1.911748,0.471752,0.078129,9.732732
63,26,0,NORMAL,0.977973,12.413024,4.045067,0.179303,0.022370,0.489280
63,27,0,NORMAL,1.422525,8.390179,3.412161,0.026948,0.021275,0.367710
63,28,0,NORMAL,2.363785,11.817599,3.075615,0.083172,0.012349,0.250946
63,29,0,NORMAL,1.803550,9.757615,3.660223,0.047157,0.032942,0.783324
63,30,0,NORMAL,3.224111,8.980815,3.421772,0.117904,0.019742,0.663524
63,31,0,NORMAL,1.662574,1.922520,3.763591,0.081317,0.027779,0.644503
63,32,0,NORMAL,3.022988,8.614525,3.581821,0.093094,0.036836,0.286020
63,33,0,NORMAL,0.762665,10.180193,3.208925,0.076498,0.014831,0.518817
63,34,0,NORMAL,0.000000,9.373112,2.443221,0.142707,0.035585,0.450733
63,35,0,NORMAL,1.975744,12.797723,3.271891,0.000000,0.019201,1.012389
63,36,0,NORMAL,1.484677,8.986704,3.985562,0.095719,0.046264,0.344775
63,37,1,RECON,6.523874,14.500863,3.860448,0.401810,0.052896,2.270457
63,38,1,RECON,6.311997,19.436484,4.148872,0.336089,0.041816,1.526478
63,39,1,RECON,4.071594,28.902648,4.929497,0.203153,0.090726,1.653715
63,40,1,RECON,6.794834,8.150057,4.010379,0.242667,0.054102,2.296040
63,41,2,ESCALATION,14.381764,65.976971,2.980892,0.506214,0.105915,13.507667
63,42,2,ESCALATION,12.427757,21.365014,1.939638,0.429946,0.095665,6.333136
63,43,3,SURGE,54.314920,163.420429,1.745058,1.036939,0.194642,41.949727
63,44,4,SUSTAINED,68.203695,282.337025,1.540473,0.911065,0.267356,55.216524
63,45,4,SUSTAINED,73.718948,359.586647,1.120391,0.955679,0.283929,57.639829
63,46,4,SUSTAINED,93.309310,277.132030,1.530239,0.977484,0.338981,54.448724
63,47,4,SUSTAINED,87.485717,328.640775,1.669716,0.959927,0.295723,40.240879
63,48,4,SUSTAINED,76.845987,266.968232,1.444239,0.884499,0.279948,52.227841
63,49,4,SUSTAINED,75.134090,313.572364,1.258712,0.995164,0.334009,54.799359
64,0,2,ESCALATION,16.430046,38.936673,3.484541,0.502043,0.063180,6.625316
64,1,4,SUSTAINED,85.315023,331.453697,0.887524,0.915559,0.272743,56.106362
64,2,0,NORMAL,1.510506,6.907791,3.102982,0.091008,0.031132,0.046058
64,3,1,RECON,7.760185,17.084065,3.776899,0.392423,0.030316,1.981847
64,4,0,NORMAL,0.129899,7.544047,2.868302,0.099416,0.031150,1.056277
64,5,0,NORMAL,3.019216,9.196888,3.308443,0.003761,0.036265,0.185269
64,6,0,NORMAL,2.536808,5.071962,3.655999,0.206646,0.035357,0.346186
64,7,2,ESCALATION,15.501040,47.517294,3.519842,0.610938,0.032310,9.376026
64,8,2,ESCALATION,15.185541,53.734145,3.519237,0.646669,0.070010,7.824164
64,9,2,ESCALATION,6.590770,48.359442,3.906853,0.243193,0.099038,7.831586
64,10,3,SURGE,50.372750,142.995576,0.948561,1.033093,0.200866,36.003502
64,11,4,SUSTAINED,74.125955,310.271988,1.519144,1.000786,0.246737,50.719885
64,12,4,SUSTAINED,95.432140,277.154680,1.051916,0.970979,0.324786,59.081524
64,13,4,SUSTAINED,75.743615,306.465036,1.578693,0.938076,0.299108,48.844429
64,14,3,SURGE,61.542629,243.110191,1.511959,0.908527,0.174985,22.793905
64,15,4,SUSTAINED,80.624466,306.192844,0.825284,0.904847,0.342492,65.440863
64,16,4,SUSTAINED,85.371866,305.700748,1.163841,1.042598,0.281872,62.444276
64,17,4,SUSTAINED,72.635645,311.442700,1.194933,1.018601,0.311605,54.421435
64,18,2,ESCALATION,21.246311,68.029450,0.467317,0.566026,0.108485,7.895410
65,0,0,NORMAL,2.677807,7.196115,4.249090,0.138947,0.025425,0.648112
65,1,1,RECON,7.043376,17.436140,4.992248,0.317405,0.088339,2.878182
65,2,1,RECON,9.661421,7.489801,4.709884,0.230375,0.087644,2.202245
65,3,1,RECON,4.467011,14.430343,3.955378,0.267135,0.034977,2.216051
65,4,2,ESCALATION,10.018468,25.125969,2.986574,0.579788,0.129209,9.653523
65,5,3,SURGE,69.970679,307.193128,2.740259,0.724190,0.140143,39.940870
65,6,4,SUSTAINED,79.392920,321.107413,1.118927,0.915302,0.278284,53.798990
65,7,4,SUSTAINED,76.106074,291.330939,1.371065,0.940060,0.344668,49.482963
65,8,1,RECON,5.609258,20.021442,3.508032,0.434360,0.088499,1.497717
65,9,1,RECON,0.235736,23.380561,3.513790,0.397607,0.030774,1.945210
65,10,1,RECON,4.572239,27.149620,4.113650,0.511030,0.042284,3.193412
65,11,1,RECON,4.426982,15.319450,5.430164,0.318525,0.008238,0.951896
65,12,1,RECON,6.868101,22.025037,3.959680,0.245149,0.064328,1.096382
65,13,2,ESCALATION,16.862590,45.881156,3.038607,0.515314,0.119897,3.997693
65,14,3,SURGE,70.266013,212.838057,1.740486,0.889008,0.294567,40.521977
65,15,4,SUSTAINED,86.561729,250.975613,1.284834,0.930789,0.282075,56.031932
65,16,4,SUSTAINED,84.097648,301.703899,1.014812,1.016909,0.308191,58.784806
65,17,4,SUSTAINED,91.201428,317.393564,1.109203,0.878515,0.308268,61.567506
65,18,4,SUSTAINED,52.443328,326.101865,1.479450,0.934939,0.339534,58.767792
65,19,4,SUSTAINED,90.170409,261.975692,1.182827,0.942150,0.266982,56.822763
65,20,4,SUSTAINED,89.981935,321.709926,0.691223,0.883202,0.306647,54.794590
65,21,4,SUSTAINED,95.242586,303.175805,1.362724,0.999395,0.302198,70.546373
65,22,4,SUSTAINED,75.151427,271.715228,1.668797,0.990104,0.278234,49.816742
65,23,4,SUSTAINED,82.893502,342.312539,1.181955,0.975577,0.312009,51.255332
65,24,4,SUSTAINED,70.525573,314.823205,1.428375,0.999508,0.326662,54.230739
66,0,0,NORMAL,3.451287,7.623201,3.693940,0.138728,0.008509,0.161908
66,1,0,NORMAL,1.891900,7.000049,2.782165,0.107468,0.019044,0.854672
66,2,0,NORMAL,2.456450,5.910108,3.823362,0.100465,0.017599,0.241520
66,3,0,NORMAL,1.822209,10.412289,3.755513,0.191279,0.026743,0.627288
66,4,1,RECON,2.925074,15.150533,3.640129,0.043909,0.029827,3.281768
66,5,1,RECON,4.246952,19.992399,2.637276,0.328210,0.075550,1.903107
66,6,1,RECON,4.172119,24.396310,4.406904,0.158169,0.097353,0.996953
66,7,0,NORMAL,0.962614,4.891994,3.273924,0.131808,0.032905,0.384150
66,8,0,NORMAL,2.478639,9.523891,3.620188,0.113787,0.018874,0.529445
66,9,1,RECON,7.140487,29.142298,4.343723,0.299343,0.055117,1.473663
66,10,2,ESCALATION,17.205882,43.692947,3.341240,0.502848,0.061198,9.054813
66,11,2,ESCALATION,19.802091,62.473204,2.734464,0.429187,0.100070,9.089927
66,12,3,SURGE,63.014122,196.369522,1.898727,0.832570,0.373970,46.104563
66,13,3,SURGE,61.852293,230.907341,1.360252,0.750486,0.198047,44.336744
66,14,4,SUSTAINED,68.405243,316.105042,1.133235,0.915211,0.280211,46.175117
66,15,1,RECON,3.386913,15.321239,4.477428,0.274337,0.035907,0.408449
66,16,1,RECON,5.157986,15.413063,3.370081,0.301276,0.059609,2.078207
66,17,2,ESCALATION,18.523873,48.390754,3.242967,0.507299,0.101808,11.889091
66,18,2,ESCALATION,15.116548,67.845650,2.985394,0.444642,0.031754,1.188959
66,19,3,SURGE,63.085118,176.637074,1.639783,0.805233,0.233440,32.472477
66,20,3,SURGE,38.950151,136.093704,1.908515,0.801312,0.276745,47.653179
66,21,4,SUSTAINED,77.611462,303.990688,1.075014,1.010195,0.375061,63.698871
66,22,3,SURGE,55.629732,200.166366,1.685223,0.727269,0.162828,50.454318
66,23,3,SURGE,45.125937,155.854368,1.656190,0.817745,0.262081,32.170181
66,24,4,SUSTAINED,91.395041,311.945697,1.099875,0.923932,0.358596,58.549180
66,25,4,SUSTAINED,75.330459,301.519996,1.320660,0.922497,0.296179,51.498338
66,26,4,SUSTAINED,69.428847,317.159101,1.293214,0.939835,0.317981,52.810357
66,27,4,SUSTAINED,84.349809,317.610420,1.047819,0.920347,0.292681,51.687966
66,28,4,SUSTAINED,82.531806,300.438007,0.920183,0.986949,0.275536,51.083516
66,29,2,ESCALATION,16.936614,12.448286,2.705338,0.518828,0.086416,8.481091
66,30,4,SUSTAINED,57.351835,270.735953,1.284674,0.788752,0.266258,43.463434
66,31,4,SUSTAINED,95.663194,293.484720,1.167749,0.991962,0.300852,53.710049
66,32,4,SUSTAINED,83.775097,308.658773,1.158366,0.932697,0.336687,52.981224
66,33,2,ESCALATION,9.764268,71.506759,3.083224,0.354720,0.120359,6.049091
66,34,2,ESCALATION,12.566864,48.006318,3.364858,0.577777,0.054985,4.795711
66,35,2,ESCALATION,16.715936,39.883325,3.754789,0.622024,0.074977,5.833234
66,36,3,SURGE,56.681456,250.246300,1.893809,0.903507,0.283895,46.583802
66,37,3,SURGE,64.026187,223.767502,1.695042,0.822120,0.216115,37.691243
66,38,4,SUSTAINED,68.215195,320.278559,1.303922,0.883032,0.290363,53.894285
66,39,4,SUSTAINED,71.344620,259.380173,1.355917,0.873302,0.290693,53.043537
66,40,3,SURGE,62.527176,263.942825,0.860203,0.987658,0.124392,51.149689
66,41,3,SURGE,84.363946,184.409287,2.016153,1.008416,0.228176,37.122006
66,42,3,SURGE,67.873702,183.061276,1.172407,0.953728,0.205141,37.368142
66,43,3,SURGE,53.575705,180.338053,2.113993,0.879576,0.232019,38.598999
66,44,3,SURGE,49.661363,217.088616,1.602328,0.721134,0.339713,51.686508
66,45,3,SURGE,48.775735,209.122060,0.929655,1.036428,0.226577,52.974455
66,46,4,SUSTAINED,79.102383,338.016378,1.103028,0.963605,0.343706,51.663715
66,47,4,SUSTAINED,68.330315,317.502982,1.316634,1.003083,0.289038,46.415576
66,48,4,SUSTAINED,102.943700,315.807691,1.241038,0.963932,0.242746,50.230768
67,0,0,NORMAL,1.236402,4.319554,3.242153,0.084228,0.040491,0.443520
67,1,0,NORMAL,1.941398,8.793015,2.859727,0.120108,0.032089,0.541601
67,2,1,RECON,3.942259,9.705820,4.092932,0.331078,0.032067,3.551760
67,3,1,RECON,1.414445,9.138687,3.412781,0.457319,0.067818,3.298970
67,4,1,RECON,4.581021,11.762453,4.479747,0.280383,0.045307,3.294441
67,5,0,NORMAL,3.330981,3.235776,4.844056,0.081336,0.027072,0.759882
67,6,0,NORMAL,2.819030,10.613010,3.143428,0.064935,0.020453,0.465352
67,7,1,RECON,3.611410,24.965650,4.762135,0.292958,0.062122,0.362678
67,8,1,RECON,5.575642,23.576828,4.359815,0.445824,0.067359,1.609336
67,9,2,ESCALATION,17.042108,43.270467,3.718774,0.333691,0.112644,10.206340
67,10,3,SURGE,54.612007,196.956748,1.824799,0.850015,0.196554,49.204678
67,11,3,SURGE,70.078574,230.373269,2.371956,1.011497,0.213796,43.762144
67,12,1,RECON,4.091748,10.937498,3.971109,0.354503,0.048680,1.120505
67,13,2,ESCALATION,25.559230,54.877411,2.305558,0.569268,0.187567,9.861387
67,14,2,ESCALATION,28.261458,22.261303,2.676393,0.329989,0.070400,8.853229
67,15,3,SURGE,59.097544,245.893697,1.162704,0.760971,0.243035,37.293268
67,16,3,SURGE,48.116539,220.767383,1.738105,0.793435,0.203637,41.091936
67,17,3,SURGE,61.786620,258.721861,1.476071,0.778638,0.269605,38.578762
67,18,4,SUSTAINED,83.802583,320.731122,1.210651,0.946966,0.382542,62.203324
67,19,4,SUSTAINED,81.049648,269.827703,1.538216,0.957215,0.276913,53.541157
67,20,4,SUSTAINED,88.458632,320.491112,1.254490,0.947861,0.272773,42.219564
67,21,4,SUSTAINED,74.058837,273.211009,1.286808,0.990575,0.294862,63.453502
67,22,4,SUSTAINED,78.915703,298.470385,1.527656,0.955294,0.305343,45.070941
67,23,3,SURGE,70.959523,116.986309,2.037197,0.949966,0.212624,33.343608
67,24,3,SURGE,74.114058,195.222369,1.553837,0.835382,0.256739,34.608770
67,25,3,SURGE,78.103294,196.175438,1.080791,0.763363,0.256356,33.912839
67,26,3,SURGE,43.804969,227.610005,1.075934,0.904630,0.233085,53.747112
67,27,4,SUSTAINED,95.563776,316.822272,1.627622,0.939560,0.313820,62.311862
68,0,3,SURGE,58.412235,245.506478,2.038364,0.840714,0.212812,32.766930
68,1,3,SURGE,50.705250,232.704136,1.718276,0.845491,0.328193,28.301929
68,2,3,SURGE,63.188859,117.061346,2.136752,0.997221,0.228589,32.282235
68,3,3,SURGE,84.154462,163.064725,0.994565,0.926792,0.168105,32.147613
68,4,3,SURGE,64.642106,184.545202,1.507323,0.855753,0.246900,33.905509
68,5,3,SURGE,53.893219,170.965566,1.917564,0.977012,0.203382,30.444850
68,6,4,SUSTAINED,97.242301,269.168844,1.151633,0.954436,0.295654,52.250741
68,7,3,SURGE,64.544586,233.832213,1.735752,0.989395,0.329220,50.648352
68,8,4,SUSTAINED,89.738730,279.916597,1.454194,0.985522,0.376812,49.197049
68,9,0,NORMAL,1.318930,9.537635,3.392627,0.123973,0.005897,0.737968
68,10,0,NORMAL,2.152193,13.850685,3.308758,0.117113,0.021003,0.559412
68,11,0,NORMAL,2.063807,6.298161,4.435451,0.084616,0.003948,0.277747
68,12,0,NORMAL,0.200035,6.910955,3.464892,0.159026,0.026294,0.675150
69,0,2,ESCALATION,21.956164,55.918563,3.053511,0.310296,0.142177,13.342492
69,1,3,SURGE,54.056427,193.520206,1.331832,0.863955,0.282399,42.235713
69,2,4,SUSTAINED,82.967220,274.077361,1.049792,0.921858,0.292541,65.768282
69,3,4,SUSTAINED,86.692810,303.562914,0.791504,0.961000,0.268400,64.783131
69,4,4,SUSTAINED,83.075875,273.772819,1.197145,0.983303,0.340879,54.635859
69,5,1,RECON,3.675060,19.227692,5.001766,0.333210,0.039413,1.776766
69,6,3,SURGE,49.081554,162.227395,1.740636,0.856086,0.177347,50.806549
69,7,3,SURGE,58.005700,175.219174,1.380927,0.811538,0.285714,40.886588
69,8,4,SUSTAINED,75.126654,363.990653,0.628605,0.870743,0.370123,57.844250
69,9,3,SURGE,64.312753,222.848291,1.619907,0.803410,0.290910,45.285426
69,10,3,SURGE,77.642411,213.219043,1.008980,1.077252,0.199093,42.703714
69,11,4,SUSTAINED,76.554997,322.929004,1.273338,0.975662,0.267373,53.955550
69,12,4,SUSTAINED,78.407427,296.437133,1.753291,0.937031,0.214976,63.370549
69,13,4,SUSTAINED,78.951917,286.883539,0.915922,1.046902,0.302074,44.573493
69,14,4,SUSTAINED,89.649374,304.693040,0.929522,0.900446,0.263307,64.129948
69,15,0,NORMAL,0.321276,9.152402,3.570518,0.077555,0.009796,0.180832
69,16,0,NORMAL,2.247513,9.435931,3.622379,0.116384,0.015316,0.438251
69,17,2,ESCALATION,22.072951,31.668620,2.675045,0.625893,0.175283,13.345879
69,18,3,SURGE,72.750461,202.345452,1.917767,0.978828,0.186802,44.399792
70,0,1,RECON,1.856672,21.418088,4.366999,0.207782,0.043483,2.123603
70,1,1,RECON,5.005354,9.250337,5.279537,0.301591,0.028013,0.032233
70,2,1,RECON,6.116183,19.053429,4.890918,0.386090,0.053889,1.796629
70,3,1,RECON,5.841884,24.985157,4.117677,0.447648,0.057463,2.304553
70,4,3,SURGE,76.526782,267.144370,1.180955,1.119218,0.245889,38.180071
70,5,4,SUSTAINED,82.610327,267.499381,1.322476,0.891922,0.371908,58.309444
70,6,4,SUSTAINED,71.815808,346.475377,0.659186,0.960404,0.274735,52.312261
70,7,1,RECON,3.170568,11.701558,3.846059,0.311603,0.073274,2.236280
70,8,2,ESCALATION,7.609116,43.505459,3.226603,0.551479,0.065553,10.802207
70,9,3,SURGE,52.226364,219.477910,1.502468,0.847709,0.222157,31.441626
70,10,3,SURGE,60.568234,184.170070,1.940004,0.924455,0.297930,44.128548
70,11,3,SURGE,43.508587,162.925825,1.231506,0.825142,0.299051,47.764708
70,12,4,SUSTAINED,73.890231,347.923449,1.677380,0.938387,0.318942,62.444399
70,13,4,SUSTAINED,78.908866,281.179877,0.491988,0.953524,0.271605,48.547908
70,14,4,SUSTAINED,68.389502,324.182397,1.345080,0.929990,0.297468,47.858673
70,15,1,RECON,5.374728,19.309250,4.601512,0.235758,0.019619,2.765855
70,16,2,ESCALATION,12.323206,56.136653,3.554784,0.670805,0.077418,3.533717
70,17,2,ESCALATION,13.441370,71.934757,2.362933,0.410551,0.075324,6.404808
70,18,3,SURGE,47.199498,243.374398,1.442072,1.147913,0.191321,52.718929
70,19,3,SURGE,54.108429,255.653816,1.335326,0.860494,0.203935,32.721429
70,20,4,SUSTAINED,80.165568,251.929342,1.888052,0.937024,0.302624,51.242575
70,21,4,SUSTAINED,77.136975,299.912087,1.195623,0.990243,0.309089,59.225698
70,22,4,SUSTAINED,81.850020,292.760830,1.500934,0.966131,0.293677,53.872539
70,23,4,SUSTAINED,80.243551,298.309167,1.032348,0.988245,0.333123,65.703141
70,24,4,SUSTAINED,85.331510,242.725881,1.448713,0.877171,0.260627,56.993352
70,25,4,SUSTAINED,73.933172,285.455519,1.418888,0.903355,0.297834,52.728062
70,26,4,SUSTAINED,96.897576,324.596723,1.454377,0.858236,0.341804,51.335465
70,27,3,SURGE,50.610913,214.845384,2.520540,0.912717,0.227008,38.142710
70,28,3,SURGE,74.489633,212.515324,1.080441,0.798368,0.250764,47.455963
70,29,3,SURGE,71.134093,196.334658,1.127903,0.853231,0.337428,28.894293
70,30,4,SUSTAINED,87.620669,306.493711,0.962628,0.998240,0.340492,56.988344
70,31,3,SURGE,55.416954,211.387043,0.975228,1.032778,0.335010,38.112361
70,32,4,SUSTAINED,89.486416,358.666825,1.667094,0.863223,0.287378,58.004130
70,33,4,SUSTAINED,94.262134,348.881255,0.955221,0.941880,0.270018,53.829229
70,34,4,SUSTAINED,87.634063,273.346060,0.414975,0.869773,0.258868,51.065850
70,35,4,SUSTAINED,83.886367,267.606183,0.836670,0.903528,0.255374,51.673038
70,36,2,ESCALATION,18.445284,35.157059,2.585442,0.418247,0.132355,7.537162
71,0,1,RECON,4.901267,15.120545,3.219163,0.293249,0.084659,1.317673
71,1,2,ESCALATION,8.438842,28.111583,2.327649,0.432503,0.083777,7.321925
71,2,4,SUSTAINED,74.992430,315.052754,0.792526,0.932243,0.311714,50.306398
71,3,4,SUSTAINED,67.830990,326.653487,1.309740,0.952783,0.344993,53.023906
71,4,4,SUSTAINED,90.980354,355.222974,0.991969,0.944313,0.341802,54.531130
71,5,4,SUSTAINED,86.243229,283.130863,1.325782,0.949690,0.251325,49.062084
71,6,4,SUSTAINED,87.428159,328.840745,1.424974,0.972006,0.316513,56.665363
71,7,4,SUSTAINED,83.802901,257.867335,0.962926,0.898554,0.344286,64.924601
71,8,3,SURGE,75.648146,203.468855,1.905088,0.950647,0.322020,41.677939
71,9,4,SUSTAINED,79.154601,315.469681,1.135212,0.982887,0.297372,51.426944
71,10,4,SUSTAINED,76.865477,306.137149,0.612182,0.910996,0.220132,51.297551
71,11,4,SUSTAINED,70.511069,321.094792,2.054648,1.022677,0.305341,60.150607
71,12,4,SUSTAINED,67.412683,300.860943,1.319583,1.004720,0.277250,56.160373
71,13,4,SUSTAINED,78.948847,297.825754,0.943589,0.963985,0.307802,52.359929
71,14,4,SUSTAINED,88.222653,320.321289,0.887267,0.954982,0.263543,55.579328
71,15,4,SUSTAINED,90.217307,323.499944,1.545897,1.002586,0.289176,52.446342
71,16,4,SUSTAINED,78.679043,259.362581,1.502240,0.957189,0.360238,56.457818
71,17,4,SUSTAINED,72.743070,345.783624,0.738460,0.920732,0.264505,41.829521
71,18,4,SUSTAINED,75.540653,327.161041,1.316726,0.980357,0.281784,50.414511
71,19,4,SUSTAINED,87.353345,298.488540,0.989419,0.890049,0.308167,51.675595
71,20,4,SUSTAINED,78.089770,286.667071,1.288141,0.977725,0.378611,59.547806
71,21,2,ESCALATION,10.906998,25.985828,2.791342,0.628704,0.128046,11.634145
71,22,2,ESCALATION,21.264884,55.031939,1.873592,0.608529,0.106779,9.143688
71,23,2,ESCALATION,17.151377,27.907624,2.714184,0.257353,0.125962,12.193911
71,24,4,SUSTAINED,74.628290,273.528920,1.063828,0.970621,0.282277,58.915181
71,25,3,SURGE,71.017593,155.272756,2.054372,1.046607,0.327634,38.737481
71,26,3,SURGE,50.157588,155.928805,1.504676,0.984785,0.315328,36.115543
71,27,2,ESCALATION,14.479062,40.470796,3.241450,0.554427,0.105673,9.074916
71,28,4,SUSTAINED,84.843496,274.845301,1.468899,0.962768,0.282615,56.405378
71,29,0,NORMAL,3.081784,4.861533,4.162492,0.101158,0.014938,0.338973
72,0,1,RECON,8.961773,9.911923,3.439658,0.375158,0.049087,2.667535
72,1,1,RECON,3.838745,16.870789,2.294328,0.185652,0.068966,2.953520
72,2,0,NORMAL,2.440869,1.231793,3.182497,0.166233,0.036231,0.908794
72,3,0,NORMAL,0.693424,7.878105,3.507404,0.178278,0.022278,0.505004
72,4,0,NORMAL,2.399859,9.879320,3.137731,0.047119,0.033706,0.007688
72,5,0,NORMAL,0.089321,6.246377,3.985927,0.100017,0.006835,0.627928
72,6,0,NORMAL,1.783952,6.128233,3.482697,0.070904,0.044345,0.427995
72,7,0,NORMAL,1.458364,13.330853,2.680467,0.117972,0.017607,0.072980
72,8,0,NORMAL,2.316954,5.406820,3.629782,0.186458,0.021706,0.063946
72,9,0,NORMAL,1.714594,6.943295,3.576007,0.115622,0.037305,0.498884
72,10,2,ESCALATION,20.769031,68.945369,2.939466,0.463041,0.124902,7.366761
72,11,3,SURGE,65.634743,235.690059,2.076435,0.826924,0.261308,41.982396
72,12,2,ESCALATION,15.574280,50.557040,2.927050,0.611102,0.148812,5.731003
72,13,2,ESCALATION,12.886959,41.514915,1.830381,0.503633,0.119173,7.534701
72,14,2,ESCALATION,17.092185,71.166795,2.548141,0.324258,0.096382,13.650684
72,15,2,ESCALATION,18.250678,67.368698,1.380679,0.561533,0.124136,7.197994
72,16,4,SUSTAINED,75.274701,290.142945,1.109371,0.925461,0.286221,62.144751
72,17,4,SUSTAINED,66.007533,336.203553,1.142395,0.930588,0.295551,56.255660
72,18,3,SURGE,65.059311,161.509497,1.379270,0.678530,0.308612,38.591298
72,19,3,SURGE,64.765746,221.992551,1.496890,0.938823,0.201936,30.630572
72,20,3,SURGE,53.202236,257.018567,1.650058,0.828352,0.236423,41.064053
72,21,4,SUSTAINED,82.173968,302.059636,0.782803,0.842455,0.285056,58.362956
72,22,4,SUSTAINED,89.892513,298.593399,1.607159,1.007595,0.342051,47.778930
72,23,0,NORMAL,3.222773,8.817034,3.777180,0.030606,0.039188,0.262588
72,24,0,NORMAL,1.648874,0.657548,2.957437,0.227926,0.016200,0.071664
72,25,0,NORMAL,1.102196,10.593558,3.055228,0.113537,0.008529,1.279708
72,26,0,NORMAL,1.854494,7.121125,3.223200,0.061954,0.012116,1.003499
72,27,2,ESCALATION,4.352905,32.510484,3.356635,0.462151,0.094637,11.509443
72,28,1,RECON,6.264835,14.660584,4.660701,0.260886,0.045169,2.656107
72,29,1,RECON,5.302520,21.740124,4.067658,0.252838,0.081983,2.471465
72,30,1,RECON,3.693831,23.124488,4.292320,0.283645,0.052300,2.270237
72,31,0,NORMAL,3.203687,11.778015,3.765944,0.168736,0.020085,0.707099
72,32,0,NORMAL,3.019038,10.747997,3.815595,0.197856,0.014603,0.453434
72,33,0,NORMAL,1.631933,2.033684,4.187432,0.048698,0.021698,0.073442
72,34,0,NORMAL,1.214604,4.592114,3.597172,0.064963,0.014258,0.551537
72,35,0,NORMAL,1.181600,5.026423,3.511742,0.126963,0.034628,0.178601
72,36,0,NORMAL,3.175786,13.919284,3.003455,0.063059,0.023811,0.326677
72,37,0,NORMAL,2.244471,12.648260,2.845259,0.174917,0.014252,0.603738
72,38,0,NORMAL,2.325324,7.107527,3.859088,0.091342,0.025214,0.438596
72,39,0,NORMAL,0.605768,4.959435,2.795536,0.097179,0.004705,0.292451
73,0,0,NORMAL,1.009320,4.140363,3.624169,0.184341,0.018839,0.488384
73,1,1,RECON,6.756459,20.127075,3.734127,0.345596,0.022784,1.501060
73,2,1,RECON,7.603985,20.187423,2.656517,0.179178,0.036411,1.862641
73,3,2,ESCALATION,13.768431,76.509429,3.040502,0.532824,0.059298,3.083046
73,4,4,SUSTAINED,66.564887,302.251058,1.315166,0.901736,0.305917,63.813963
73,5,4,SUSTAINED,86.163283,294.754785,1.421431,1.017590,0.219711,63.892414
73,6,4,SUSTAINED,75.720296,289.352161,1.296025,0.894437,0.288607,58.151663
73,7,0,NORMAL,2.380815,7.028094,3.846855,0.152821,0.029964,0.628283
73,8,0,NORMAL,2.871061,16.029524,4.109034,0.095563,0.010883,0.421658
73,9,0,NORMAL,2.511423,5.899231,4.096089,0.030522,0.003675,0.459465
73,10,0,NORMAL,0.741766,6.088790,3.119257,0.100507,0.013795,0.338260
73,11,0,NORMAL,3.014242,12.412236,3.573884,0.111277,0.018168,0.644375
73,12,0,NORMAL,3.325848,2.333886,3.382751,0.116959,0.019737,0.218248
73,13,0,NORMAL,2.806322,5.729222,2.622550,0.142829,0.024590,0.465238
73,14,0,NORMAL,1.886559,11.646763,2.692650,0.021801,0.013722,0.492007
73,15,1,RECON,6.285633,23.444170,4.423015,0.356043,0.055442,2.007606
73,16,2,ESCALATION,9.860041,29.736223,2.710897,0.534842,0.042030,8.217785
73,17,2,ESCALATION,9.654003,40.619759,2.127714,0.590999,0.093280,10.445642
74,0,0,NORMAL,1.976909,13.620148,2.688470,0.164224,0.036545,0.729745
74,1,0,NORMAL,3.426902,7.034716,3.147107,0.080587,0.014298,0.216013
74,2,0,NORMAL,1.226552,7.911059,2.778114,0.101541,0.008441,0.145854
74,3,0,NORMAL,3.056972,9.321241,3.754560,0.093504,0.016644,0.737342
74,4,0,NORMAL,2.834434,11.707841,3.079307,0.065278,0.014543,0.059911
74,5,0,NORMAL,3.301450,4.863273,4.162598,0.078328,0.041140,0.295456
74,6,0,NORMAL,4.059507,5.269451,3.156150,0.166909,0.024745,0.808645
74,7,0,NORMAL,2.654828,5.085670,2.831341,0.111938,0.022285,0.516004
74,8,0,NORMAL,2.873566,12.409188,2.904829,0.175101,0.038823,0.390131
74,9,2,ESCALATION,8.082505,43.072229,4.008485,0.502562,0.075313,5.943793
74,10,1,RECON,6.749152,17.539656,5.879864,0.362821,0.066599,1.806316
74,11,0,NORMAL,1.126419,3.892259,3.955197,0.080754,0.029525,0.540774
74,12,0,NORMAL,0.830397,8.904898,3.390683,0.145109,0.012846,0.684832
74,13,0,NORMAL,2.272556,10.355874,3.785945,0.194905,0.023716,0.709988
74,14,0,NORMAL,1.225611,4.375473,4.133462,0.049582,0.027459,0.624805
74,15,1,RECON,3.970576,14.046350,4.502697,0.270766,0.025379,3.550820
74,16,1,RECON,3.012735,16.789321,5.202287,0.083326,0.073398,1.270821
74,17,2,ESCALATION,11.619965,79.878753,2.874772,0.393786,0.087956,8.268911
75,0,0,NORMAL,1.998595,3.868513,3.329866,0.130333,0.013301,0.701834
75,1,0,NORMAL,2.436725,7.346780,4.097072,0.013093,0.013247,0.869729
75,2,0,NORMAL,4.285992,8.151067,3.728949,0.140871,0.032751,0.593928
75,3,1,RECON,5.919548,20.611120,3.465305,0.267079,0.039545,1.048884
75,4,3,SURGE,55.763725,189.444707,1.542015,0.955574,0.259406,37.944711
75,5,3,SURGE,68.770691,195.927111,1.326484,0.881355,0.213363,35.754609
75,6,4,SUSTAINED,77.701301,319.672649,1.322134,1.027337,0.348469,66.738531
75,7,3,SURGE,65.431052,180.503369,1.830406,0.834388,0.176477,52.210587
75,8,3,SURGE,64.388518,164.786745,1.950667,1.026295,0.276459,49.970918
75,9,3,SURGE,82.341747,229.846609,1.139779,0.906961,0.242375,37.996608
75,10,4,SUSTAINED,83.094916,258.427411,0.442378,0.932799,0.269764,49.830778
75,11,4,SUSTAINED,73.193257,294.790744,1.009754,0.969367,0.355706,58.098205
75,12,1,RECON,7.218253,12.905696,4.551292,0.399516,0.041281,1.367499
75,13,2,ESCALATION,7.591856,33.679931,2.399946,0.567577,0.108757,11.097113
75,14,3,SURGE,50.245270,220.956479,1.180533,0.839650,0.157162,42.326768
75,15,3,SURGE,49.707111,240.868144,1.476241,0.723459,0.205264,32.348261
75,16,3,SURGE,64.195143,273.956913,0.927542,0.851522,0.205201,29.856164
75,17,3,SURGE,60.014800,127.447906,1.507260,0.779460,0.250591,50.155972
75,18,3,SURGE,61.775171,178.849370,1.526747,0.956325,0.273208,39.206250
75,19,3,SURGE,46.834382,170.626529,1.783024,0.984203,0.254680,51.831726
75,20,4,SUSTAINED,78.134980,263.407417,1.631620,0.988516,0.371932,68.001085
76,0,0,NORMAL,2.918362,9.969448,3.548890,0.038693,0.019110,0.555412
76,1,0,NORMAL,2.272987,9.991404,3.437935,0.159074,0.026317,0.143920
76,2,0,NORMAL,3.225572,9.396424,3.640359,0.182931,0.003667,0.872367
76,3,1,RECON,7.190355,18.601879,3.205659,0.250348,0.070435,1.831834
76,4,1,RECON,3.743656,21.211237,5.600508,0.085912,0.106014,2.162997
76,5,1,RECON,4.127477,17.982424,4.354010,0.195090,0.033886,2.947654
76,6,3,SURGE,64.410391,185.179324,1.115717,1.097193,0.202275,30.959184
76,7,3,SURGE,52.314414,200.255226,1.562160,0.923466,0.243805,34.382706
76,8,3,SURGE,58.883072,180.175308,2.091997,0.887869,0.304599,49.814708
76,9,3,SURGE,66.911578,199.974660,1.474383,0.875588,0.141655,45.750454
76,10,4,SUSTAINED,86.604194,296.489953,1.399448,0.881125,0.253229,40.142730
76,11,4,SUSTAINED,92.796225,276.824232,0.928985,0.966733,0.282980,46.401454
76,12,4,SUSTAINED,79.703915,267.505108,0.999049,0.941343,0.292990,62.812986
76,13,4,SUSTAINED,94.841665,287.027312,1.327931,1.001099,0.347806,62.871233
76,14,4,SUSTAINED,79.956086,225.617323,1.141197,1.004563,0.335873,54.481077
76,15,4,SUSTAINED,76.927958,278.515805,1.059551,0.893877,0.324896,56.730891
76,16,4,SUSTAINED,76.685031,298.257811,0.546474,0.968811,0.303954,48.396834
76,17,4,SUSTAINED,77.937206,352.929358,0.881662,0.966571,0.256369,51.652759
76,18,0,NORMAL,1.788637,7.982027,3.666361,0.075316,0.028841,0.408356
76,19,1,RECON,5.722623,19.135001,4.715382,0.331696,0.059381,1.739702
76,20,1,RECON,2.144722,9.646449,5.610181,0.078723,0.073874,1.343305
76,21,1,RECON,0.594920,16.824530,5.363220,0.371321,0.043255,0.445618
76,22,3,SURGE,73.891471,186.070352,1.471270,0.928354,0.184858,43.258321
76,23,3,SURGE,62.937028,176.877963,0.870754,0.857263,0.282039,43.152481
76,24,4,SUSTAINED,87.185055,293.892180,1.216883,0.926012,0.338265,56.749171
76,25,4,SUSTAINED,68.087762,333.148838,0.976780,0.953603,0.394104,59.809057
76,26,4,SUSTAINED,75.695001,332.129292,1.208001,0.968301,0.380834,53.328125
76,27,4,SUSTAINED,72.774283,326.654057,1.031812,1.001136,0.234003,58.291828
77,0,0,NORMAL,1.986441,6.393983,3.306720,0.057481,0.028378,0.185409
77,1,0,NORMAL,2.345240,12.840484,3.495351,0.087874,0.022736,0.000000
77,2,0,NORMAL,1.624634,5.861093,2.699583,0.142889,0.022598,0.542080
77,3,0,NORMAL,2.079393,9.543348,3.367552,0.122229,0.012039,0.529246
77,4,0,NORMAL,3.232020,11.982766,3.642784,0.101581,0.015512,0.000000
77,5,1,RECON,4.663890,17.458558,5.329778,0.431480,0.036270,2.654661
77,6,2,ESCALATION,18.413082,62.090266,3.545256,0.426103,0.140572,2.381558
77,7,4,SUSTAINED,79.799866,299.888160,0.588769,0.930567,0.354219,52.439789
77,8,3,SURGE,60.345551,242.506766,1.576600,0.806819,0.252823,52.809735
77,9,3,SURGE,58.835537,290.229753,1.963686,0.981673,0.265867,45.842191
77,10,3,SURGE,38.171847,215.797449,1.435678,0.850022,0.240228,27.553211
77,11,3,SURGE,72.465024,218.486313,0.534795,0.842362,0.294028,37.759885
77,12,4,SUSTAINED,88.398014,259.298664,1.157003,0.927596,0.244430,46.274354
77,13,0,NORMAL,1.359075,8.849689,4.022107,0.125682,0.027504,0.420015
77,14,0,NORMAL,1.851625,6.675583,4.448550,0.000000,0.001267,0.614810
77,15,1,RECON,2.126031,12.726945,3.460475,0.389234,0.074248,3.311650
77,16,1,RECON,5.618787,10.054944,3.106301,0.156437,0.075777,2.333780
77,17,1,RECON,5.459257,17.716109,3.303086,0.351317,0.046277,1.039743
77,18,1,RECON,4.148425,19.137417,4.100017,0.389138,0.054403,1.293040
77,19,2,ESCALATION,16.773444,57.669995,3.421525,0.407603,0.126717,2.825548
77,20,0,NORMAL,1.725340,12.343536,3.421832,0.130399,0.002382,0.394473
77,21,0,NORMAL,4.475511,5.999610,3.536640,0.106329,0.004105,0.342189
77,22,0,NORMAL,2.085722,1.098767,3.216504,0.151041,0.025882,0.865410
77,23,0,NORMAL,3.280930,7.866782,4.296111,0.100165,0.000000,0.754776
77,24,0,NORMAL,1.623770,3.640711,4.311100,0.073945,0.035750,0.370627
77,25,0,NORMAL,3.319529,7.779996,3.468214,0.035919,0.015424,0.628609
77,26,0,NORMAL,1.460912,6.738661,3.533220,0.173978,0.017000,0.292850
77,27,0,NORMAL,1.566815,7.428026,3.321077,0.086162,0.020778,0.776239
77,28,0,NORMAL,3.077096,11.132086,3.604276,0.118816,0.031087,0.166637
77,29,0,NORMAL,1.487415,6.947105,2.894050,0.040892,0.029740,1.181058
78,0,2,ESCALATION,20.001223,83.280717,3.712584,0.464201,0.121151,9.884174
78,1,2,ESCALATION,9.520319,38.018357,3.488892,0.687696,0.091697,8.783166
78,2,1,RECON,1.591462,15.768238,5.814297,0.329931,0.027416,2.093826
78,3,1,RECON,0.000000,18.881429,3.902068,0.135800,0.051639,1.890816
78,4,1,RECON,4.303479,12.893312,3.036158,0.230931,0.067185,2.186456
78,5,1,RECON,2.920464,16.130425,4.789726,0.350478,0.040456,0.000000
78,6,1,RECON,4.034611,13.464470,3.869459,0.381655,0.049254,2.791757
78,7,1,RECON,4.389872,8.304889,3.858738,0.195434,0.075625,2.327770
78,8,1,RECON,4.141304,12.901410,3.358750,0.326544,0.086203,2.329906
78,9,1,RECON,4.622458,17.843498,5.821314,0.423361,0.055199,2.087786
78,10,1,RECON,5.988551,15.934010,3.524737,0.403222,0.050440,2.758982
78,11,1,RECON,6.041229,19.792742,6.760194,0.320702,0.028189,1.775020
78,12,3,SURGE,47.058326,169.901616,1.942571,0.872838,0.244488,48.586983
78,13,2,ESCALATION,7.656988,29.166710,3.149068,0.538870,0.072297,4.523625
78,14,2,ESCALATION,20.582586,37.462731,2.402390,0.321422,0.085303,9.014237
78,15,3,SURGE,62.177815,197.852876,1.845175,0.969622,0.221117,58.416481
78,16,2,ESCALATION,16.181877,58.270229,3.007523,0.728810,0.076404,10.350147
78,17,1,RECON,6.965446,16.925073,3.919668,0.373207,0.057160,1.343765
78,18,1,RECON,6.465019,17.628979,3.825415,0.336413,0.063210,0.724740
78,19,0,NORMAL,2.652555,0.942654,3.598095,0.134730,0.025809,0.740735
78,20,0,NORMAL,0.960094,2.600767,4.046112,0.135153,0.031685,0.282458
78,21,0,NORMAL,0.497319,5.391519,3.562989,0.133160,0.036790,0.427981
78,22,0,NORMAL,1.082851,5.936462,4.610513,0.137844,0.031125,0.428304
78,23,1,RECON,6.398529,15.471006,3.966954,0.232530,0.041050,2.039183
78,24,1,RECON,5.571958,19.422909,4.056601,0.217254,0.052099,1.596076
78,25,1,RECON,7.196255,11.735299,5.938789,0.292748,0.058237,1.397800
78,26,2,ESCALATION,14.371868,44.088225,2.454691,0.459726,0.116734,8.518432
78,27,2,ESCALATION,11.442893,38.462398,2.523475,0.569041,0.126490,10.391133
78,28,2,ESCALATION,16.917810,47.473239,1.754621,0.467611,0.084987,4.882864
78,29,3,SURGE,61.350914,154.670129,1.215686,1.054790,0.169865,38.534543
78,30,3,SURGE,52.483632,192.090511,1.104970,0.957393,0.317558,46.733425
78,31,3,SURGE,46.202643,190.277159,1.686968,0.987119,0.337668,48.552317
78,32,1,RECON,10.267191,18.481545,3.968753,0.317736,0.031699,2.054107
78,33,0,NORMAL,1.470481,7.653998,3.974818,0.155555,0.010364,1.122810
78,34,0,NORMAL,2.240045,3.146920,3.189971,0.152491,0.021698,0.532344
78,35,0,NORMAL,0.556796,7.710174,4.204165,0.154335,0.018748,0.969101
78,36,0,NORMAL,1.028302,13.590867,3.788987,0.085556,0.019447,0.258011
78,37,0,NORMAL,2.197388,8.059654,2.920122,0.113238,0.014705,0.204207
78,38,0,NORMAL,4.169721,13.827860,3.825061,0.086721,0.019296,0.621681
78,39,1,RECON,7.637620,7.821363,3.963420,0.380107,0.033097,1.807881
78,40,1,RECON,8.036538,11.530309,3.105540,0.205397,0.019249,0.826897
78,41,2,ESCALATION,21.167468,45.318848,2.818825,0.356680,0.125341,13.627292
79,0,4,SUSTAINED,82.915395,300.505905,1.320037,0.969526,0.374284,58.121324
79,1,3,SURGE,55.785002,233.563085,1.117261,0.910900,0.394164,19.966481
79,2,3,SURGE,62.716229,190.876438,1.418192,0.909141,0.237400,41.775838
79,3,2,ESCALATION,25.111964,46.219794,3.141767,0.399645,0.137326,10.200403
79,4,2,ESCALATION,9.863323,38.713954,3.811704,0.385479,0.125636,5.165986
79,5,3,SURGE,53.136026,161.472484,1.215063,0.844620,0.270234,40.555070
79,6,4,SUSTAINED,79.776424,265.694958,1.393067,0.991345,0.299042,56.629920
79,7,4,SUSTAINED,78.739176,271.672261,1.373759,0.893367,0.291577,51.406060
79,8,1,RECON,4.499825,22.499457,5.084535,0.392621,0.056727,1.793827
79,9,1,RECON,5.735322,6.603341,2.661306,0.283833,0.055292,1.639132
79,10,1,RECON,4.733718,20.310508,4.000474,0.438631,0.081302,2.410047
79,11,1,RECON,3.899459,10.766306,4.166066,0.194996,0.043419,2.208480
79,12,2,ESCALATION,8.681294,42.397279,2.768484,0.425916,0.089179,5.881438
79,13,1,RECON,3.930498,16.934157,3.951688,0.311180,0.058378,2.545381
79,14,1,RECON,1.848406,24.357982,4.508357,0.204534,0.055554,2.854396
79,15,3,SURGE,62.506103,242.386825,1.016159,0.896410,0.233249,42.740559
79,16,3,SURGE,62.498894,162.492370,0.994625,1.064578,0.275690,43.584651
79,17,3,SURGE,62.678618,160.521604,1.654879,0.782513,0.232036,34.856855
79,18,3,SURGE,56.532314,164.045343,1.415844,0.900172,0.338397,42.437672
79,19,3,SURGE,64.956138,234.872340,1.681712,0.928171,0.285562,20.586925
79,20,4,SUSTAINED,92.717839,306.514073,0.776098,1.010518,0.272245,58.203046
79,21,4,SUSTAINED,97.811255,256.733497,1.220696,0.843891,0.298351,52.448289
80,0,2,ESCALATION,9.879397,45.770576,2.642853,0.574338,0.114735,10.166675
80,1,4,SUSTAINED,85.290519,273.064082,1.316640,1.030410,0.232800,57.934048
80,2,4,SUSTAINED,91.689491,321.781408,1.230095,0.971504,0.270598,52.672192
80,3,4,SUSTAINED,91.896236,313.504720,0.925166,0.963568,0.346374,60.956754
80,4,3,SURGE,28.661612,215.815443,1.145252,0.962233,0.297514,48.909065
80,5,3,SURGE,72.363569,269.981953,2.051624,1.046622,0.247957,29.685389
80,6,4,SUSTAINED,80.503623,336.861242,1.034918,0.998196,0.202201,52.537340
80,7,4,SUSTAINED,83.700870,332.160740,0.871757,0.982998,0.349067,69.075469
80,8,4,SUSTAINED,76.323952,261.847060,1.748761,0.986867,0.299121,45.281090
80,9,4,SUSTAINED,85.050562,310.614991,0.616101,0.981631,0.237263,63.124054
80,10,4,SUSTAINED,76.292628,329.704630,1.306050,1.016246,0.303219,55.832916
80,11,4,SUSTAINED,82.103737,350.938526,1.049171,0.982398,0.264782,42.599607
80,12,4,SUSTAINED,82.963243,296.698462,0.751205,0.965215,0.310653,49.667316
80,13,4,SUSTAINED,77.980897,319.587877,1.324996,0.905958,0.305477,60.322758
80,14,3,SURGE,60.631554,253.585639,0.990027,1.015553,0.330959,38.222356
80,15,3,SURGE,70.330944,192.554785,0.558749,0.890121,0.273520,45.920671
80,16,4,SUSTAINED,77.841591,329.307218,1.182000,0.873563,0.349506,53.715334
80,17,1,RECON,2.209087,17.395066,4.607789,0.291286,0.026340,0.090557
80,18,1,RECON,5.496076,23.834005,4.942935,0.359685,0.043573,2.391814
80,19,2,ESCALATION,15.415055,78.525516,1.900347,0.258964,0.139523,5.543771
80,20,2,ESCALATION,21.686707,73.813573,3.330662,0.361762,0.033626,12.485884
80,21,2,ESCALATION,22.924428,60.044221,2.754248,0.566307,0.118612,7.392769
80,22,2,ESCALATION,21.957004,52.334890,2.440003,0.695893,0.019098,9.331678
80,23,1,RECON,3.343296,22.868927,4.178891,0.245430,0.069264,1.131452
80,24,1,RECON,1.035308,19.428522,4.235075,0.246030,0.057792,1.936344
80,25,2,ESCALATION,17.800755,56.790413,2.975117,0.429175,0.087928,8.744648
80,26,2,ESCALATION,20.557264,51.401753,3.025580,0.289597,0.137729,6.256479
80,27,3,SURGE,76.461860,227.904861,1.890838,0.945450,0.245342,37.763168
80,28,4,SUSTAINED,89.060152,297.954488,1.821763,0.940134,0.244240,44.670864
80,29,3,SURGE,55.861882,190.719279,1.773040,0.897139,0.292169,40.359143
80,30,3,SURGE,54.224851,256.903538,0.887406,0.930131,0.240917,46.254037
80,31,3,SURGE,60.086437,189.334415,2.057303,0.900241,0.348483,42.177977
80,32,0,NORMAL,1.854673,9.692741,3.205803,0.107287,0.020081,0.597574
80,33,0,NORMAL,2.401995,8.284714,4.284472,0.121128,0.046060,0.514955
80,34,1,RECON,3.547902,25.003946,3.636573,0.345588,0.044711,2.361606
80,35,0,NORMAL,1.210747,7.185223,4.270790,0.123364,0.007111,0.828615
80,36,0,NORMAL,2.743359,9.659495,3.808155,0.192659,0.011714,0.683238
80,37,0,NORMAL,1.356658,5.762739,3.356406,0.116237,0.005895,0.665421
80,38,0,NORMAL,3.293331,9.541300,4.456570,0.133439,0.016952,0.260397
80,39,1,RECON,4.939499,23.930695,3.457105,0.502090,0.075496,1.837181
80,40,1,RECON,3.433744,19.027949,3.178823,0.484657,0.017052,0.847647
80,41,2,ESCALATION,21.611618,64.322673,2.873230,0.652839,0.095383,9.267286
80,42,1,RECON,4.506762,14.168137,4.576297,0.374027,0.052209,2.802705
80,43,0,NORMAL,2.127546,9.123725,3.643681,0.180664,0.023696,0.408829
80,44,0,NORMAL,3.008851,10.322706,3.859404,0.025097,0.000000,0.882579
80,45,0,NORMAL,1.978423,10.082939,4.463655,0.170677,0.029622,0.233982
80,46,0,NORMAL,0.000000,9.900540,4.054314,0.159509,0.026754,0.453780
81,0,0,NORMAL,1.836575,5.066521,4.377977,0.034881,0.018029,0.000000
81,1,1,RECON,4.995233,16.216048,3.453773,0.300246,0.039111,1.890506
81,2,1,RECON,5.344354,20.664336,3.828428,0.221556,0.049541,4.003141
81,3,1,RECON,5.722876,13.858007,1.995782,0.221017,0.097614,2.476312
81,4,0,NORMAL,1.652278,0.929507,2.945645,0.119851,0.022376,0.496873
81,5,0,NORMAL,2.939716,6.495960,3.653908,0.109766,0.016315,0.235611
81,6,0,NORMAL,3.873622,11.337344,4.010194,0.060677,0.005623,0.828948
81,7,0,NORMAL,2.137249,6.888380,2.768028,0.143370,0.031861,0.296272
81,8,0,NORMAL,3.241062,6.074407,4.389530,0.094547,0.016134,0.513532
81,9,0,NORMAL,2.403839,6.840105,4.063106,0.144291,0.030881,0.555356
81,10,1,RECON,4.981872,15.871516,5.373277,0.400227,0.048170,1.258820
81,11,1,RECON,5.273368,17.349163,5.439722,0.249005,0.043621,1.815393
81,12,2,ESCALATION,16.578677,38.564829,2.457567,0.394335,0.076517,5.483257
81,13,2,ESCALATION,14.222035,50.720122,4.212273,0.476666,0.124198,10.156249
81,14,3,SURGE,62.737991,200.827928,1.581023,0.841348,0.225289,40.135378
81,15,3,SURGE,74.960728,286.434321,1.568140,0.966547,0.304053,29.402642
81,16,3,SURGE,55.735602,291.628969,1.424696,0.990818,0.241079,57.573542
81,17,3,SURGE,71.650888,225.067115,1.661724,0.922901,0.216649,19.311550
81,18,4,SUSTAINED,76.089287,335.088004,1.305509,1.010013,0.332076,40.211829
81,19,4,SUSTAINED,77.250596,334.950336,1.377362,0.980148,0.289110,49.524363
81,20,4,SUSTAINED,65.600862,282.289688,0.760752,0.878113,0.304659,58.204294
81,21,3,SURGE,55.012095,162.103674,1.373123,0.817778,0.246858,27.827746
81,22,3,SURGE,54.329689,215.050276,1.854889,0.932787,0.289956,23.466886
81,23,3,SURGE,71.030767,220.369182,2.239385,1.070438,0.264980,37.984171
81,24,4,SUSTAINED,76.193531,287.752593,1.022025,0.904083,0.316063,65.179838
81,25,3,SURGE,56.775799,240.561154,1.638660,0.895930,0.244844,38.400479
81,26,3,SURGE,61.396701,170.863088,1.189259,0.930590,0.271433,37.494939
81,27,2,ESCALATION,21.254826,65.579069,1.607574,0.700937,0.091641,8.569961
81,28,1,RECON,8.305078,23.014326,4.392824,0.162436,0.009475,2.702527
81,29,1,RECON,3.370710,16.651100,3.754187,0.241610,0.071499,2.174699
81,30,1,RECON,10.315040,10.827896,4.638329,0.195102,0.046851,2.118911
82,0,0,NORMAL,1.720915,4.760142,3.816155,0.114067,0.024352,0.479137
82,1,0,NORMAL,3.175600,11.065359,4.207400,0.118630,0.033527,0.375175
82,2,0,NORMAL,3.195101,10.530265,3.354775,0.047687,0.017960,0.294539
82,3,0,NORMAL,2.760041,5.702232,2.977505,0.061084,0.014412,0.449990
82,4,0,NORMAL,1.033483,14.868612,3.028350,0.029548,0.036883,0.896377
82,5,0,NORMAL,2.381332,9.219707,3.568356,0.035176,0.000000,0.246582
82,6,3,SURGE,78.554135,189.526521,1.116814,0.927812,0.271949,44.805756
82,7,4,SUSTAINED,105.262049,333.974240,1.140641,0.914076,0.339492,57.972368
82,8,4,SUSTAINED,83.666677,296.618412,1.320559,0.986318,0.313733,56.745531
82,9,4,SUSTAINED,67.223143,276.063532,1.207968,0.913507,0.284159,62.726451
82,10,4,SUSTAINED,65.366312,287.299748,1.217434,0.951984,0.322241,57.846331
82,11,3,SURGE,48.069602,182.354430,1.250889,0.871490,0.284558,43.232822
82,12,3,SURGE,56.159168,260.334431,1.769135,0.911223,0.280167,34.593917
82,13,2,ESCALATION,11.966518,61.211854,2.848130,0.479475,0.066086,2.132523
82,14,2,ESCALATION,13.960526,43.556930,2.397012,0.688178,0.135254,5.098282
82,15,2,ESCALATION,14.274648,40.841867,2.623833,0.382505,0.047165,10.328393
82,16,3,SURGE,66.172095,211.488533,1.719416,0.695401,0.206662,44.554918
82,17,3,SURGE,63.730651,144.371817,1.506578,1.060999,0.288730,25.194072
82,18,3,SURGE,78.222382,311.880640,1.690030,0.763558,0.271734,52.768269
82,19,3,SURGE,70.431089,166.415880,1.648941,0.651042,0.202483,39.951035
82,20,3,SURGE,46.993825,180.013752,1.631862,0.891377,0.253047,45.855750
82,21,0,NORMAL,3.359178,5.032187,4.464001,0.155652,0.016440,0.413204
82,22,0,NORMAL,2.598671,11.283645,2.829704,0.121872,0.000000,0.446810
82,23,0,NORMAL,0.582391,3.202287,3.610398,0.169371,0.023254,0.000000
83,0,3,SURGE,48.207576,205.467452,1.578398,0.851024,0.340738,44.723738
83,1,3,SURGE,69.205818,193.997058,1.422221,0.870238,0.284055,34.797079
83,2,2,ESCALATION,11.270653,53.217126,2.662552,0.432381,0.186894,6.682837
83,3,2,ESCALATION,11.679332,50.615609,2.739216,0.332112,0.083025,9.829060
83,4,3,SURGE,60.240006,202.359792,1.355602,0.849756,0.204021,27.546804
83,5,4,SUSTAINED,87.232423,287.267492,1.096194,0.931726,0.349788,49.429705
83,6,4,SUSTAINED,79.452271,302.037805,1.273305,0.952858,0.331721,54.824456
83,7,4,SUSTAINED,80.355840,248.895994,1.391493,0.969605,0.301302,53.442572
83,8,4,SUSTAINED,64.425248,349.425577,1.024349,0.998281,0.235879,48.718850
83,9,4,SUSTAINED,79.179992,316.130015,1.195910,0.939616,0.272798,47.835984
83,10,4,SUSTAINED,92.538473,268.838911,0.868776,0.932611,0.313617,53.909091
83,11,4,SUSTAINED,79.606008,296.561066,1.923924,0.923740,0.365598,63.681178
83,12,4,SUSTAINED,64.590945,300.931725,1.045592,0.951005,0.257481,59.537548
83,13,4,SUSTAINED,89.360194,288.534639,0.882172,0.967584,0.370243,55.416338
83,14,4,SUSTAINED,78.120612,284.895894,1.397483,0.944697,0.316141,58.045041
83,15,4,SUSTAINED,84.462843,274.409828,0.925791,0.947869,0.299258,51.866063
83,16,4,SUSTAINED,87.265739,335.625356,1.623679,0.884260,0.253480,53.262128
83,17,4,SUSTAINED,78.092656,283.420820,1.108675,0.974166,0.246815,69.060143
83,18,0,NORMAL,3.050847,6.259985,3.787175,0.105005,0.028568,0.440406
83,19,0,NORMAL,0.507944,10.848121,3.559360,0.049084,0.039521,1.054609
83,20,1,RECON,5.353569,21.528313,4.553364,0.451553,0.076153,2.212150
83,21,2,ESCALATION,19.684233,44.728783,2.468591,0.686501,0.068282,6.770785
83,22,3,SURGE,63.556534,192.261665,0.973212,1.016208,0.229780,56.159482
83,23,4,SUSTAINED,90.137660,318.925845,1.594517,0.978517,0.309407,61.559405
83,24,3,SURGE,57.302031,231.797080,1.497902,0.950606,0.252108,22.738057
83,25,3,SURGE,69.995551,169.391735,1.868379,0.918361,0.240425,47.246523
83,26,2,ESCALATION,17.102735,65.238503,2.921859,0.253300,0.084875,2.586793
84,0,0,NORMAL,2.489095,10.903775,2.711698,0.094622,0.005851,0.392501
84,1,0,NORMAL,3.093237,9.986856,3.409190,0.050320,0.021870,0.833203
84,2,2,ESCALATION,7.071546,51.569163,1.652003,0.620628,0.072280,4.330636
84,3,2,ESCALATION,17.796889,53.485984,4.115025,0.595250,0.074202,9.557612
84,4,2,ESCALATION,21.333794,54.214658,3.027954,0.283645,0.102454,7.831202
84,5,2,ESCALATION,13.892493,56.536287,2.797390,0.288185,0.089071,6.595926
84,6,2,ESCALATION,15.427663,43.825804,2.529602,0.510083,0.138519,8.835922
84,7,1,RECON,7.266382,25.483412,5.294902,0.456295,0.026937,2.517941
84,8,1,RECON,7.798055,14.146406,4.725904,0.307520,0.086941,0.890167
84,9,1,RECON,1.378732,18.723081,6.011072,0.295566,0.052021,2.440191
84,10,1,RECON,5.732052,19.961058,3.523555,0.290595,0.064839,2.742861
84,11,3,SURGE,63.354361,214.231428,1.800074,0.840523,0.218211,39.001617
84,12,3,SURGE,64.069008,241.963281,1.215983,0.943515,0.218543,31.867396
84,13,4,SUSTAINED,71.982135,261.620420,1.264415,0.963426,0.326689,67.007368
84,14,4,SUSTAINED,75.372505,348.264165,1.481737,0.990004,0.276405,61.755329
84,15,4,SUSTAINED,81.516298,282.452166,1.232009,1.032424,0.256241,50.201206
84,16,4,SUSTAINED,76.713431,299.527899,1.487571,0.973071,0.302434,56.661961
84,17,0,NORMAL,0.318294,11.214753,3.086794,0.077824,0.023404,0.477378
84,18,1,RECON,5.283656,16.553339,5.423007,0.370807,0.056042,2.554016
84,19,2,ESCALATION,25.873859,33.685442,2.867901,0.457036,0.087023,6.637230
85,0,2,ESCALATION,8.976486,64.753458,3.189123,0.442866,0.121304,7.526303
85,1,2,ESCALATION,9.547832,59.831623,3.162142,0.536302,0.084339,7.428705
85,2,2,ESCALATION,6.265279,50.918799,3.113473,0.510141,0.170766,4.986314
85,3,3,SURGE,61.330190,209.750672,0.739517,0.960270,0.262416,23.044856
85,4,0,NORMAL,1.191458,6.640030,2.830950,0.120809,0.037618,0.579507
85,5,0,NORMAL,2.285596,7.416084,2.949494,0.117681,0.028798,0.299452
85,6,0,NORMAL,0.000000,6.002945,3.422248,0.074200,0.013167,0.670370
85,7,0,NORMAL,2.199593,10.449463,3.171846,0.045272,0.014777,0.322609
85,8,0,NORMAL,1.454431,11.314552,3.900427,0.126259,0.021316,0.934670
85,9,0,NORMAL,1.035173,11.372886,3.513802,0.066441,0.025519,0.368460
85,10,0,NORMAL,1.134648,8.964648,3.602908,0.175837,0.017099,0.407855
85,11,0,NORMAL,2.985647,8.434695,2.719494,0.059407,0.009459,0.510936
85,12,0,NORMAL,3.602905,3.285688,2.919330,0.112231,0.025214,0.000000
86,0,0,NORMAL,3.887761,6.756508,3.414677,0.058157,0.026332,0.958559
86,1,0,NORMAL,1.970999,5.484405,3.504099,0.169039,0.015995,0.000000
86,2,0,NORMAL,1.720974,2.536106,3.616019,0.125300,0.038599,0.100287
86,3,0,NORMAL,2.966836,9.558863,2.996599,0.046754,0.020972,0.527053
86,4,0,NORMAL,3.291637,6.797745,2.553150,0.088797,0.024803,0.602588
86,5,0,NORMAL,3.493989,4.655628,3.288146,0.177253,0.000327,0.483892
86,6,0,NORMAL,3.214016,9.980349,3.842720,0.047949,0.033732,0.139981
86,7,0,NORMAL,2.387874,6.520957,3.603348,0.121538,0.037781,0.630117
86,8,0,NORMAL,2.676488,5.504737,3.956578,0.103231,0.024005,0.000000
86,9,0,NORMAL,0.498576,13.237313,2.925923,0.136615,0.013581,0.427991
86,10,0,NORMAL,3.643778,9.753517,3.692517,0.164835,0.013668,0.820503
86,11,2,ESCALATION,19.449497,47.674749,2.537611,0.369526,0.067713,5.248961
86,12,3,SURGE,57.716637,217.256008,1.695153,0.794024,0.195512,38.170717
86,13,4,SUSTAINED,72.956703,350.870610,0.739994,1.051153,0.311555,60.917430
86,14,4,SUSTAINED,84.935673,349.854954,0.875275,0.942181,0.265886,44.823523
86,15,4,SUSTAINED,94.980382,294.795999,1.795055,1.054291,0.419805,66.432958
86,16,4,SUSTAINED,82.601340,306.849847,1.288452,0.950003,0.305987,59.513095
86,17,4,SUSTAINED,68.979006,310.908564,0.992159,0.920536,0.294290,52.767141
86,18,2,ESCALATION,14.166292,67.406745,2.923610,0.486721,0.106329,4.125110
87,0,1,RECON,6.981701,11.239130,2.984816,0.246318,0.077693,2.176780
87,1,3,SURGE,45.470605,172.640428,1.199380,0.993562,0.300627,31.600785
87,2,2,ESCALATION,18.253784,32.304788,2.749709,0.551123,0.106529,2.868377
87,3,3,SURGE,66.362649,263.183767,1.232484,0.845455,0.239557,42.329727
87,4,3,SURGE,66.043080,154.992538,1.658741,0.825778,0.242833,53.664109
87,5,4,SUSTAINED,77.764260,261.760627,1.245920,1.002412,0.306786,54.299705
87,6,3,SURGE,63.305024,232.782642,1.786103,0.612376,0.246167,31.375404
87,7,3,SURGE,74.745861,185.007778,2.257027,0.759231,0.195816,46.098805
87,8,3,SURGE,63.073273,195.507727,1.442970,0.869576,0.258975,45.133106
87,9,2,ESCALATION,13.987437,44.095426,2.486523,0.720468,0.127613,2.302900
87,10,1,RECON,3.339884,19.150727,4.173224,0.351478,0.046491,3.117935
87,11,1,RECON,5.155153,23.726697,2.880875,0.291493,0.052750,2.481629
87,12,3,SURGE,57.395931,216.018432,1.690865,1.018613,0.288075,39.513232
87,13,3,SURGE,57.986364,205.870958,1.817921,0.895470,0.268099,47.690470
87,14,4,SUSTAINED,89.867775,369.853449,1.410878,0.926935,0.320473,57.812910
87,15,4,SUSTAINED,91.960130,249.476655,1.654151,1.042521,0.322723,58.552810
87,16,4,SUSTAINED,80.050592,320.938565,1.390066,0.986035,0.325067,60.390340
87,17,3,SURGE,49.756513,233.290722,2.243435,0.897337,0.324974,32.661638
87,18,4,SUSTAINED,74.870735,341.376638,1.692143,0.945040,0.346842,64.903760
87,19,4,SUSTAINED,81.038013,322.008461,0.947239,0.955505,0.385711,51.999919
87,20,4,SUSTAINED,84.190436,295.087023,1.266497,1.037631,0.322144,59.258912
87,21,3,SURGE,57.105896,158.123404,2.207339,0.913652,0.294680,33.901367
87,22,1,RECON,2.806134,18.318699,3.681661,0.212235,0.043938,0.165287
87,23,0,NORMAL,2.782414,9.042999,2.962907,0.127394,0.011218,0.716589
87,24,0,NORMAL,1.674877,7.726809,4.779764,0.062060,0.022266,0.734411
87,25,2,ESCALATION,7.028711,40.983528,3.255678,0.448699,0.090756,10.732309
87,26,2,ESCALATION,14.556223,27.292384,2.992431,0.534426,0.131821,4.564232
87,27,0,NORMAL,0.721530,7.261680,4.240894,0.083962,0.006341,0.296036
87,28,1,RECON,2.408454,21.354935,3.042973,0.331233,0.050515,1.574777
87,29,2,ESCALATION,10.311692,62.612666,2.380996,0.442045,0.079786,10.068421
87,30,2,ESCALATION,1.891494,53.813644,1.753244,0.448802,0.095673,6.943825
87,31,3,SURGE,67.200766,169.061368,1.176081,0.896403,0.172813,36.184176
87,32,2,ESCALATION,7.468497,44.898240,2.444620,0.800790,0.078486,6.560567
87,33,2,ESCALATION,15.046609,54.052506,2.268508,0.648308,0.110843,10.555698
87,34,3,SURGE,62.431843,191.476140,2.083073,0.911626,0.250438,36.334064
87,35,4,SUSTAINED,81.901777,324.587624,0.994633,0.956329,0.307367,57.150181
87,36,3,SURGE,50.752673,145.366219,1.513154,0.809903,0.225188,30.445756
87,37,3,SURGE,48.758964,230.316338,1.691691,0.915023,0.234903,23.698506
87,38,3,SURGE,52.385435,209.890969,1.747883,0.932463,0.313152,35.453486
87,39,3,SURGE,70.378782,206.648656,1.401201,1.084652,0.278887,38.475647
87,40,3,SURGE,73.265127,208.279881,1.509807,0.967628,0.294004,44.398960
87,41,4,SUSTAINED,83.610995,316.646718,0.980509,1.040518,0.250653,56.856266
87,42,3,SURGE,59.018713,177.148254,1.554302,0.934176,0.202183,39.764684
87,43,3,SURGE,46.877349,165.837849,1.844302,0.907755,0.257558,48.178419
87,44,4,SUSTAINED,75.845318,280.720744,1.095539,1.016976,0.231957,47.834687
87,45,4,SUSTAINED,91.213552,281.568002,1.101998,0.869268,0.289505,60.199130
87,46,4,SUSTAINED,79.137088,253.053434,1.101614,0.957346,0.260327,58.929347
88,0,0,NORMAL,1.890260,11.441414,4.517075,0.045317,0.027695,0.891489
88,1,0,NORMAL,1.424879,6.240869,3.433609,0.082182,0.018017,0.751396
88,2,0,NORMAL,1.026107,10.009784,3.776388,0.047073,0.025597,0.898060
88,3,0,NORMAL,0.992039,10.624863,4.361523,0.055693,0.020393,0.827047
88,4,0,NORMAL,0.252704,9.330253,3.010596,0.036464,0.002723,0.857122
88,5,0,NORMAL,2.333336,9.736863,3.580909,0.114829,0.023810,0.541429
88,6,1,RECON,3.301326,17.475092,4.099069,0.342932,0.072033,2.275124
88,7,2,ESCALATION,4.094221,38.465942,1.993306,0.390444,0.109691,8.253172
88,8,3,SURGE,64.830816,276.366691,1.786056,1.008571,0.232055,31.403926
88,9,3,SURGE,59.881305,174.873645,1.099543,0.941684,0.199730,27.732064
89,0,1,RECON,3.018162,16.859550,4.680355,0.357444,0.036783,0.956847
89,1,1,RECON,6.311290,22.445981,4.482312,0.420144,0.084584,1.613418
89,2,1,RECON,4.478901,23.099243,4.766858,0.102294,0.030675,1.022970
89,3,1,RECON,6.758630,28.343859,3.993862,0.385416,0.079693,2.166665
89,4,1,RECON,4.508624,20.687794,4.899755,0.346180,0.058549,1.959038
89,5,2,ESCALATION,19.488582,30.730623,3.171631,0.613360,0.054383,6.176598
89,6,2,ESCALATION,19.796946,81.822118,2.752311,0.316968,0.132035,5.681974
89,7,2,ESCALATION,17.598848,36.250733,2.992713,0.378096,0.128288,8.550495
89,8,1,RECON,5.764025,16.551343,5.333374,0.339521,0.065123,1.431567
89,9,2,ESCALATION,14.871753,44.590758,3.602805,0.477002,0.051007,5.517257
89,10,2,ESCALATION,14.163713,46.689323,3.436113,0.362786,0.010593,5.441400
89,11,3,SURGE,57.504885,137.582815,1.906424,0.916350,0.269451,43.356882
89,12,2,ESCALATION,16.514395,63.611807,3.484186,0.608189,0.120525,2.787736
89,13,3,SURGE,50.434257,251.286715,1.952152,0.804947,0.247701,41.988076
89,14,3,SURGE,43.243818,111.615107,1.515259,0.646858,0.257929,44.737662
89,15,3,SURGE,53.774317,206.447266,1.760604,0.782428,0.295767,42.194739
89,16,4,SUSTAINED,81.131045,295.819965,1.434022,0.931977,0.309084,51.274410
89,17,4,SUSTAINED,81.372262,273.096970,1.440174,0.979612,0.269395,56.282683
89,18,3,SURGE,43.956872,176.110993,1.479873,0.952141,0.257474,47.261397
89,19,3,SURGE,56.233016,265.774668,0.727568,0.854805,0.196425,38.436813
89,20,4,SUSTAINED,84.817244,307.665620,0.808315,0.920592,0.299995,59.436285
89,21,4,SUSTAINED,85.622366,269.625002,1.171846,0.959049,0.279224,57.821547
89,22,4,SUSTAINED,84.425197,285.708377,1.167088,1.023286,0.249539,56.636316
89,23,4,SUSTAINED,81.362692,251.574231,1.605119,0.939432,0.278898,53.137103
89,24,4,SUSTAINED,70.478563,304.948518,1.020830,0.983544,0.320704,64.754016
89,25,4,SUSTAINED,73.574002,255.907730,1.858003,0.983105,0.272303,65.158931
89,26,4,SUSTAINED,69.189780,277.395754,1.160303,0.896496,0.296137,59.271772
89,27,3,SURGE,62.930005,246.739919,1.660088,0.892438,0.216595,46.646735
89,28,4,SUSTAINED,81.942334,300.765472,1.537683,0.920863,0.280091,47.548811
89,29,4,SUSTAINED,76.609473,274.137781,0.969955,0.976855,0.255882,48.915004
89,30,4,SUSTAINED,78.671035,328.663353,1.092193,0.949944,0.306252,63.323718
90,0,0,NORMAL,1.013170,10.282374,4.188380,0.158141,0.020130,0.718343
90,1,0,NORMAL,2.148943,8.577121,3.549098,0.060595,0.013139,0.289553
90,2,3,SURGE,61.428599,198.377065,1.804786,1.026072,0.316215,51.347724
90,3,3,SURGE,45.680407,237.229743,2.052853,1.055599,0.274250,24.026368
90,4,3,SURGE,65.554409,250.083001,2.071851,0.990963,0.220636,31.767061
90,5,3,SURGE,52.075849,259.005484,0.818176,0.956689,0.265977,38.345867
90,6,3,SURGE,39.382237,178.742853,1.294447,1.011174,0.210857,43.622165
90,7,4,SUSTAINED,83.841986,232.868989,1.828589,0.942947,0.188220,50.693503
90,8,2,ESCALATION,11.720909,44.530379,2.402430,0.377538,0.053653,10.465368
90,9,4,SUSTAINED,77.963409,299.470900,0.862101,0.953551,0.309199,53.683608
90,10,4,SUSTAINED,82.469670,268.375818,1.557914,0.939618,0.367023,57.522524
90,11,4,SUSTAINED,89.402153,306.815689,0.983068,0.914922,0.321321,55.858757
90,12,4,SUSTAINED,86.664480,301.163140,1.451703,0.901226,0.339979,58.005973
90,13,4,SUSTAINED,87.819444,297.451398,1.150388,1.039152,0.288377,59.490602
90,14,4,SUSTAINED,65.104935,263.179827,1.321776,0.985057,0.316369,61.875697
90,15,4,SUSTAINED,73.798122,317.829065,1.250882,0.921222,0.318901,55.476221
90,16,4,SUSTAINED,78.577074,342.407014,1.614266,0.959407,0.302291,46.401724
90,17,4,SUSTAINED,88.290735,322.558547,0.517581,0.952046,0.294915,59.096893
90,18,4,SUSTAINED,78.146318,318.582388,0.967926,0.921298,0.307733,63.030914
90,19,4,SUSTAINED,88.603233,301.899504,1.648523,0.862941,0.380890,67.910554
90,20,4,SUSTAINED,86.658101,298.860004,1.137129,0.919456,0.298040,58.335601
90,21,4,SUSTAINED,95.892825,303.008236,0.753351,1.032216,0.251162,51.643654
90,22,4,SUSTAINED,83.337401,256.636850,0.976058,0.875961,0.324869,62.100279
90,23,4,SUSTAINED,87.965280,327.923362,1.002279,0.850871,0.257150,51.428454
90,24,4,SUSTAINED,79.053579,269.795161,1.244355,0.885233,0.320574,49.134016
90,25,3,SURGE,63.754920,270.009347,2.379115,0.796013,0.220170,44.124258
90,26,3,SURGE,38.359163,203.493473,1.305143,0.707598,0.183142,35.457804
90,27,3,SURGE,70.081029,214.173925,1.879016,0.902672,0.214753,38.530000
90,28,4,SUSTAINED,88.260497,295.563759,0.921265,0.966783,0.319119,62.396315
90,29,4,SUSTAINED,74.657622,322.684806,1.077770,0.927516,0.350166,46.773966
90,30,4,SUSTAINED,75.098917,326.001852,1.167360,0.963568,0.289489,60.139460
90,31,4,SUSTAINED,75.416428,354.400255,1.208815,0.916215,0.240389,66.193468
90,32,4,SUSTAINED,96.494706,311.965631,1.242866,0.958492,0.388638,41.846689
90,33,0,NORMAL,1.734796,7.360720,3.574656,0.086687,0.021881,0.492927
90,34,0,NORMAL,2.381366,10.148163,3.228967,0.193395,0.033356,0.753186
90,35,0,NORMAL,2.030097,11.424116,4.285377,0.140401,0.014297,0.488096
90,36,0,NORMAL,2.837745,7.767568,3.216596,0.179210,0.009277,0.217600
90,37,0,NORMAL,1.056449,11.742035,4.140416,0.096298,0.024963,0.496849
91,0,4,SUSTAINED,90.997920,310.632582,0.943233,0.938753,0.272303,55.585493
91,1,4,SUSTAINED,77.270996,256.367617,1.839618,0.961876,0.318264,52.465544
91,2,4,SUSTAINED,79.333596,290.303340,1.412860,0.995304,0.330601,60.929634
91,3,3,SURGE,63.898517,243.968633,1.697544,0.709996,0.242274,33.058308
91,4,1,RECON,3.417980,21.028404,4.984822,0.420357,0.082385,0.659181
91,5,0,NORMAL,4.927815,11.028571,3.612224,0.101602,0.019431,0.000000
91,6,2,ESCALATION,14.440762,39.262102,2.448918,0.883810,0.089934,8.834360
91,7,2,ESCALATION,17.947297,42.840759,3.548189,0.566534,0.048513,7.677488
91,8,3,SURGE,57.818345,220.371872,1.753890,0.951665,0.266946,40.685102
91,9,3,SURGE,67.778926,219.534164,1.106095,0.928058,0.282397,49.369977
91,10,3,SURGE,63.216018,237.870893,1.377384,0.941200,0.218944,48.882374
91,11,4,SUSTAINED,86.533897,300.531269,1.489616,0.910973,0.303599,55.363781
91,12,4,SUSTAINED,71.619504,319.086453,0.646232,0.916608,0.237491,59.969316
91,13,4,SUSTAINED,83.648309,344.195682,1.105217,0.980479,0.302641,54.482593
91,14,4,SUSTAINED,96.655035,287.056000,1.450116,0.965956,0.313244,56.483066
91,15,4,SUSTAINED,51.320156,346.044280,0.991580,0.937922,0.291188,50.297180
91,16,4,SUSTAINED,79.645501,278.503921,1.244791,0.948348,0.337114,46.957703
91,17,4,SUSTAINED,85.802381,280.807712,0.928979,0.920485,0.295961,54.416926
91,18,4,SUSTAINED,71.771479,323.194768,1.597866,0.854479,0.237858,61.017142
91,19,3,SURGE,38.708210,232.617460,2.155152,0.813759,0.328983,38.576046
91,20,4,SUSTAINED,74.246133,330.030856,1.450336,1.036235,0.357624,54.945100
91,21,3,SURGE,73.507926,221.620641,1.101138,0.746997,0.177749,32.530676
91,22,4,SUSTAINED,83.896711,281.598804,1.159239,0.937113,0.332002,49.727213
92,0,4,SUSTAINED,92.704048,291.132864,0.902175,0.992644,0.302180,57.450570
92,1,2,ESCALATION,19.062081,82.586425,2.042300,0.553131,0.068588,16.068818
92,2,2,ESCALATION,16.410537,31.581988,2.208366,0.611941,0.045500,4.006658
92,3,2,ESCALATION,15.667083,55.700471,2.536285,0.638022,0.065527,9.879933
92,4,0,NORMAL,2.600649,11.545994,3.272334,0.066946,0.003116,0.000000
92,5,0,NORMAL,1.892477,4.741751,3.064450,0.176173,0.028758,0.121518
92,6,0,NORMAL,2.406003,6.120647,3.095652,0.083088,0.030907,0.854420
92,7,0,NORMAL,2.460551,7.980765,2.995882,0.085146,0.007358,0.848917
92,8,0,NORMAL,1.589427,6.052762,4.027297,0.160807,0.008856,0.455587
92,9,1,RECON,3.458447,19.929908,3.640044,0.245974,0.047973,0.808750
92,10,1,RECON,6.836545,14.298385,5.907891,0.497184,0.039870,3.871242
92,11,1,RECON,3.709372,5.090801,4.750524,0.303130,0.058627,1.816931
92,12,1,RECON,4.145947,21.533186,3.916500,0.263958,0.019612,2.072960
92,13,1,RECON,6.837052,14.329495,3.963437,0.516398,0.043869,1.647540
92,14,1,RECON,1.429476,24.254047,4.995152,0.352445,0.000000,1.792471
92,15,3,SURGE,71.241068,242.102443,1.655204,0.779689,0.324715,37.901911
92,16,3,SURGE,62.653871,220.272321,1.315878,1.040696,0.280422,51.543134
92,17,3,SURGE,59.529613,223.805207,2.077016,1.001673,0.256911,25.142252
92,18,4,SUSTAINED,68.490362,301.050173,1.165270,0.879112,0.314900,67.925906
92,19,4,SUSTAINED,86.127037,370.670695,1.458784,0.917758,0.309481,57.884681
92,20,4,SUSTAINED,89.712403,216.903491,0.943139,0.946499,0.259389,32.799451
92,21,4,SUSTAINED,79.971115,284.241460,0.900917,0.952073,0.313724,52.188417
92,22,4,SUSTAINED,80.461715,273.854590,0.862639,0.939352,0.344537,50.057868
92,23,4,SUSTAINED,80.756455,359.796989,1.317075,0.915089,0.329455,59.620132
92,24,4,SUSTAINED,70.688034,316.081056,1.219055,0.874172,0.310181,51.178043
92,25,4,SUSTAINED,77.183069,338.487562,1.562418,0.997338,0.310769,58.574783
92,26,4,SUSTAINED,71.159593,272.834943,1.017846,1.020068,0.343068,48.520735
92,27,3,SURGE,55.973929,193.795978,1.285583,1.040569,0.249055,41.729254
92,28,3,SURGE,49.722298,204.342148,1.924927,1.047269,0.192609,27.851190
92,29,3,SURGE,71.091876,214.383858,1.772118,0.763975,0.221401,22.431102
92,30,0,NORMAL,0.000000,11.997985,4.277411,0.107032,0.004874,0.612714
92,31,2,ESCALATION,17.378677,67.774760,2.508901,0.369318,0.097166,2.219884
92,32,2,ESCALATION,15.698250,63.001594,2.523095,0.268537,0.157033,4.627699
92,33,2,ESCALATION,17.215424,51.109270,2.329249,0.477555,0.061998,10.427533
92,34,2,ESCALATION,14.892988,41.474728,4.064391,0.304690,0.038215,7.753982
92,35,2,ESCALATION,20.487912,59.691747,2.817715,0.575051,0.119287,14.310670
92,36,3,SURGE,53.189229,207.940044,0.452528,0.896735,0.304649,44.817473
92,37,4,SUSTAINED,85.193913,333.097696,1.627570,0.972373,0.287356,41.118868
92,38,4,SUSTAINED,84.121620,304.579785,0.993585,0.998258,0.289711,54.793467
92,39,0,NORMAL,2.449852,4.554104,3.781276,0.063956,0.013142,0.765572
92,40,0,NORMAL,2.883442,8.304100,2.675862,0.168224,0.023103,0.618238
92,41,0,NORMAL,3.499221,8.603081,3.808644,0.118559,0.016571,0.024969
92,42,0,NORMAL,3.378938,9.749999,2.966288,0.154876,0.016905,0.000000
93,0,1,RECON,8.561457,23.738867,4.017761,0.345936,0.098478,2.800006
93,1,1,RECON,10.778308,18.587905,4.665452,0.206379,0.016506,1.769758
93,2,1,RECON,5.658527,10.901145,4.728539,0.216961,0.062175,2.747941
93,3,1,RECON,3.072362,25.718247,4.898330,0.315198,0.079369,2.066609
93,4,1,RECON,2.996596,17.461004,4.817376,0.438976,0.050470,2.970500
93,5,1,RECON,3.436804,11.468434,3.795008,0.173134,0.090190,2.351437
93,6,1,RECON,8.444004,11.488663,4.090286,0.499967,0.047119,3.957451
93,7,1,RECON,7.611852,24.674474,4.201282,0.251179,0.047691,1.210454
93,8,1,RECON,4.991188,26.446175,4.674621,0.536262,0.006809,1.026365
93,9,2,ESCALATION,22.462472,48.356342,1.919304,0.463231,0.052096,3.819123
93,10,3,SURGE,56.483911,206.926115,1.462817,0.874850,0.207967,37.514923
93,11,1,RECON,7.837271,22.737178,3.224746,0.398853,0.059509,1.500223
93,12,1,RECON,6.144574,18.235265,4.584195,0.213705,0.089857,0.456572
93,13,1,RECON,5.733527,21.214717,3.633304,0.416920,0.047840,1.051028
93,14,1,RECON,5.249410,10.017392,5.640405,0.404892,0.086537,3.377139
93,15,0,NORMAL,1.130671,0.000000,3.296883,0.188283,0.011721,0.437024
93,16,1,RECON,5.749990,24.430423,2.968632,0.165222,0.079732,2.586453
93,17,0,NORMAL,3.707083,3.904913,3.965607,0.096588,0.026065,0.000000
93,18,0,NORMAL,2.736797,7.810009,4.127649,0.161090,0.010414,0.747198
93,19,0,NORMAL,2.054015,9.968385,3.082359,0.139346,0.014946,0.325791
93,20,0,NORMAL,1.164027,5.339494,4.020578,0.105428,0.005459,0.756692
93,21,0,NORMAL,0.596987,0.478055,3.951707,0.057004,0.007562,0.691821
94,0,0,NORMAL,4.054893,12.039990,4.095529,0.115706,0.015563,0.483234
94,1,0,NORMAL,0.742488,5.691854,2.786125,0.111759,0.020831,0.304187
94,2,0,NORMAL,0.955400,5.930496,3.890263,0.146441,0.012043,0.569613
94,3,0,NORMAL,1.802660,8.431512,3.780183,0.115878,0.022732,0.176450
94,4,0,NORMAL,2.551065,10.066804,3.140240,0.145779,0.006828,0.370755
94,5,0,NORMAL,0.737591,7.127867,3.610740,0.008711,0.016053,0.000000
94,6,0,NORMAL,2.212491,8.377488,3.616037,0.130226,0.029782,0.030934
94,7,1,RECON,7.491651,17.668267,4.105017,0.000000,0.025120,2.415079
94,8,2,ESCALATION,18.644185,48.864274,3.955524,0.650776,0.084247,14.546332
94,9,2,ESCALATION,7.640799,43.683419,2.344816,0.445260,0.131924,7.898061
94,10,3,SURGE,60.588148,107.506980,0.893896,0.861469,0.207854,38.145700
94,11,3,SURGE,59.255505,147.113271,1.182760,1.071058,0.326625,44.767019
94,12,4,SUSTAINED,82.454439,311.510913,1.207662,0.921499,0.285495,51.161711
94,13,2,ESCALATION,21.829939,63.234707,2.629042,0.552827,0.115588,15.028651
94,14,3,SURGE,68.347696,201.519241,1.326230,1.038271,0.282614,33.363664
94,15,3,SURGE,68.373861,116.166762,1.131045,0.936276,0.153777,25.870951
94,16,3,SURGE,64.915443,221.511348,2.132960,0.908226,0.231367,29.541123
94,17,4,SUSTAINED,85.660234,322.581666,1.279386,0.977356,0.351055,55.451631
94,18,4,SUSTAINED,74.186825,297.801269,1.055750,0.989635,0.259421,53.069407
94,19,3,SURGE,65.943761,249.871611,1.864283,0.981263,0.291970,45.597551
94,20,3,SURGE,66.789135,173.772715,1.419923,0.907024,0.233215,27.469523
94,21,3,SURGE,62.299761,236.231036,1.503737,1.176482,0.204012,43.559537
94,22,4,SUSTAINED,88.525417,319.652006,1.521076,0.952770,0.366515,62.698955
94,23,4,SUSTAINED,82.572544,253.581101,1.656537,0.961212,0.353951,54.343855
94,24,4,SUSTAINED,101.098940,303.932656,0.899937,1.007288,0.381434,53.785371
94,25,0,NORMAL,2.238046,4.667088,3.154666,0.189096,0.018678,0.248733
94,26,0,NORMAL,3.072824,2.072309,3.627325,0.223111,0.040311,0.671961
94,27,1,RECON,7.613653,17.370740,4.939835,0.478858,0.024725,2.461321
94,28,1,RECON,5.206329,18.073167,4.385336,0.331557,0.072372,2.381212
94,29,1,RECON,3.320157,15.637787,4.408933,0.229393,0.068918,2.344044
94,30,1,RECON,3.722362,13.844662,5.108846,0.312995,0.045950,2.558928
94,31,2,ESCALATION,8.721181,70.769677,2.553756,0.755003,0.046658,8.952197
94,32,3,SURGE,40.247653,226.328319,0.730425,0.870833,0.305214,35.759712
94,33,4,SUSTAINED,86.402852,292.514458,1.078482,1.013750,0.253309,52.242356
94,34,4,SUSTAINED,70.144421,353.260415,1.134946,0.993726,0.334897,54.086272
94,35,4,SUSTAINED,79.656284,321.380527,0.904073,0.889837,0.359368,50.590870
94,36,0,NORMAL,1.797796,7.526403,4.215195,0.095742,0.016432,0.419085
95,0,0,NORMAL,1.500553,12.989630,3.855744,0.082740,0.029817,0.023842
95,1,0,NORMAL,3.295156,14.709002,4.005776,0.121862,0.032911,0.312257
95,2,0,NORMAL,1.935755,12.106645,3.072061,0.051897,0.022365,0.715259
95,3,0,NORMAL,2.670418,12.105198,4.100231,0.117665,0.019094,1.020687
95,4,0,NORMAL,2.940355,13.874844,3.917634,0.050145,0.007610,0.410711
95,5,1,RECON,5.889572,29.035410,4.548045,0.267256,0.027333,2.944350
95,6,2,ESCALATION,7.469301,50.333909,2.202557,0.436154,0.100248,5.284466
95,7,2,ESCALATION,11.279401,39.240662,2.195188,0.427585,0.064212,9.759752
95,8,2,ESCALATION,20.973576,78.300551,3.206395,0.567438,0.129613,9.399766
95,9,2,ESCALATION,14.853371,34.674951,3.303352,0.495306,0.157981,10.745408
95,10,4,SUSTAINED,82.105139,281.221451,1.574007,0.821963,0.377209,46.969328
95,11,4,SUSTAINED,83.419329,333.711506,1.101391,0.842724,0.286908,53.685026
95,12,4,SUSTAINED,80.362973,267.724455,1.394726,0.937696,0.378444,53.462928
95,13,3,SURGE,57.869285,135.069272,1.418115,0.975341,0.280099,37.653858
95,14,2,ESCALATION,18.222293,56.292299,3.306047,0.458883,0.032625,9.601281
95,15,2,ESCALATION,21.958419,50.430995,2.772720,0.562588,0.076123,6.064593
95,16,2,ESCALATION,10.397968,46.563568,3.963737,0.656395,0.112322,12.655032
95,17,4,SUSTAINED,99.923519,286.184924,1.801142,1.049970,0.229871,63.802553
95,18,1,RECON,3.864063,20.623191,3.393668,0.350200,0.031184,2.141663
95,19,1,RECON,5.773036,16.201042,4.633129,0.159352,0.033223,1.655784
95,20,3,SURGE,64.057988,221.406658,1.489047,0.821190,0.324406,34.417652
95,21,3,SURGE,58.878953,222.519727,1.257805,1.005268,0.318914,47.930585
95,22,2,ESCALATION,12.824374,92.331677,2.205025,0.632184,0.113311,7.812388
95,23,2,ESCALATION,12.448923,56.405833,2.990095,0.901648,0.142833,9.547648
95,24,4,SUSTAINED,94.716301,270.887203,1.145180,0.854643,0.322351,60.089043
95,25,4,SUSTAINED,91.480640,278.433600,1.097260,0.955978,0.363768,49.850813
95,26,4,SUSTAINED,86.198702,317.054105,1.381620,0.988075,0.277811,65.126679
95,27,4,SUSTAINED,78.049214,340.428765,1.010830,0.966014,0.271087,70.115415
95,28,4,SUSTAINED,79.118072,315.595715,1.201560,0.932570,0.304785,54.756391
95,29,4,SUSTAINED,82.104187,298.731214,1.293660,0.946124,0.285586,60.249460
95,30,4,SUSTAINED,91.168378,314.841893,1.140718,0.980838,0.220775,67.622079
95,31,4,SUSTAINED,97.475647,273.919648,0.864706,0.968292,0.314501,57.029469
95,32,4,SUSTAINED,74.975063,255.439326,1.284945,0.885870,0.244920,52.716209
95,33,2,ESCALATION,24.938796,64.688890,3.659931,0.598049,0.114674,15.517371
95,34,4,SUSTAINED,76.694157,289.944607,1.468067,0.901061,0.330537,58.477899
95,35,4,SUSTAINED,84.479506,324.400423,1.438567,1.026916,0.298032,58.180947
95,36,4,SUSTAINED,72.281640,352.944864,0.956364,0.982066,0.321242,62.049885
95,37,4,SUSTAINED,87.129656,298.259040,1.020027,0.937459,0.341471,59.387443
96,0,0,NORMAL,2.753030,4.166773,3.440923,0.234054,0.024596,0.722675
96,1,1,RECON,2.545397,21.979110,3.974118,0.417362,0.052863,4.845090
96,2,1,RECON,5.778263,14.029272,5.105664,0.354051,0.032776,1.826172
96,3,1,RECON,7.703418,11.428022,3.907224,0.492140,0.048656,2.226738
96,4,3,SURGE,47.678383,166.412100,1.410520,1.030462,0.305988,46.558131
96,5,3,SURGE,72.295697,197.894191,1.771187,1.001204,0.339841,40.349403
96,6,4,SUSTAINED,91.160603,344.155577,1.066988,0.899748,0.352761,45.749636
96,7,2,ESCALATION,14.158524,51.536596,2.164029,0.533280,0.110659,6.558836
96,8,3,SURGE,64.297612,245.139561,0.917515,0.753516,0.273003,54.838862
96,9,4,SUSTAINED,81.147013,262.947113,0.984413,0.959656,0.280296,47.166857
96,10,2,ESCALATION,5.569960,57.148757,3.158549,0.588883,0.063633,11.017854
96,11,1,RECON,5.014589,17.215856,3.680708,0.319216,0.082345,2.910285
96,12,1,RECON,6.077243,12.492850,4.784054,0.216914,0.063805,4.375258
96,13,1,RECON,10.845607,20.453177,3.600299,0.220454,0.097299,2.394391
96,14,1,RECON,4.593079,20.153879,4.193023,0.334590,0.085472,1.097623
96,15,1,RECON,4.854205,15.504773,5.057739,0.153857,0.002671,2.179626
96,16,1,RECON,2.294305,9.447238,5.744507,0.346301,0.050393,3.756196
96,17,1,RECON,8.538554,12.100230,3.226086,0.361708,0.058290,2.999730
96,18,3,SURGE,67.035974,239.570745,1.874469,0.859331,0.275931,33.794743
96,19,3,SURGE,49.570637,169.653371,1.403615,0.850906,0.212060,29.603224
96,20,3,SURGE,54.994371,213.198623,0.796411,1.035765,0.258358,36.449004
96,21,1,RECON,6.738820,3.234523,3.540645,0.288092,0.047388,4.004250
96,22,2,ESCALATION,19.951135,77.174858,3.202368,0.398928,0.048620,10.236261
96,23,2,ESCALATION,17.729815,68.501722,4.355168,0.625606,0.055975,8.153182
96,24,3,SURGE,57.512202,260.228224,1.473225,0.933435,0.232463,41.276291
96,25,3,SURGE,43.914581,182.336268,1.006717,0.859289,0.210242,48.094569
96,26,4,SUSTAINED,84.482353,261.970523,1.170560,0.882640,0.294108,58.884527
96,27,4,SUSTAINED,83.782758,337.754147,1.277927,0.938322,0.334946,60.438857
96,28,4,SUSTAINED,83.031858,291.170599,0.597422,0.972005,0.248219,56.969345
96,29,3,SURGE,52.803329,182.656048,1.980690,0.846648,0.196251,42.914761
96,30,4,SUSTAINED,86.324484,269.643602,1.263256,1.073478,0.290429,56.120382
96,31,4,SUSTAINED,73.176166,313.791621,1.101031,0.980722,0.316998,47.091823
96,32,4,SUSTAINED,70.058520,277.052343,1.268845,1.028351,0.259845,55.886107
96,33,4,SUSTAINED,85.258880,335.520916,1.078777,1.000592,0.353213,65.703755
96,34,3,SURGE,61.574369,181.016621,0.916405,0.872205,0.255617,39.124062
96,35,3,SURGE,45.458267,192.721029,2.297908,0.999560,0.280810,43.125459
96,36,3,SURGE,42.459297,218.285144,0.520629,0.867444,0.249817,36.422477
96,37,2,ESCALATION,24.121714,65.492176,2.244804,0.788212,0.124759,5.174061
96,38,2,ESCALATION,19.792874,41.016817,2.884320,0.547471,0.055966,7.189721
96,39,2,ESCALATION,19.343340,36.379169,2.975082,0.291477,0.054663,4.454356
97,0,0,NORMAL,2.364755,2.683295,3.415680,0.062471,0.025342,0.419709
97,1,0,NORMAL,1.255051,13.173943,2.858210,0.080013,0.021076,0.424592
97,2,0,NORMAL,0.188316,5.925473,3.020308,0.183961,0.042647,0.484762
97,3,2,ESCALATION,18.690221,35.283853,2.470497,0.405673,0.079980,6.935839
97,4,2,ESCALATION,11.489932,65.299164,2.779866,0.518797,0.010710,10.843351
97,5,2,ESCALATION,20.619843,52.314122,2.462768,0.248332,0.186994,10.409742
97,6,2,ESCALATION,24.094139,53.361305,3.611440,0.428214,0.129503,6.109710
97,7,2,ESCALATION,15.485003,30.989016,2.997655,0.453206,0.020498,6.627014
97,8,2,ESCALATION,19.264182,54.277969,3.668483,0.578016,0.077842,7.824922
97,9,3,SURGE,64.879729,202.392886,1.248576,0.900860,0.273059,31.948628
97,10,2,ESCALATION,7.106585,66.583570,3.116308,0.744392,0.055336,11.400355
97,11,2,ESCALATION,14.088840,44.350350,2.148912,0.298129,0.069951,4.232673
97,12,2,ESCALATION,7.489740,52.233432,3.061423,0.553625,0.117812,10.839201
97,13,3,SURGE,60.875506,188.257539,2.021010,1.109987,0.190303,23.751193
97,14,3,SURGE,70.703729,278.279093,1.795156,1.039578,0.333003,51.718222
97,15,3,SURGE,47.177904,199.665526,1.620015,0.890019,0.248095,52.537825
97,16,4,SUSTAINED,86.392419,309.493249,0.942740,0.896170,0.231947,57.913462
97,17,0,NORMAL,1.174223,2.371685,3.716355,0.091314,0.012863,0.210788
97,18,0,NORMAL,2.469996,7.010051,2.905737,0.097094,0.030455,0.512080
97,19,0,NORMAL,1.674331,5.331009,3.038551,0.016907,0.031812,0.638736
97,20,1,RECON,5.591166,19.697647,3.612363,0.267474,0.040516,4.009139
97,21,1,RECON,5.335765,24.829921,5.191751,0.161948,0.045543,1.986940
97,22,1,RECON,4.552015,17.507344,3.830921,0.404894,0.021133,1.658116
97,23,3,SURGE,49.703606,212.687099,1.634462,0.868681,0.306199,50.832343
97,24,4,SUSTAINED,82.003463,286.423667,1.388066,0.890297,0.371833,61.839912
97,25,4,SUSTAINED,73.687852,312.637463,1.098525,0.977230,0.285624,64.148871
97,26,4,SUSTAINED,99.364441,318.080259,0.795179,1.054325,0.343947,57.280886
97,27,4,SUSTAINED,70.487626,245.868717,1.187475,1.018939,0.315828,65.255029
97,28,3,SURGE,60.206087,247.350277,2.109038,0.891982,0.239311,41.123604
97,29,3,SURGE,62.804319,228.817519,1.557804,0.934467,0.247826,24.023825
97,30,4,SUSTAINED,77.057369,281.466896,1.607395,0.998935,0.310923,59.616218
97,31,4,SUSTAINED,79.352845,338.843523,0.996857,0.900083,0.303144,55.612342
97,32,4,SUSTAINED,68.974781,223.518697,1.476370,0.895851,0.275600,41.900587
97,33,4,SUSTAINED,82.802706,309.305836,1.291037,0.846992,0.260593,52.289637
97,34,1,RECON,4.456977,19.230999,5.005151,0.151980,0.049823,2.569235
97,35,1,RECON,4.614334,20.332761,4.208967,0.367420,0.051894,1.750510
97,36,1,RECON,5.494337,18.499864,3.405734,0.358206,0.075358,1.471926
97,37,1,RECON,3.471703,9.606692,5.803585,0.255111,0.032831,1.098580
97,38,2,ESCALATION,11.523953,71.571098,2.050757,0.269220,0.122071,7.678381
97,39,2,ESCALATION,17.798181,52.050675,2.771909,0.289153,0.033276,5.898715
97,40,1,RECON,5.538412,9.006425,3.842272,0.282693,0.049207,2.319171
97,41,2,ESCALATION,11.662540,68.667202,2.607980,0.712870,0.086995,7.951191
97,42,2,ESCALATION,16.156093,43.702277,2.857681,0.729622,0.141954,11.167215
97,43,4,SUSTAINED,70.559040,306.532528,1.431221,0.924043,0.272097,63.363058
97,44,3,SURGE,70.579867,182.341998,1.291992,0.994889,0.236864,35.113144
97,45,3,SURGE,54.887049,235.003342,0.896134,0.962905,0.214589,38.317597
97,46,0,NORMAL,1.779255,7.138617,3.277822,0.071429,0.033198,0.507515
97,47,0,NORMAL,1.355347,6.776169,3.179414,0.138267,0.012464,0.000000
97,48,0,NORMAL,1.720609,6.242635,3.955778,0.000000,0.035762,0.816403
98,0,0,NORMAL,2.531216,6.098354,2.691612,0.205685,0.029561,0.547056
98,1,0,NORMAL,2.621317,10.223190,2.456817,0.082456,0.015452,0.451570
98,2,1,RECON,1.419840,11.254288,3.654604,0.315435,0.066643,3.305059
98,3,1,RECON,6.660962,21.550812,4.633335,0.297572,0.042009,1.147681
98,4,2,ESCALATION,16.735409,49.183662,2.550696,0.599721,0.091980,5.260463
98,5,0,NORMAL,2.820630,4.929460,3.604638,0.097229,0.012392,0.411994
98,6,0,NORMAL,2.109640,3.905801,4.036219,0.095401,0.014282,0.848168
98,7,0,NORMAL,1.252317,2.512260,4.154753,0.193643,0.003264,0.255268
98,8,0,NORMAL,1.484306,7.906055,3.441201,0.120378,0.010390,0.557798
98,9,0,NORMAL,1.588142,2.789746,3.297726,0.071363,0.029436,0.482222
98,10,0,NORMAL,1.977548,1.612673,2.501527,0.084066,0.022786,0.429540
98,11,0,NORMAL,1.759687,7.018743,3.889502,0.136151,0.014466,0.485023
98,12,0,NORMAL,2.424644,12.957794,3.485926,0.158437,0.008399,0.308698
98,13,0,NORMAL,2.151307,9.942572,2.222307,0.109414,0.026042,0.664171
98,14,0,NORMAL,2.773120,8.027913,3.795519,0.093707,0.023810,0.832771
98,15,0,NORMAL,2.284105,11.749306,3.433385,0.043730,0.026760,0.930463
98,16,0,NORMAL,2.714988,0.967527,3.182084,0.070770,0.020449,1.006479
98,17,0,NORMAL,4.242202,6.853016,3.116549,0.142260,0.029243,0.694984
98,18,0,NORMAL,2.502028,4.899327,3.101377,0.095256,0.011800,0.815824
98,19,0,NORMAL,1.779544,5.359405,4.018805,0.066694,0.031420,0.820563
98,20,0,NORMAL,2.029668,6.578873,3.772861,0.090276,0.015825,0.513854
98,21,0,NORMAL,1.924152,9.948836,3.569027,0.147583,0.016227,0.362213
98,22,0,NORMAL,1.594255,13.897678,3.637772,0.070723,0.009939,0.020441
98,23,0,NORMAL,2.759194,6.718905,3.020914,0.057591,0.026495,0.475621
98,24,1,RECON,4.383223,29.029416,5.175698,0.446863,0.014958,1.879118
99,0,2,ESCALATION,20.299034,54.896393,2.276518,0.400848,0.124823,10.160220
99,1,3,SURGE,61.297909,202.004901,1.607639,0.971596,0.281508,40.188683
99,2,4,SUSTAINED,79.301614,276.590081,0.962092,0.977198,0.271485,59.883603
99,3,4,SUSTAINED,86.556762,319.108764,1.452879,0.926182,0.316356,59.427328
99,4,3,SURGE,77.016934,290.638122,1.878915,0.980588,0.279438,37.412533
99,5,4,SUSTAINED,87.715239,270.803484,0.881785,0.930134,0.326250,49.804383
99,6,4,SUSTAINED,79.146595,269.643923,0.468070,0.898674,0.310435,57.916861
99,7,4,SUSTAINED,84.876579,281.208153,0.947817,0.968753,0.291530,60.442472
99,8,3,SURGE,72.838206,181.378548,1.927014,1.103468,0.252687,43.994453
99,9,3,SURGE,59.534092,235.762261,1.951623,0.850555,0.279308,42.243782
99,10,4,SUSTAINED,86.496158,315.566985,1.158304,0.991665,0.344474,51.674833
99,11,4,SUSTAINED,65.850458,317.507941,1.566935,0.937135,0.305337,53.678826
99,12,0,NORMAL,2.232171,5.647272,3.382362,0.054772,0.025891,0.571771
99,13,0,NORMAL,2.037079,7.337824,4.071948,0.077949,0.026350,0.288438
99,14,2,ESCALATION,20.186528,66.267594,3.682610,0.543867,0.149518,12.872540
99,15,1,RECON,3.793524,10.521496,5.048915,0.149147,0.014403,1.122086
99,16,1,RECON,5.544316,12.577287,2.847774,0.295813,0.050342,0.504174
99,17,0,NORMAL,1.925361,6.929530,3.335258,0.158964,0.041465,0.406010
99,18,0,NORMAL,1.765417,8.582879,3.473361,0.130535,0.042119,0.000000
99,19,1,RECON,8.082286,15.389772,4.831595,0.363090,0.074738,3.530672
99,20,2,ESCALATION,6.270851,39.493892,4.111632,0.287870,0.119872,0.456472
99,21,3,SURGE,68.869373,201.438437,1.349423,0.818564,0.150173,45.547247
99,22,2,ESCALATION,7.390674,50.452837,3.148749,0.469899,0.104640,8.114380
99,23,2,ESCALATION,15.271298,61.028254,3.420786,0.618609,0.072996,9.908638
99,24,2,ESCALATION,11.451456,43.035309,3.207816,0.706536,0.027533,12.920184
99,25,3,SURGE,61.991185,190.371335,1.656173,0.835943,0.241115,28.199784
99,26,2,ESCALATION,26.661533,50.946128,2.922213,0.495390,0.066889,7.078814
99,27,3,SURGE,58.033617,169.911891,1.691796,0.918836,0.269645,45.640358
99,28,4,SUSTAINED,78.648896,344.473577,0.916795,0.856318,0.322222,51.223899
99,29,4,SUSTAINED,87.081904,295.656948,0.820931,1.046747,0.235573,54.479930
99,30,4,SUSTAINED,82.165266,280.766739,1.445782,0.949131,0.354024,52.421716
99,31,4,SUSTAINED,81.900128,292.423276,0.654222,0.897231,0.270515,64.332300
99,32,4,SUSTAINED,77.218119,314.126092,0.588162,0.921755,0.316040,55.992258
99,33,3,SURGE,59.616919,213.524340,1.496257,0.986100,0.265935,44.089924
99,34,2,ESCALATION,19.137532,76.114377,2.396851,0.261138,0.094389,7.323211
99,35,3,SURGE,48.699556,196.844842,1.662072,0.910010,0.241424,42.868548
99,36,3,SURGE,75.357455,201.312288,1.173662,1.053453,0.196118,54.324631
99,37,3,SURGE,74.893988,227.415634,0.655004,0.796088,0.265344,34.594824
99,38,3,SURGE,66.128082,193.201029,1.012392,0.988566,0.275745,38.008032
99,39,3,SURGE,60.950471,253.254448,1.560483,1.032393,0.156317,43.673752
99,40,4,SUSTAINED,73.127592,334.755017,1.466726,0.849676,0.328620,58.564888
99,41,4,SUSTAINED,73.317568,252.282743,1.098740,0.941126,0.331880,56.616282
99,42,4,SUSTAINED,81.910995,292.378637,0.919552,0.870525,0.324992,57.678383
99,43,4,SUSTAINED,74.174045,305.132396,0.787391,0.900671,0.301349,56.574118
99,44,4,SUSTAINED,71.539642,289.038215,1.487556,0.909345,0.305623,56.472356
99,45,4,SUSTAINED,82.144160,259.652496,1.003264,1.021718,0.360191,60.057524
99,46,1,RECON,1.348178,13.256521,3.951119,0.541564,0.043738,2.595923
100,0,0,NORMAL,2.424799,7.929408,2.899984,0.000000,0.032818,0.315051
100,1,0,NORMAL,2.437961,9.256368,3.883946,0.155786,0.010810,0.237505
100,2,0,NORMAL,2.821640,1.692083,3.564103,0.146606,0.028909,0.712568
100,3,0,NORMAL,0.000000,12.840406,3.665202,0.166733,0.008254,0.000000
100,4,0,NORMAL,1.073478,7.067453,3.763727,0.138644,0.030784,0.567016
100,5,0,NORMAL,2.706633,10.167668,2.592483,0.170934,0.000000,0.810325
100,6,0,NORMAL,2.705509,9.530583,3.481439,0.122554,0.019136,0.714185
100,7,0,NORMAL,0.658761,0.000000,3.292163,0.075799,0.016224,0.222068
100,8,0,NORMAL,0.618671,9.352325,3.819233,0.115823,0.024871,0.784780
100,9,0,NORMAL,1.653503,9.459111,3.800183,0.144484,0.002876,0.444941
100,10,1,RECON,6.121930,21.633546,3.980470,0.227073,0.061939,1.893406
101,0,3,SURGE,70.007110,209.306296,2.230230,0.924072,0.226040,34.597277
101,1,4,SUSTAINED,79.949042,313.892604,0.775453,0.927554,0.308514,58.861758
101,2,4,SUSTAINED,81.956065,262.844328,0.926464,0.946957,0.320422,56.387820
101,3,4,SUSTAINED,78.107504,345.355150,1.363277,0.941873,0.258967,50.719773
101,4,4,SUSTAINED,82.207577,316.966903,1.316396,0.931488,0.279556,67.281933
101,5,4,SUSTAINED,69.666370,250.838476,1.094043,0.996999,0.276962,63.865087
101,6,0,NORMAL,3.109558,5.726837,3.128892,0.104552,0.024826,0.446313
101,7,0,NORMAL,2.588486,3.738483,3.329531,0.074066,0.015299,0.622063
101,8,0,NORMAL,0.000000,7.290444,2.967797,0.124817,0.028057,0.000000
101,9,0,NORMAL,2.353373,3.773375,3.891330,0.152466,0.018380,0.267827
101,10,0,NORMAL,2.814025,14.007611,4.397826,0.090251,0.009073,0.751287
101,11,0,NORMAL,2.478132,8.908255,3.546502,0.151426,0.030657,0.343194
101,12,0,NORMAL,0.000000,6.961516,2.953337,0.120960,0.016641,0.431771
101,13,0,NORMAL,2.397255,7.649930,4.343213,0.136907,0.015841,0.388624
101,14,0,NORMAL,2.202846,4.636521,3.947356,0.162862,0.031814,0.962825
101,15,2,ESCALATION,23.649795,55.109927,2.674943,0.225560,0.100435,9.557408
101,16,1,RECON,1.223558,16.566893,4.716266,0.197408,0.053314,2.345302
101,17,1,RECON,8.425211,16.110870,4.347006,0.321507,0.062987,2.429922
101,18,2,ESCALATION,3.343516,56.270316,3.092447,0.464716,0.009440,7.817012
101,19,2,ESCALATION,23.389777,55.629371,2.322709,0.192103,0.123625,10.088448
101,20,3,SURGE,66.036755,186.069179,1.926886,0.999268,0.168054,28.838465
102,0,0,NORMAL,0.429620,8.623316,2.928842,0.084165,0.019527,0.472868
102,1,1,RECON,8.669512,15.605411,3.295473,0.338885,0.082630,1.677428
102,2,2,ESCALATION,10.814322,50.319071,2.102835,0.501625,0.095342,9.824369
102,3,2,ESCALATION,13.055523,20.004063,2.678738,0.544898,0.108076,7.527732
102,4,2,ESCALATION,15.681073,48.428056,2.333376,0.237993,0.113169,8.736254
102,5,4,SUSTAINED,79.645021,295.684457,1.012650,0.910334,0.316203,53.645130
102,6,4,SUSTAINED,73.106624,296.100448,1.477345,0.960332,0.290515,56.850943
102,7,3,SURGE,64.904140,210.408039,1.755412,0.884199,0.259203,36.088357
102,8,3,SURGE,63.428359,213.867203,1.384915,1.003582,0.213920,25.828925
102,9,3,SURGE,44.590607,213.521454,1.199169,0.998469,0.298190,32.600207
102,10,2,ESCALATION,17.672198,64.697597,1.592428,0.542251,0.012096,6.354452
102,11,3,SURGE,90.097701,190.447047,1.001154,0.848651,0.253303,34.638070
102,12,3,SURGE,55.731500,215.823091,1.432236,0.811840,0.216497,36.689132
102,13,4,SUSTAINED,74.342840,319.309080,1.130904,0.862326,0.340998,57.500319
102,14,4,SUSTAINED,77.076968,276.237035,1.403072,0.931417,0.297089,53.864833
102,15,2,ESCALATION,22.026981,59.934951,2.351570,0.528779,0.138965,8.167223
102,16,2,ESCALATION,29.589254,48.108174,2.450482,0.351589,0.011457,11.744435
102,17,0,NORMAL,2.875356,11.229357,2.959515,0.053459,0.037447,0.478980
102,18,0,NORMAL,0.954827,7.575633,4.253947,0.134272,0.021818,0.976556
102,19,0,NORMAL,2.334122,16.328359,3.376288,0.154901,0.016070,0.770855
102,20,0,NORMAL,2.461368,15.170408,3.975926,0.123842,0.012253,0.556469
102,21,0,NORMAL,2.886976,10.585633,3.410182,0.183177,0.035229,0.544894
102,22,0,NORMAL,1.411543,7.183458,2.960996,0.076083,0.018956,0.001890
102,23,0,NORMAL,3.022128,7.976247,2.151379,0.087350,0.006066,0.317114
102,24,0,NORMAL,0.000000,5.550912,3.914785,0.064904,0.012216,1.109722
102,25,0,NORMAL,2.934302,9.484009,3.580849,0.163201,0.039053,0.000000
102,26,1,RECON,4.913603,15.853614,4.984849,0.325689,0.088509,2.880213
102,27,2,ESCALATION,9.004179,37.908711,2.365785,0.698468,0.061313,5.186197
102,28,3,SURGE,87.530272,194.310724,1.711955,0.785938,0.297963,25.810667
102,29,3,SURGE,52.686261,208.754862,1.182767,1.052400,0.275161,34.483173
102,30,3,SURGE,56.067154,176.382535,1.858326,0.654718,0.286741,34.295242
102,31,4,SUSTAINED,95.665095,284.063617,1.486774,0.963962,0.315320,53.496746
102,32,4,SUSTAINED,92.223907,327.913802,1.050096,0.897706,0.276621,60.888972
102,33,4,SUSTAINED,84.439549,251.496872,1.426134,1.015179,0.306942,66.878818
102,34,2,ESCALATION,18.424038,34.696680,3.435125,0.591929,0.172054,9.499126
102,35,3,SURGE,55.089298,189.992910,1.295710,1.034711,0.313782,28.027460
102,36,2,ESCALATION,15.312458,38.280571,3.062950,0.719128,0.135672,12.041205
102,37,3,SURGE,60.365078,169.374093,1.595772,0.932945,0.297992,50.507935
102,38,4,SUSTAINED,73.118641,259.434819,1.356006,1.025026,0.299008,45.835639
102,39,3,SURGE,64.894046,206.845661,1.032812,0.901622,0.284344,44.024166
102,40,3,SURGE,59.429347,175.359732,2.165665,0.989487,0.223783,30.652243
102,41,4,SUSTAINED,76.057461,287.450800,0.859436,0.899430,0.306507,53.398729
102,42,4,SUSTAINED,84.754027,265.449145,0.739309,0.969909,0.284125,62.988850
102,43,4,SUSTAINED,64.139838,269.417271,0.997415,0.972102,0.257890,55.916906
103,0,0,NORMAL,2.370026,12.384531,3.622788,0.059163,0.034930,0.445047
103,1,1,RECON,3.774208,18.453891,3.558986,0.332226,0.066077,1.604161
103,2,0,NORMAL,2.356818,5.524952,2.741028,0.117660,0.018923,0.461342
103,3,0,NORMAL,2.660750,7.516994,2.938665,0.068071,0.025850,0.540921
103,4,0,NORMAL,1.215614,9.853468,3.389174,0.137636,0.028793,0.406148
103,5,1,RECON,5.276820,19.338791,2.449001,0.202908,0.031666,1.745076
103,6,1,RECON,5.310501,19.428735,3.652044,0.369136,0.086186,1.717340
103,7,1,RECON,3.629336,18.427339,3.779390,0.126967,0.020865,2.816152
103,8,1,RECON,8.199779,19.131522,3.407276,0.256198,0.020172,0.776086
103,9,1,RECON,6.078023,27.791868,4.133525,0.164217,0.047562,1.774033
103,10,1,RECON,5.687499,11.927637,4.304577,0.365156,0.078395,2.248301
103,11,1,RECON,4.112208,16.478549,5.278278,0.162842,0.041937,2.902757
103,12,2,ESCALATION,13.571990,46.020018,2.870291,0.662913,0.136969,8.034372
103,13,0,NORMAL,2.341793,10.577361,2.985815,0.186928,0.022202,0.000000
103,14,1,RECON,5.010110,16.022530,3.715454,0.343950,0.032232,1.538475
103,15,1,RECON,4.415506,15.423959,4.882251,0.327106,0.057861,2.488482
103,16,1,RECON,2.959381,27.025862,4.942028,0.461283,0.070691,1.631703
103,17,1,RECON,2.541807,21.182610,4.118602,0.258015,0.000089,1.989498
103,18,1,RECON,3.551235,22.250520,3.376686,0.206631,0.053712,2.697890
103,19,1,RECON,7.934431,11.606654,3.036756,0.146071,0.016956,2.269239
103,20,0,NORMAL,0.589808,9.139390,3.911975,0.152543,0.028753,0.224569
103,21,0,NORMAL,2.496872,6.575350,3.582376,0.037419,0.013724,0.611536
103,22,0,NORMAL,3.151440,9.982575,3.539850,0.096238,0.005524,0.249348
103,23,0,NORMAL,2.574759,10.834843,3.868287,0.159133,0.020723,0.205121
103,24,0,NORMAL,1.275163,9.973580,3.320456,0.095073,0.026936,0.277672
103,25,0,NORMAL,0.652404,8.919653,3.454551,0.141367,0.006256,0.040763
103,26,0,NORMAL,1.609078,7.727594,3.170125,0.145641,0.022992,0.572199
103,27,0,NORMAL,2.501506,5.023361,3.170723,0.031733,0.018435,0.819342
103,28,0,NORMAL,1.558179,8.327439,3.551807,0.103303,0.021773,0.188002
103,29,0,NORMAL,0.244752,9.726871,2.948625,0.158880,0.000000,1.002327
103,30,0,NORMAL,0.800065,8.897171,3.809357,0.085831,0.028926,0.261034
103,31,0,NORMAL,1.697922,6.384812,2.532911,0.098767,0.018850,0.823455
103,32,1,RECON,3.721185,24.017456,4.434631,0.354938,0.059069,2.366297
103,33,1,RECON,5.183081,12.943284,4.711038,0.243345,0.047801,2.296145
103,34,2,ESCALATION,12.448526,57.137729,2.470813,0.646008,0.060554,5.031427
103,35,2,ESCALATION,7.348868,49.599252,3.910890,0.495711,0.153871,9.957425
103,36,2,ESCALATION,14.346774,18.210239,2.608533,0.534833,0.109267,15.397576
103,37,1,RECON,6.260291,23.824816,4.632401,0.291395,0.048376,1.719476
103,38,1,RECON,4.659359,21.124682,3.392730,0.314685,0.081041,1.820301
103,39,1,RECON,5.327343,17.717459,4.293295,0.268858,0.010389,2.704140
103,40,1,RECON,5.960859,20.706605,4.053926,0.415779,0.049215,2.213776
103,41,1,RECON,3.941316,19.836766,4.925769,0.393494,0.018416,0.817776
103,42,1,RECON,3.506383,22.472963,2.895865,0.290159,0.049315,2.384374
104,0,2,ESCALATION,17.632151,65.111824,2.584869,0.616352,0.119431,11.967215
104,1,2,ESCALATION,6.350503,48.985105,2.853070,0.577729,0.038693,7.063866
104,2,2,ESCALATION,14.479573,45.413984,3.943796,0.339499,0.149326,11.063749
104,3,3,SURGE,59.671094,198.541651,1.572779,0.840546,0.228593,37.158204
104,4,3,SURGE,56.892438,110.367008,1.539060,0.847253,0.156659,37.199592
104,5,3,SURGE,72.752445,178.430802,1.767116,1.038281,0.218597,39.620022
104,6,3,SURGE,62.289762,214.949994,1.337098,0.968705,0.248018,25.343176
104,7,3,SURGE,48.168212,204.489639,1.133264,0.947813,0.252238,30.015928
104,8,2,ESCALATION,18.102814,67.219896,2.258547,0.335384,0.178039,7.970696
104,9,1,RECON,3.521218,19.076101,5.572077,0.325437,0.071299,2.023187
104,10,2,ESCALATION,11.583817,33.232967,2.930672,0.683583,0.106440,7.076655
104,11,3,SURGE,63.554459,150.474718,1.046360,0.990016,0.236113,37.620366
104,12,3,SURGE,67.258711,206.620107,1.202767,0.829291,0.240244,42.417758
104,13,3,SURGE,58.755098,201.851342,1.485510,0.821962,0.305353,36.141508
104,14,3,SURGE,39.396648,191.393028,1.060164,0.802098,0.371109,41.996207
104,15,4,SUSTAINED,86.842429,329.497286,1.140279,1.030320,0.333867,55.248010
104,16,3,SURGE,58.632676,202.089567,1.482560,0.938153,0.336999,30.358287
104,17,3,SURGE,56.317655,250.786526,1.366622,0.941275,0.242058,26.155263
104,18,3,SURGE,50.572464,203.355314,1.079031,0.766300,0.239753,35.251910
104,19,4,SUSTAINED,79.716539,255.542798,1.237642,0.943634,0.200784,51.861341
104,20,4,SUSTAINED,71.491633,315.353766,1.329804,0.899114,0.299509,59.949947
104,21,4,SUSTAINED,78.353516,334.507174,0.942710,0.972958,0.256832,54.034229
104,22,1,RECON,0.190946,15.328385,4.543466,0.322584,0.039552,1.116334
104,23,1,RECON,4.355187,20.726736,4.504179,0.255258,0.071451,1.524578
104,24,1,RECON,7.642585,23.250573,4.055551,0.554708,0.053037,2.192845
104,25,2,ESCALATION,9.351168,69.426099,2.456558,0.637942,0.146382,9.809964
104,26,3,SURGE,56.589217,92.916953,1.453413,0.980271,0.238125,35.279358
104,27,3,SURGE,72.153660,197.825372,2.243166,0.842927,0.260862,36.532785
104,28,2,ESCALATION,15.898527,81.921142,2.547923,0.729137,0.104720,10.509967
104,29,2,ESCALATION,16.742070,33.963193,2.954258,0.272241,0.096237,11.286836
104,30,2,ESCALATION,8.830250,21.524204,3.098167,0.737180,0.061442,14.292212
104,31,3,SURGE,40.413065,137.564786,1.807980,0.912957,0.324111,30.415002
104,32,3,SURGE,60.067611,194.279419,1.346957,0.863730,0.258732,42.420648
104,33,3,SURGE,72.059875,151.948860,0.775327,1.001697,0.202824,36.964193
104,34,3,SURGE,53.664877,141.669438,1.272189,0.964933,0.249803,44.036057
104,35,3,SURGE,69.028460,179.665525,0.656577,0.931662,0.288369,35.526088
104,36,3,SURGE,51.493078,226.829073,2.197910,0.903673,0.238676,39.154627
104,37,3,SURGE,64.027826,285.768107,1.611701,0.834620,0.220825,40.492858
104,38,4,SUSTAINED,76.200081,286.416065,1.271937,1.047091,0.302193,43.464045
104,39,4,SUSTAINED,82.098303,302.789843,1.687337,0.998004,0.337205,53.697201
104,40,4,SUSTAINED,72.832615,329.048829,1.115274,0.877600,0.323729,63.385262
104,41,4,SUSTAINED,92.502094,250.321773,0.840962,0.942664,0.285169,50.997200
104,42,4,SUSTAINED,75.771276,289.230760,1.283528,0.916623,0.295759,51.126766
104,43,4,SUSTAINED,86.109617,351.233833,1.519372,0.966586,0.274339,53.278488
104,44,4,SUSTAINED,61.748106,289.102193,1.420235,0.893086,0.316936,57.261936
105,0,0,NORMAL,2.416099,10.009366,3.699469,0.103630,0.022889,0.147180
105,1,1,RECON,3.407034,23.157694,4.746591,0.368040,0.084270,1.736018
105,2,2,ESCALATION,13.231986,25.966454,1.885850,0.593165,0.044194,4.775262
105,3,2,ESCALATION,12.938862,63.284785,2.836277,0.380230,0.138865,10.186374
105,4,3,SURGE,62.522666,171.396928,1.203425,1.086951,0.256214,38.259692
105,5,4,SUSTAINED,86.993922,278.951866,1.040745,0.982834,0.239344,60.944631
105,6,3,SURGE,57.542332,136.046685,1.077499,1.029767,0.302223,49.210578
105,7,3,SURGE,49.489438,213.594903,1.786127,0.820049,0.221054,30.949219
105,8,3,SURGE,55.250442,201.251692,1.533458,1.010562,0.202377,49.346087
105,9,2,ESCALATION,20.828601,24.270506,2.737267,0.743816,0.127890,9.263727
105,10,2,ESCALATION,11.325994,70.165937,3.083404,0.633537,0.102952,7.154806
105,11,2,ESCALATION,16.296765,47.450600,1.951596,0.643086,0.117601,6.181214
105,12,1,RECON,5.487625,19.316994,4.907116,0.366871,0.055873,1.849132
105,13,1,RECON,3.532398,21.729859,4.132913,0.345471,0.074668,1.750737
105,14,1,RECON,5.531115,14.793493,5.206479,0.371119,0.041309,2.882875
105,15,0,NORMAL,1.971066,6.712328,3.875656,0.076016,0.027585,0.678338
105,16,0,NORMAL,3.829718,5.764296,2.795493,0.142805,0.000000,0.947545
105,17,1,RECON,2.146030,13.257677,2.892729,0.338288,0.023462,2.401671
105,18,1,RECON,4.049272,20.546730,4.698809,0.414580,0.037324,1.976152
105,19,1,RECON,5.325975,14.108552,3.860723,0.258100,0.055867,2.002364
105,20,2,ESCALATION,14.465017,41.303710,2.914770,0.362422,0.122766,7.143604
105,21,3,SURGE,62.200240,264.061819,1.652633,0.907322,0.215381,46.419081
105,22,3,SURGE,44.745199,192.196471,1.576596,0.818149,0.244091,39.428137
105,23,0,NORMAL,3.234642,4.065326,4.516901,0.098358,0.025802,0.538351
105,24,0,NORMAL,0.943422,6.427172,3.996860,0.030784,0.011443,0.549455
105,25,0,NORMAL,2.442721,5.047985,2.701004,0.126953,0.034331,0.396410
105,26,0,NORMAL,1.570120,9.182188,3.383428,0.170360,0.029250,0.555301
105,27,0,NORMAL,1.307736,6.355933,3.126692,0.109541,0.022114,0.000000
105,28,1,RECON,5.032247,19.788207,4.795861,0.223303,0.075178,1.886565
105,29,0,NORMAL,1.106068,12.314740,3.048008,0.227439,0.010482,0.816976
105,30,1,RECON,6.430045,17.797375,3.327016,0.020317,0.100152,2.058419
105,31,2,ESCALATION,16.513043,60.343800,2.370952,0.393747,0.099206,11.607783
105,32,2,ESCALATION,22.316127,66.968288,2.662729,0.264421,0.090933,9.579447
105,33,2,ESCALATION,18.172124,62.951300,3.118515,0.458701,0.120795,14.706453
105,34,3,SURGE,64.872875,273.280131,1.030164,1.000110,0.306736,28.185231
105,35,2,ESCALATION,13.643420,49.093313,2.605027,0.696903,0.095515,6.610059
105,36,3,SURGE,56.590100,156.818579,1.311146,0.911767,0.270219,49.632312
105,37,3,SURGE,55.255303,159.558400,1.617795,0.888263,0.245784,42.100236
105,38,2,ESCALATION,16.348676,47.442228,2.319171,0.408082,0.133930,6.729241
105,39,2,ESCALATION,20.797873,35.864323,2.821148,0.573674,0.100129,0.565586
106,0,0,NORMAL,0.000000,14.381733,2.837074,0.046079,0.027819,0.635852
106,1,0,NORMAL,1.430594,11.992570,3.480337,0.021709,0.032323,0.565785
106,2,0,NORMAL,2.572549,15.174868,3.345015,0.100805,0.027198,0.408862
106,3,1,RECON,0.000000,17.636084,4.117606,0.286078,0.032461,2.724898
106,4,2,ESCALATION,16.001372,49.442545,3.100219,0.714644,0.107804,10.524191
106,5,2,ESCALATION,12.469959,47.876637,2.629875,0.585224,0.104266,5.617206
106,6,2,ESCALATION,7.370417,47.230952,2.800784,0.771267,0.153938,4.897776
106,7,3,SURGE,62.193103,190.782506,1.433325,0.864605,0.343635,36.670526
106,8,4,SUSTAINED,59.767759,324.707052,1.555276,0.897398,0.279525,57.709021
106,9,3,SURGE,64.663696,188.510357,2.245306,0.833026,0.384579,49.935391
106,10,2,ESCALATION,9.797612,63.645236,3.162363,0.182058,0.043816,9.072884
107,0,1,RECON,7.157898,13.581104,3.835807,0.235297,0.060203,0.624433
107,1,1,RECON,1.554470,16.435623,4.778439,0.374090,0.035448,2.426658
107,2,2,ESCALATION,21.805425,48.050557,1.016172,0.634202,0.081636,7.177400
107,3,0,NORMAL,0.575292,8.223961,3.767248,0.118203,0.014011,0.797580
107,4,0,NORMAL,1.374478,7.591996,3.647734,0.083773,0.032286,0.588586
107,5,1,RECON,5.520272,21.664530,4.392620,0.119048,0.071790,2.095740
107,6,2,ESCALATION,12.970282,22.599252,1.432654,0.358345,0.120692,11.893673
107,7,0,NORMAL,0.947773,5.647628,4.180392,0.034461,0.041018,1.062811
107,8,0,NORMAL,2.380701,6.975426,3.678173,0.145429,0.013492,0.169639
107,9,0,NORMAL,1.227692,11.722659,3.191785,0.104782,0.029830,0.883953
107,10,0,NORMAL,2.384296,4.949028,4.011528,0.163176,0.001296,1.028884
107,11,0,NORMAL,2.594631,8.232685,3.469812,0.089674,0.010074,0.657148
107,12,0,NORMAL,0.690578,4.894986,2.853777,0.073770,0.024851,0.286665
107,13,0,NORMAL,1.880786,7.131785,3.508383,0.169758,0.006287,0.996910
107,14,2,ESCALATION,14.891718,67.745385,2.606516,0.542852,0.078343,10.899425
107,15,4,SUSTAINED,79.589058,320.374165,1.514457,0.908942,0.330126,49.108090
107,16,4,SUSTAINED,74.015491,325.039799,1.196335,0.923250,0.302219,55.134398
107,17,0,NORMAL,0.388290,7.692941,3.562139,0.031731,0.006209,0.390587
107,18,1,RECON,5.024092,15.218258,3.722132,0.260482,0.055970,2.995697
107,19,2,ESCALATION,18.115011,48.332725,3.115433,0.677832,0.069795,10.832914
107,20,3,SURGE,61.275992,190.299329,1.518512,0.801097,0.271844,52.690298
107,21,3,SURGE,61.896455,234.234925,1.381304,1.036039,0.228516,39.069642
107,22,3,SURGE,61.265904,200.120918,1.754360,0.836379,0.215900,43.699937
107,23,4,SUSTAINED,85.032082,355.422367,1.366592,0.975965,0.327172,63.929025
107,24,4,SUSTAINED,71.320974,324.017457,1.279607,0.940298,0.229083,45.759035
107,25,4,SUSTAINED,68.283268,289.687295,1.414302,0.920952,0.303339,48.580288
107,26,0,NORMAL,2.508135,3.731197,3.124057,0.036641,0.025092,0.549202
107,27,0,NORMAL,1.871718,8.968506,3.671426,0.075221,0.013644,0.482301
107,28,0,NORMAL,4.060682,6.848316,3.644833,0.123296,0.034005,0.256645
107,29,0,NORMAL,1.852604,15.504036,3.681301,0.038554,0.018028,0.900881
107,30,0,NORMAL,1.940375,10.156991,3.327501,0.089463,0.010553,1.018646
107,31,0,NORMAL,2.169467,9.439654,3.493174,0.037307,0.010012,0.656755
107,32,0,NORMAL,0.000000,9.160935,3.063752,0.131561,0.017984,0.425056
107,33,0,NORMAL,0.861507,5.523641,3.370038,0.042783,0.027138,0.407786
107,34,2,ESCALATION,12.204855,51.518038,2.532346,0.559972,0.122961,15.205101
107,35,2,ESCALATION,6.818148,44.596513,2.640015,0.586261,0.062657,6.406244
107,36,2,ESCALATION,11.988671,41.525517,2.612197,0.322023,0.139281,9.416642
107,37,3,SURGE,60.259729,137.389805,2.036902,1.061411,0.247213,33.178839
107,38,3,SURGE,58.120537,173.429227,1.318503,0.889317,0.318523,47.644814
107,39,3,SURGE,61.705783,153.855531,1.191977,0.906072,0.189945,42.431864
107,40,3,SURGE,65.453454,220.207579,0.753487,1.033336,0.171631,38.778006
107,41,3,SURGE,63.585975,148.886547,1.060670,0.928707,0.275542,31.142369
107,42,3,SURGE,44.847265,224.975570,1.146463,0.908051,0.245630,49.285259
107,43,4,SUSTAINED,75.207185,310.787781,1.842724,0.987006,0.297633,49.998322
107,44,4,SUSTAINED,85.439943,273.425923,1.200807,1.021881,0.306016,48.525209
107,45,4,SUSTAINED,94.099586,315.035297,1.582727,0.936651,0.328978,52.458761
107,46,4,SUSTAINED,79.376140,377.757678,0.778039,0.964878,0.311435,58.096034
107,47,4,SUSTAINED,79.366001,304.152352,1.343961,0.949909,0.297266,47.073340
107,48,4,SUSTAINED,84.285593,306.267203,1.012660,0.899819,0.334399,54.040826
108,0,0,NORMAL,2.901377,7.756812,3.733813,0.137050,0.006630,1.003348
108,1,0,NORMAL,1.295898,4.710225,3.993549,0.110558,0.024826,0.507999
108,2,0,NORMAL,2.508618,7.407395,3.489154,0.218850,0.028691,0.778029
108,3,2,ESCALATION,16.922869,51.795613,2.392476,0.432117,0.018116,10.371270
108,4,1,RECON,6.805472,17.784870,4.302447,0.295763,0.077721,2.967554
108,5,0,NORMAL,1.100996,10.771667,3.012713,0.022257,0.024983,0.865547
108,6,0,NORMAL,2.404518,6.752979,3.860997,0.154751,0.017371,0.191719
108,7,1,RECON,6.851377,12.317168,4.497619,0.377741,0.039974,1.867031
108,8,1,RECON,3.383612,13.451442,4.012487,0.427791,0.082215,1.920974
108,9,2,ESCALATION,20.320573,24.960566,2.948567,0.493413,0.151753,12.185056
108,10,2,ESCALATION,15.838390,41.440935,2.624004,0.592608,0.086604,8.581776
108,11,1,RECON,8.030323,19.443401,4.294212,0.189271,0.081716,2.396561
108,12,1,RECON,5.170098,19.803267,4.817432,0.389555,0.082216,2.194151
108,13,3,SURGE,70.577233,197.594745,0.833051,0.908556,0.327924,33.797895
108,14,3,SURGE,61.652189,237.685064,1.344875,0.813062,0.278500,34.052904
108,15,3,SURGE,78.403719,237.081226,2.253355,0.987401,0.284018,42.956285
108,16,3,SURGE,65.121066,177.870701,1.072308,0.866777,0.314575,30.140747
108,17,4,SUSTAINED,84.730473,287.547639,1.345649,0.999493,0.318461,51.206527
108,18,3,SURGE,67.421227,201.073114,1.491367,0.937399,0.234401,26.950362
108,19,3,SURGE,66.907430,107.957361,1.704270,1.075648,0.193618,39.413670
108,20,4,SUSTAINED,93.283295,333.628411,0.936475,0.967106,0.392107,51.251753
108,21,4,SUSTAINED,84.108058,281.698364,1.728961,0.926367,0.244439,51.850108
109,0,2,ESCALATION,16.510997,58.438257,2.074640,0.415445,0.113959,10.107236
109,1,2,ESCALATION,15.758862,45.740956,3.236710,0.577912,0.085061,9.435332
109,2,2,ESCALATION,17.286810,57.069418,4.222628,0.449561,0.094349,6.058305
109,3,2,ESCALATION,12.717698,59.976510,3.242477,0.544352,0.088169,6.519875
109,4,2,ESCALATION,12.215562,30.573079,3.614715,0.775573,0.022565,8.867791
109,5,2,ESCALATION,16.044044,41.108835,3.413508,0.561572,0.141365,5.787464
109,6,2,ESCALATION,17.174528,35.555844,3.432760,0.181007,0.081258,6.152234
109,7,2,ESCALATION,16.305495,55.943536,3.183843,0.613248,0.093139,14.326113
109,8,3,SURGE,56.880118,194.525052,1.366781,0.936330,0.201403,33.683700
109,9,3,SURGE,56.013399,242.590367,1.439160,0.890384,0.263908,31.982101
109,10,3,SURGE,68.903295,212.262527,1.891266,1.026413,0.283129,34.293064
109,11,3,SURGE,79.314889,212.566741,1.572383,0.814004,0.245427,45.730989
109,12,0,NORMAL,1.480622,7.137842,4.095913,0.133389,0.025340,0.632265
109,13,0,NORMAL,2.272349,11.204022,3.369539,0.148871,0.025452,0.748302
109,14,0,NORMAL,2.886586,3.605955,3.516573,0.135651,0.022963,0.828687
109,15,0,NORMAL,1.452545,3.082775,3.363517,0.125844,0.027610,0.080244
109,16,0,NORMAL,1.025579,7.636556,3.215592,0.120862,0.020941,0.703391
109,17,0,NORMAL,2.397852,6.269961,3.730535,0.197257,0.026563,0.783708
109,18,0,NORMAL,2.386879,7.195947,3.159938,0.098884,0.021086,0.312682
109,19,0,NORMAL,1.826513,10.107317,3.613787,0.118796,0.029794,0.666487
109,20,0,NORMAL,0.000000,9.541184,3.044038,0.095688,0.023710,0.899909
109,21,0,NORMAL,1.078782,4.052411,3.662859,0.112121,0.007981,0.495019
109,22,2,ESCALATION,8.849241,35.081219,2.413504,0.468161,0.127759,7.020558
109,23,3,SURGE,82.461778,161.747589,1.238803,0.967809,0.299402,43.318407
109,24,3,SURGE,63.174559,120.955853,1.538798,0.842902,0.319191,47.716993
109,25,3,SURGE,73.503181,237.574711,1.370215,0.892156,0.319609,24.227905
109,26,3,SURGE,70.934096,196.451479,1.759164,0.910315,0.210798,33.527760
109,27,2,ESCALATION,11.821466,27.131286,2.873439,0.423038,0.052036,8.215242
109,28,3,SURGE,60.201501,157.350366,1.692721,1.003516,0.360652,51.534752
109,29,3,SURGE,68.580827,210.260957,1.039160,0.928380,0.345934,49.566914
109,30,4,SUSTAINED,80.109738,314.750233,0.681029,0.865228,0.306185,56.006050
109,31,4,SUSTAINED,83.103788,332.608881,1.134509,0.952991,0.322856,57.634176
109,32,4,SUSTAINED,72.759030,288.124397,0.941752,1.023348,0.325379,48.341648
109,33,0,NORMAL,3.130392,6.061282,3.925792,0.169159,0.032161,0.554121
110,0,0,NORMAL,2.240850,11.440382,3.318996,0.124971,0.025435,0.221350
110,1,0,NORMAL,1.795497,11.315998,2.584286,0.081858,0.033099,0.130361
110,2,0,NORMAL,0.872207,5.250375,3.426389,0.193673,0.013600,0.000000
110,3,0,NORMAL,2.931948,3.935779,4.093982,0.103490,0.019677,0.589191
110,4,1,RECON,5.275744,12.034635,5.279113,0.197270,0.058778,1.172200
110,5,2,ESCALATION,13.130840,94.720220,2.791332,0.376771,0.082218,3.485982
110,6,2,ESCALATION,18.451944,47.558211,3.910652,0.550406,0.136136,5.270169
110,7,3,SURGE,62.039026,170.987727,1.660003,0.961543,0.277142,38.791334
110,8,4,SUSTAINED,77.939060,289.535376,1.632462,0.894652,0.231881,49.793102
110,9,4,SUSTAINED,90.268728,280.184445,1.744451,0.951360,0.295379,49.900371
110,10,3,SURGE,58.497111,146.720479,2.483067,0.939367,0.289942,53.452482
110,11,3,SURGE,69.748894,202.173003,1.793493,0.896584,0.248989,40.957734
110,12,3,SURGE,65.043778,220.073807,1.827567,0.963961,0.350002,48.421038
110,13,3,SURGE,64.530715,256.507925,1.120011,1.101424,0.211268,47.202203
110,14,3,SURGE,59.490676,147.883485,1.863000,0.771164,0.177861,49.277624
110,15,2,ESCALATION,11.663771,65.046638,3.277916,0.486272,0.153433,7.509133
110,16,2,ESCALATION,8.731151,31.834556,3.501427,0.582681,0.094302,13.723536
110,17,2,ESCALATION,17.195840,28.165173,2.733041,0.375113,0.103581,5.191109
110,18,2,ESCALATION,3.686934,52.508860,1.420742,0.451964,0.127776,5.833713
110,19,2,ESCALATION,14.660765,37.570917,2.911395,0.345076,0.095820,6.960738
110,20,3,SURGE,76.351516,207.992435,1.701778,0.837521,0.261163,37.801572
110,21,4,SUSTAINED,85.191565,284.992985,1.080586,0.925679,0.279771,56.039411
110,22,4,SUSTAINED,91.983651,380.374881,1.029617,0.964700,0.341520,53.405506
110,23,4,SUSTAINED,93.905386,320.584719,1.295607,1.022526,0.330809,54.712390
110,24,4,SUSTAINED,76.053346,336.144696,1.404626,0.940667,0.370663,54.056672
110,25,3,SURGE,62.200390,277.318121,1.801218,0.904616,0.241060,39.877020
110,26,1,RECON,2.266594,19.543677,3.773185,0.246382,0.048223,2.041779
110,27,2,ESCALATION,23.691477,59.935692,4.064689,0.434151,0.131349,6.849762
110,28,2,ESCALATION,25.727713,38.477776,1.460960,0.393808,0.019667,5.146026
110,29,2,ESCALATION,15.176409,19.256051,3.517571,0.218635,0.094890,7.027536
110,30,2,ESCALATION,16.757716,67.803094,2.583128,0.430288,0.116512,11.087606
110,31,2,ESCALATION,16.609071,53.489938,2.778227,0.561490,0.181397,7.272280
110,32,1,RECON,4.117888,19.946864,2.502604,0.286494,0.067613,1.579015
110,33,1,RECON,9.218671,19.657999,2.408619,0.159012,0.044980,1.356939
110,34,1,RECON,4.410848,23.830358,3.326935,0.279250,0.054345,2.272908
110,35,2,ESCALATION,2.943633,51.249381,2.709547,0.629616,0.128919,8.722534
110,36,0,NORMAL,3.352383,11.450888,3.637666,0.207271,0.013718,0.144367
110,37,1,RECON,4.252380,5.673293,3.678095,0.334359,0.048839,1.378831
110,38,0,NORMAL,2.123072,10.145223,3.179250,0.143693,0.009094,0.348987
110,39,0,NORMAL,0.976122,6.023698,2.873444,0.058637,0.021384,0.711963
110,40,0,NORMAL,1.675310,4.271678,3.136435,0.022698,0.027366,0.741822
110,41,0,NORMAL,2.441451,10.628698,3.550604,0.169681,0.009762,0.395399
111,0,2,ESCALATION,7.829293,71.719619,3.137065,0.762544,0.098377,6.349042
111,1,2,ESCALATION,20.152825,39.283687,1.601442,0.226060,0.110455,12.620568
111,2,3,SURGE,57.276337,186.062018,2.268213,1.125870,0.271223,47.184003
111,3,3,SURGE,47.196784,227.940921,1.092157,0.882846,0.306987,40.647467
111,4,4,SUSTAINED,90.394108,247.291989,0.546691,1.008105,0.348096,56.539568
111,5,4,SUSTAINED,87.144382,326.232267,1.108745,0.997793,0.286141,56.461307
111,6,3,SURGE,51.405609,170.280509,2.393644,0.810811,0.268498,44.638393
111,7,3,SURGE,66.714899,213.159331,1.151899,0.953682,0.222765,53.925353
111,8,1,RECON,3.599693,19.711448,3.460116,0.325778,0.045486,1.338503
111,9,2,ESCALATION,27.174671,51.370884,2.540957,0.409262,0.118847,6.084512
111,10,3,SURGE,59.675856,198.401236,1.333186,0.810871,0.230451,36.242901
112,0,2,ESCALATION,21.658826,79.128792,2.459385,0.751203,0.109091,10.959090
112,1,3,SURGE,56.567328,228.779905,1.693972,0.723181,0.243794,46.979233
112,2,1,RECON,5.938942,14.242881,4.404968,0.290366,0.045931,1.456595
112,3,1,RECON,5.690937,19.222739,5.840628,0.347380,0.074010,2.218346
112,4,2,ESCALATION,9.704313,53.620852,1.201906,0.540870,0.112616,7.347297
112,5,0,NORMAL,0.748830,12.156811,3.331375,0.051395,0.025447,0.533227
112,6,0,NORMAL,1.535967,7.983084,4.172908,0.123477,0.019656,0.755730
112,7,0,NORMAL,2.401552,8.453383,3.794890,0.077793,0.008607,0.772054
112,8,0,NORMAL,0.908119,8.537875,3.275565,0.144169,0.022466,1.498242
112,9,0,NORMAL,3.537292,12.903892,3.766799,0.101854,0.020948,0.503061
112,10,0,NORMAL,1.127364,7.517048,3.358907,0.013690,0.028589,0.818876
112,11,0,NORMAL,3.030132,3.249027,3.511977,0.093687,0.020877,0.524764
112,12,0,NORMAL,1.612227,7.673882,4.181611,0.071064,0.042553,0.309451
112,13,1,RECON,6.142413,16.541220,5.305891,0.354521,0.045902,3.097012
112,14,1,RECON,3.869033,20.812852,4.841173,0.332262,0.047456,1.798845
112,15,0,NORMAL,2.240395,5.383284,3.035049,0.175673,0.012812,0.581819
112,16,0,NORMAL,2.542107,5.727073,2.992153,0.193494,0.009588,0.334019
112,17,1,RECON,4.562243,20.869026,3.025782,0.278960,0.063554,2.544858
112,18,2,ESCALATION,9.891450,53.205697,2.012522,0.692641,0.106296,5.909565
112,19,2,ESCALATION,11.834717,26.571034,3.096867,0.379573,0.115987,9.612637
112,20,3,SURGE,62.518476,245.009375,2.054444,0.925822,0.265926,35.540210
112,21,3,SURGE,72.820745,224.229748,1.774732,0.840929,0.331196,38.171089
112,22,3,SURGE,54.263259,262.847665,1.055581,0.824888,0.394925,47.528302
112,23,3,SURGE,49.185526,133.092112,1.538846,0.972802,0.325940,24.848131
112,24,3,SURGE,58.804494,311.506802,1.854361,0.937280,0.188754,23.040118
112,25,3,SURGE,59.006305,189.287699,1.347827,0.825165,0.201118,51.116062
112,26,4,SUSTAINED,77.790816,298.827657,1.411884,0.907408,0.339123,51.522002
112,27,4,SUSTAINED,93.144789,270.923169,1.416271,1.000231,0.312396,54.294815
112,28,4,SUSTAINED,79.889237,306.122325,1.099042,0.957554,0.338565,53.348168
112,29,4,SUSTAINED,84.108561,267.649967,1.422563,0.949934,0.337724,49.309937
112,30,4,SUSTAINED,77.279712,255.531534,1.533426,0.868729,0.343893,57.546391
112,31,3,SURGE,63.451161,212.709332,1.339829,0.929815,0.286559,32.442538
112,32,2,ESCALATION,1.868375,21.056002,3.138716,0.437326,0.065862,7.840924
112,33,2,ESCALATION,10.056961,25.414265,1.619106,0.610819,0.083100,10.908648
112,34,3,SURGE,63.549700,194.983822,1.517779,0.909304,0.227715,30.163028
112,35,3,SURGE,75.935468,266.368616,1.278692,0.826683,0.222286,38.593301
112,36,2,ESCALATION,10.010358,27.803962,2.829965,0.000000,0.095974,5.165757
112,37,2,ESCALATION,20.238174,66.068686,2.592132,0.329728,0.067416,8.862832
112,38,3,SURGE,73.935495,186.774799,1.700069,0.721857,0.203701,24.754567
112,39,2,ESCALATION,14.198976,58.569574,2.838048,0.570271,0.086502,7.389363
112,40,3,SURGE,64.056317,217.284737,2.624575,1.068160,0.161062,38.855156
113,0,0,NORMAL,1.684252,9.392867,2.331469,0.024320,0.040923,0.515073
113,1,0,NORMAL,2.242871,4.840823,3.358313,0.027369,0.012113,0.375099
113,2,1,RECON,5.928092,21.192620,4.179380,0.382285,0.032530,1.413835
113,3,1,RECON,4.441705,17.930771,4.068692,0.425345,0.076111,1.499067
113,4,2,ESCALATION,11.442515,36.545598,3.299049,0.638075,0.058757,5.736486
113,5,3,SURGE,61.343785,198.203343,1.815649,0.949713,0.280510,27.663984
113,6,3,SURGE,69.488973,178.456955,0.848974,0.980799,0.221137,48.501096
113,7,3,SURGE,57.227806,254.527636,0.978938,1.043422,0.218032,41.298959
113,8,3,SURGE,55.728802,169.515492,1.352071,0.798544,0.348098,36.150952
113,9,3,SURGE,70.271730,214.517190,1.445728,0.919378,0.278608,40.803748
113,10,4,SUSTAINED,65.453509,345.269647,0.409586,0.959784,0.290601,55.964807
113,11,4,SUSTAINED,82.805420,306.180493,2.028304,0.956499,0.353929,46.007886
113,12,4,SUSTAINED,81.810186,308.092161,1.285071,1.035317,0.310204,50.295268
113,13,4,SUSTAINED,86.537020,313.423664,0.740858,0.975732,0.256706,57.629548
113,14,4,SUSTAINED,77.748146,283.655746,1.655674,0.970092,0.350445,72.371275
113,15,4,SUSTAINED,92.015921,279.016330,1.576463,0.909625,0.299263,58.221266
114,0,1,RECON,6.222900,16.161417,3.082121,0.292902,0.047621,2.141532
114,1,1,RECON,5.931303,14.159135,3.871337,0.392779,0.039136,1.683926
114,2,1,RECON,4.942639,19.726352,2.619605,0.192975,0.021565,2.630682
114,3,1,RECON,4.842631,21.589311,4.350257,0.256004,0.056929,2.829579
114,4,0,NORMAL,0.000000,11.443198,3.700132,0.098346,0.000196,0.410507
114,5,0,NORMAL,0.783721,7.590652,3.232017,0.076495,0.027396,0.576672
114,6,0,NORMAL,1.377619,6.635424,3.376278,0.129203,0.009574,0.937532
114,7,0,NORMAL,0.000000,8.256048,4.020368,0.119435,0.015877,0.481672
114,8,0,NORMAL,2.769588,3.754715,3.197491,0.181929,0.020329,0.958371
114,9,0,NORMAL,1.507965,4.408157,3.367235,0.154950,0.032389,1.181593
114,10,0,NORMAL,2.488057,5.864691,2.246508,0.098017,0.008462,0.693007
114,11,0,NORMAL,1.260667,8.803038,3.686181,0.097628,0.038673,0.970839
114,12,0,NORMAL,3.609410,13.286604,3.438049,0.102270,0.019493,0.306500
114,13,0,NORMAL,3.319323,9.312128,3.222905,0.053700,0.012419,0.450843
114,14,1,RECON,3.279838,22.508513,4.357565,0.314284,0.070516,2.674687
114,15,1,RECON,2.831973,16.852418,4.484778,0.436458,0.051301,3.362957
114,16,2,ESCALATION,12.312107,45.414762,2.309663,0.673911,0.000000,6.489293
114,17,2,ESCALATION,13.438408,66.093297,4.118610,0.512058,0.146757,15.257413
114,18,2,ESCALATION,14.759684,63.536980,3.510530,0.494178,0.080646,13.152186
114,19,2,ESCALATION,20.968644,53.943009,3.896179,0.372643,0.065961,10.563459
114,20,4,SUSTAINED,80.933028,346.452277,0.664550,0.970107,0.348470,54.844554
114,21,4,SUSTAINED,77.899136,274.844406,1.220747,0.936165,0.279470,57.796884
114,22,3,SURGE,63.278209,253.746623,2.131530,0.841336,0.263743,36.600419
114,23,3,SURGE,63.557609,157.914015,1.693721,0.744412,0.258550,27.434136
114,24,2,ESCALATION,13.033100,42.653103,3.475903,0.451764,0.104434,7.404151
114,25,1,RECON,7.085890,22.178177,3.826665,0.420905,0.031673,1.406014
114,26,1,RECON,7.093601,12.149243,4.913187,0.294525,0.041325,2.878245
114,27,0,NORMAL,4.285676,7.470075,3.574921,0.177145,0.021759,0.856661
114,28,2,ESCALATION,12.787015,55.951007,3.448852,0.615454,0.127041,11.183174
114,29,3,SURGE,38.568160,257.688130,1.164934,0.931363,0.259050,40.378621
114,30,3,SURGE,40.613067,159.904844,1.830495,0.755338,0.205986,43.344373
114,31,4,SUSTAINED,75.655614,302.454645,1.284793,0.897639,0.305638,57.393129
114,32,4,SUSTAINED,81.718744,278.502503,1.237175,0.986154,0.292950,60.480492
114,33,4,SUSTAINED,87.262641,312.093298,1.530230,0.969255,0.233310,50.247576
114,34,4,SUSTAINED,79.302216,310.732163,0.957914,1.050435,0.295902,54.953873
114,35,4,SUSTAINED,71.972986,296.210905,1.208265,0.945655,0.366206,54.242144
114,36,4,SUSTAINED,86.522364,294.868025,1.361802,0.886048,0.249154,55.732351
114,37,0,NORMAL,1.190975,8.365555,3.604550,0.064505,0.014812,0.564985
114,38,2,ESCALATION,11.979836,58.009027,2.785698,0.428420,0.063877,4.960366
114,39,2,ESCALATION,25.129063,58.486800,2.000281,0.606082,0.069645,7.985428
114,40,3,SURGE,80.227548,154.635684,1.625445,0.831468,0.286941,42.347631
114,41,3,SURGE,67.181178,172.258645,2.666481,0.955543,0.222467,41.644323
114,42,4,SUSTAINED,84.742356,314.880843,1.489945,0.993409,0.266097,67.648325
114,43,4,SUSTAINED,86.407719,301.160902,1.216766,0.933812,0.292225,41.879294
114,44,3,SURGE,71.774536,132.932528,1.855995,0.899229,0.240048,43.942732
114,45,4,SUSTAINED,79.910007,302.384435,1.224135,0.881626,0.317877,61.358890
114,46,0,NORMAL,1.770812,16.067122,3.037713,0.138673,0.022433,1.103694
114,47,0,NORMAL,2.601155,9.517151,2.970839,0.056556,0.017243,0.787215
114,48,0,NORMAL,1.793265,12.116599,2.508785,0.035209,0.000000,0.862493
115,0,0,NORMAL,1.890742,11.069551,3.436624,0.120496,0.022635,0.601312
115,1,2,ESCALATION,6.877877,48.974250,2.918792,0.507243,0.084085,6.395851
115,2,3,SURGE,59.292789,297.517861,1.711310,0.871034,0.277634,40.871463
115,3,3,SURGE,48.322777,127.952561,1.644392,0.983570,0.264295,45.379801
115,4,3,SURGE,45.195998,211.249588,2.026712,0.917177,0.184502,37.329143
115,5,3,SURGE,77.956303,121.746157,1.644493,0.806779,0.275386,44.702650
115,6,4,SUSTAINED,85.052794,334.196871,1.150628,0.883142,0.357023,59.972169
115,7,4,SUSTAINED,74.472267,329.563076,1.812728,0.943934,0.303780,48.608856
115,8,4,SUSTAINED,71.403445,303.924676,1.097766,0.968640,0.264324,53.994661
115,9,3,SURGE,61.875716,134.707028,1.560631,0.872127,0.259048,26.781867
115,10,3,SURGE,57.012571,208.684509,0.751970,0.775727,0.230492,51.004001
115,11,4,SUSTAINED,81.039000,272.270755,0.868121,0.963833,0.328028,56.253845
115,12,4,SUSTAINED,74.540306,305.381098,0.692048,0.960552,0.358775,48.750947
115,13,0,NORMAL,3.441040,5.930862,3.733470,0.178982,0.022305,0.736014
116,0,0,NORMAL,0.673788,5.107014,3.802001,0.084864,0.031119,0.593218
116,1,0,NORMAL,1.829551,8.878046,3.901466,0.126693,0.015770,0.871831
116,2,1,RECON,5.770468,18.458486,4.600040,0.116832,0.054826,3.312146
116,3,1,RECON,5.166955,15.020578,4.594182,0.280493,0.076186,1.309104
116,4,1,RECON,3.798244,27.172895,4.048187,0.245192,0.008188,1.270902
116,5,1,RECON,6.047751,14.743984,3.723475,0.485987,0.103928,2.919818
116,6,1,RECON,8.542851,29.072858,3.958458,0.212173,0.086670,1.228565
116,7,1,RECON,2.988731,17.343018,2.612499,0.156689,0.037553,1.043260
116,8,2,ESCALATION,15.033241,58.655329,3.080518,0.468984,0.139525,9.356444
116,9,3,SURGE,43.160901,220.826336,0.995479,0.938028,0.253944,29.117047
116,10,3,SURGE,61.913194,207.797900,1.558799,0.834761,0.279580,34.498754
116,11,2,ESCALATION,18.373169,64.046459,3.163719,0.468921,0.022421,12.445071
116,12,3,SURGE,65.860614,284.409474,1.559787,0.929123,0.268966,41.585339
116,13,4,SUSTAINED,73.254681,270.938201,1.101750,1.037042,0.276925,57.581790
116,14,3,SURGE,67.789836,240.722954,2.067195,0.930823,0.227148,41.177751
116,15,4,SUSTAINED,100.172416,284.020300,1.344942,0.874957,0.305313,53.277377
116,16,3,SURGE,67.017530,256.679939,2.035028,0.893370,0.202781,33.383149
116,17,1,RECON,5.315572,19.289633,3.771912,0.443724,0.020546,1.527628
116,18,2,ESCALATION,13.955134,68.698496,2.627348,0.515222,0.126570,6.994051
116,19,2,ESCALATION,16.253779,33.037860,2.521411,0.553188,0.151288,11.843781
117,0,1,RECON,4.173371,17.680238,4.108988,0.259212,0.057659,2.343591
117,1,3,SURGE,70.881700,126.527856,1.411007,1.014932,0.280370,37.144209
117,2,3,SURGE,55.599265,119.921961,1.681096,0.722149,0.208428,44.982002
117,3,3,SURGE,65.806095,153.676027,1.843392,0.730905,0.315932,36.197150
117,4,3,SURGE,51.594877,276.990611,1.116936,0.720605,0.252155,49.871912
117,5,4,SUSTAINED,89.303770,324.315606,0.953920,0.988321,0.303713,50.741612
117,6,4,SUSTAINED,79.549394,342.479775,1.045537,0.921919,0.272054,66.381091
117,7,2,ESCALATION,21.484191,34.529187,3.103974,0.539376,0.149335,11.265136
117,8,2,ESCALATION,12.314620,74.374425,2.417832,0.159841,0.025657,3.154816
117,9,3,SURGE,82.144676,118.401573,1.186978,0.908903,0.327275,33.696500
117,10,3,SURGE,57.499108,304.286465,1.557816,0.935569,0.254213,36.682507
118,0,1,RECON,4.699611,22.077819,3.735378,0.318649,0.025586,2.850131
118,1,2,ESCALATION,15.098642,52.530947,1.963855,0.297666,0.095120,9.541204
118,2,2,ESCALATION,13.185336,61.180675,3.652475,0.486700,0.112387,7.376438
118,3,2,ESCALATION,15.847822,75.548964,3.349166,0.623778,0.081850,5.305475
118,4,2,ESCALATION,21.218727,75.851066,1.328418,0.866958,0.116679,10.726791
118,5,2,ESCALATION,13.815471,62.342719,2.095151,0.066753,0.113420,7.850652
118,6,3,SURGE,58.400815,196.531248,1.779071,1.003352,0.214563,47.555990
118,7,3,SURGE,60.165216,226.830790,1.838055,0.931831,0.195972,25.037962
118,8,3,SURGE,69.712849,217.987898,1.596813,0.899297,0.265455,32.047271
118,9,3,SURGE,68.463065,185.789380,1.674803,0.728345,0.259002,38.934998
118,10,4,SUSTAINED,78.410858,326.059935,1.082648,0.835695,0.290979,56.180544
118,11,0,NORMAL,2.165951,6.480637,3.338136,0.043683,0.000034,0.468062
118,12,0,NORMAL,3.079836,1.454049,3.645509,0.206074,0.018172,0.499176
118,13,0,NORMAL,2.504519,6.774478,2.995852,0.132636,0.000919,0.749668
118,14,0,NORMAL,2.003085,6.423176,4.215441,0.112451,0.016783,0.395029
118,15,0,NORMAL,4.396940,4.048735,4.041441,0.128405,0.035398,0.688720
118,16,1,RECON,7.040055,19.148844,4.803965,0.442822,0.051850,1.660492
118,17,1,RECON,5.901081,13.609158,3.920156,0.203243,0.060167,1.398275
118,18,1,RECON,2.778449,15.144558,3.815759,0.325145,0.046768,2.296249
118,19,1,RECON,6.480999,8.460877,3.298221,0.355489,0.054228,2.781546
118,20,0,NORMAL,1.524845,7.110860,3.583282,0.101794,0.024691,0.465604
118,21,0,NORMAL,3.691209,4.646310,3.522556,0.139900,0.025853,0.377647
119,0,0,NORMAL,1.980858,3.619089,3.753989,0.044202,0.021630,0.595759
119,1,0,NORMAL,1.368047,7.368895,4.090536,0.078770,0.020214,0.332963
119,2,1,RECON,5.155662,14.180130,4.205700,0.275897,0.077852,1.964250
119,3,1,RECON,5.997266,26.930437,5.157545,0.189707,0.044625,1.975453
119,4,2,ESCALATION,16.904809,44.838485,2.250626,0.642770,0.055057,5.593650
119,5,1,RECON,6.224425,18.532357,4.906803,0.221481,0.024940,1.644879
119,6,2,ESCALATION,16.045482,24.764126,3.087239,0.365864,0.074103,11.521129
119,7,2,ESCALATION,16.612510,54.780929,2.308729,0.432949,0.148842,13.888771
119,8,2,ESCALATION,24.429358,39.630021,1.851950,0.492107,0.132194,2.435750
119,9,2,ESCALATION,10.923025,55.348453,2.936572,0.383726,0.107192,4.565584
119,10,2,ESCALATION,8.676054,47.746433,2.319706,0.603556,0.098953,7.319772
119,11,2,ESCALATION,16.916441,44.477689,2.449759,0.322824,0.097365,8.922841
119,12,2,ESCALATION,8.180082,42.258458,2.141092,0.506489,0.107286,7.633078
119,13,3,SURGE,54.150877,198.163806,1.098675,0.928462,0.253795,30.411720
119,14,3,SURGE,59.621781,211.240476,1.627247,0.827881,0.288182,44.184445
119,15,3,SURGE,48.573030,174.073934,0.911341,0.920801,0.309178,51.372368
119,16,2,ESCALATION,18.934021,51.267513,1.362436,0.450140,0.082253,11.632454
119,17,2,ESCALATION,17.815322,48.393675,1.932515,0.417172,0.161265,7.479888
119,18,3,SURGE,68.510543,182.069446,0.986631,0.784818,0.322583,41.213899
119,19,4,SUSTAINED,81.652847,325.018816,0.663945,0.908694,0.303252,70.122514
119,20,4,SUSTAINED,76.140882,300.849429,1.475913,1.021093,0.290094,53.688298
119,21,4,SUSTAINED,85.321269,330.779160,0.618395,0.930160,0.251462,55.905442
119,22,3,SURGE,46.798589,244.940771,1.433762,0.894009,0.271584,47.766552
119,23,3,SURGE,56.036854,184.317339,1.932604,0.893186,0.235445,43.127171
119,24,4,SUSTAINED,80.594265,291.916583,1.782900,1.016490,0.347393,51.995879
119,25,4,SUSTAINED,65.326764,328.947507,1.223099,0.859956,0.348074,52.975894
119,26,4,SUSTAINED,67.896246,314.765953,1.350531,0.947601,0.283270,70.758806
119,27,4,SUSTAINED,74.228504,321.247702,0.895668,0.895590,0.345261,58.631150
119,28,4,SUSTAINED,81.454599,279.235398,1.124199,0.946046,0.333849,57.555144
119,29,4,SUSTAINED,86.316338,249.644819,1.103873,0.892898,0.265716,66.559518
119,30,2,ESCALATION,10.904030,57.656027,2.517998,0.523334,0.157182,9.963884
119,31,3,SURGE,58.662805,221.224240,1.753996,0.902075,0.268030,42.892660
119,32,4,SUSTAINED,75.158099,322.277868,1.287539,0.845951,0.266967,52.115970
119,33,4,SUSTAINED,89.631559,396.069777,0.462354,0.965220,0.302783,53.917061
119,34,4,SUSTAINED,81.198310,289.156981,1.208773,0.977828,0.318459,56.131794
119,35,0,NORMAL,4.819143,9.078540,3.881232,0.074610,0.021896,0.554482
119,36,0,NORMAL,1.283339,5.794570,3.199772,0.046508,0.020439,0.919208
119,37,0,NORMAL,0.818730,4.907288,3.311474,0.029220,0.023045,0.905930
119,38,0,NORMAL,2.076134,6.713118,3.185186,0.109479,0.013367,0.257480
120,0,2,ESCALATION,18.536544,72.379900,2.395291,0.627621,0.055895,10.127776
120,1,4,SUSTAINED,83.987052,349.854349,1.020380,0.943288,0.263373,55.208739
120,2,0,NORMAL,2.026035,6.577583,3.254642,0.117259,0.018407,0.154459
120,3,0,NORMAL,1.404512,3.853194,3.082215,0.078835,0.018539,0.300198
120,4,0,NORMAL,0.738897,11.627637,3.418716,0.067124,0.025876,0.364137
120,5,3,SURGE,77.898099,112.221598,1.402050,0.919007,0.320401,36.812553
120,6,4,SUSTAINED,86.072952,228.981216,0.763895,0.961847,0.254245,58.286999
120,7,4,SUSTAINED,70.431789,271.062319,1.455574,0.848852,0.341811,61.447221
120,8,4,SUSTAINED,68.764459,316.675926,1.054092,0.874244,0.376366,49.693520
120,9,4,SUSTAINED,82.280407,297.964577,1.645857,0.930974,0.285202,57.011369
120,10,4,SUSTAINED,81.840302,308.158545,1.249385,0.929176,0.333307,52.840616
120,11,4,SUSTAINED,85.484453,341.632863,0.996738,1.070224,0.271495,50.767671
120,12,0,NORMAL,2.441562,8.215446,3.909126,0.112632,0.040657,0.484032
120,13,0,NORMAL,1.448291,9.413973,3.742976,0.110324,0.011505,0.832594
120,14,0,NORMAL,2.029225,13.431815,3.933128,0.210934,0.024726,0.540981
120,15,0,NORMAL,1.566415,9.221352,4.165358,0.140976,0.019690,0.560125
120,16,0,NORMAL,2.724447,10.250193,3.669719,0.058773,0.013348,0.638350
120,17,0,NORMAL,2.701936,5.974350,3.424416,0.041286,0.006086,0.524444
120,18,0,NORMAL,2.099804,13.724406,3.417948,0.101561,0.010090,0.395827
120,19,0,NORMAL,0.454663,4.481206,3.542638,0.063165,0.015001,0.622961
120,20,0,NORMAL,2.081036,10.544226,3.967280,0.125828,0.019478,0.312878
120,21,0,NORMAL,3.653463,8.819199,3.446559,0.128185,0.020497,0.567738
120,22,0,NORMAL,1.585062,10.988001,2.524825,0.123930,0.015232,0.000000
120,23,0,NORMAL,1.963954,8.304438,3.870002,0.140401,0.004533,0.613251
120,24,0,NORMAL,2.218923,9.507324,2.533740,0.050489,0.033660,0.416088
120,25,0,NORMAL,0.721578,12.691317,3.194647,0.143122,0.017046,0.534703
120,26,0,NORMAL,1.386647,10.403319,3.367063,0.108902,0.000000,0.398799
120,27,0,NORMAL,2.694677,10.659637,3.526659,0.183814,0.022884,0.301970
120,28,0,NORMAL,2.922598,9.888774,3.298533,0.114074,0.033933,0.643265
120,29,0,NORMAL,1.371236,5.974204,3.122838,0.000000,0.038906,0.237114
120,30,0,NORMAL,0.058292,10.599287,3.454568,0.082454,0.017020,0.676341
120,31,1,RECON,1.022198,11.542320,3.125223,0.327532,0.068600,3.172645
120,32,1,RECON,6.240540,14.924644,6.538766,0.438355,0.084038,2.641952
120,33,0,NORMAL,1.597417,6.202038,3.099947,0.130879,0.035604,0.392958
120,34,0,NORMAL,0.516497,8.734075,4.114634,0.163966,0.033784,0.624622
120,35,0,NORMAL,3.282252,4.669816,3.279578,0.185542,0.009254,0.489663
120,36,0,NORMAL,2.082699,11.448253,4.262839,0.123983,0.033901,0.221397
120,37,0,NORMAL,4.405191,13.828791,2.861530,0.099362,0.021361,0.624958
120,38,0,NORMAL,3.839159,8.112249,4.060993,0.132410,0.019789,0.000000
121,0,2,ESCALATION,16.947946,35.281011,3.975482,0.522871,0.054345,4.093039
121,1,2,ESCALATION,18.536249,43.054848,3.077575,0.600141,0.105597,5.895977
121,2,2,ESCALATION,19.188157,58.515201,2.299761,0.300345,0.103061,10.788713
121,3,2,ESCALATION,17.921909,43.243187,2.317476,0.497470,0.099705,11.321886
121,4,0,NORMAL,1.603351,14.164973,4.275611,0.055861,0.034688,0.163435
121,5,0,NORMAL,1.679757,7.767225,3.809878,0.105324,0.026147,0.379448
121,6,0,NORMAL,2.078967,3.835010,3.741505,0.104803,0.012861,0.372547
121,7,1,RECON,4.510163,26.794791,5.872204,0.027396,0.059763,2.763961
121,8,2,ESCALATION,19.640450,74.812515,1.976895,0.520064,0.178270,4.286704
121,9,2,ESCALATION,12.758014,65.778391,3.514748,0.524349,0.101288,2.842556
121,10,1,RECON,4.293667,17.288375,4.977280,0.319760,0.070077,2.482728
121,11,2,ESCALATION,16.552214,33.158409,2.710612,0.662607,0.064054,5.854172
121,12,2,ESCALATION,15.766903,71.037933,3.128296,0.173456,0.125945,6.673730
121,13,2,ESCALATION,14.252499,37.093152,2.757117,0.433779,0.112309,5.341985
121,14,2,ESCALATION,18.660409,66.632593,3.148035,0.402684,0.070397,5.952532
121,15,2,ESCALATION,10.874756,63.260608,3.182142,0.685659,0.142526,9.627967
121,16,3,SURGE,66.101284,204.618936,1.350699,1.036222,0.242433,35.764409
121,17,3,SURGE,55.949073,176.820271,1.049138,0.817982,0.213281,44.968380
121,18,3,SURGE,41.421611,212.129192,1.246419,0.898373,0.314121,40.572358
121,19,3,SURGE,59.318531,240.278259,1.281029,0.910769,0.203352,33.486407
121,20,0,NORMAL,0.671466,8.478080,3.348620,0.111729,0.006868,0.710520
121,21,0,NORMAL,3.486533,13.711720,3.521215,0.082384,0.024876,0.428534
121,22,0,NORMAL,2.819300,7.296794,2.766324,0.074586,0.017883,0.503550
121,23,0,NORMAL,3.369020,4.134379,3.423928,0.056052,0.032562,0.331564
121,24,0,NORMAL,3.049695,11.974324,4.236312,0.017844,0.024829,0.581035
121,25,0,NORMAL,2.066568,11.857322,4.019295,0.144846,0.022069,1.181177
121,26,0,NORMAL,0.384039,7.204268,3.528869,0.165159,0.014890,0.647369
121,27,0,NORMAL,3.081418,8.204958,3.359722,0.206583,0.030699,0.188047
121,28,0,NORMAL,4.736320,13.936450,3.961482,0.007648,0.033322,0.309444
121,29,2,ESCALATION,11.386658,57.332443,2.415830,0.445508,0.124888,4.043305
121,30,2,ESCALATION,9.863893,33.752747,3.175080,0.693791,0.087052,4.785592
121,31,3,SURGE,49.699804,212.327185,1.472006,0.942583,0.268243,46.594498
121,32,4,SUSTAINED,74.094362,304.688822,1.183503,0.962648,0.271531,58.853304
121,33,3,SURGE,55.596153,245.161653,1.047474,1.005024,0.179545,27.318193
121,34,3,SURGE,61.168062,229.183830,2.017038,1.021287,0.293135,33.345732
122,0,1,RECON,2.937718,24.469997,2.663730,0.338993,0.047924,1.836648
122,1,0,NORMAL,1.146270,9.338234,3.530334,0.146766,0.035904,0.538075
122,2,0,NORMAL,0.862101,13.094755,4.285186,0.144369,0.020599,0.744550
122,3,0,NORMAL,1.382043,8.089386,2.946882,0.093547,0.035443,0.823564
122,4,0,NORMAL,0.000000,6.032622,3.551203,0.089204,0.020328,0.572777
122,5,0,NORMAL,1.992469,7.551670,3.148399,0.192317,0.015235,0.000000
122,6,0,NORMAL,1.153724,10.699725,3.159557,0.128464,0.019519,0.800099
122,7,0,NORMAL,1.344680,8.771060,3.308754,0.003541,0.013985,1.360631
122,8,1,RECON,5.482100,16.785520,5.669136,0.188896,0.052026,2.548958
122,9,1,RECON,3.464894,17.889019,3.952403,0.268770,0.068614,2.322360
122,10,1,RECON,5.660592,22.799402,5.243408,0.271329,0.066389,0.963049
122,11,1,RECON,8.652810,16.333208,4.401978,0.177478,0.024573,1.429645
122,12,2,ESCALATION,12.417286,44.963143,2.353293,0.674868,0.134741,6.547555
122,13,2,ESCALATION,13.773815,44.936761,2.770174,0.596485,0.064312,9.507184
122,14,3,SURGE,61.831212,201.428724,1.466333,0.947821,0.169480,53.608674
122,15,3,SURGE,84.114603,174.219365,1.512619,0.844265,0.264962,40.490807
122,16,4,SUSTAINED,71.773428,285.553695,1.543817,0.923310,0.194260,54.096218
122,17,4,SUSTAINED,86.791021,282.475626,1.184819,0.983993,0.229750,49.863646
122,18,4,SUSTAINED,92.755893,286.820305,1.670105,0.912284,0.164579,59.462865
122,19,4,SUSTAINED,85.889474,320.913146,1.257525,0.937059,0.291172,52.237592
122,20,4,SUSTAINED,65.511722,263.570762,1.150974,0.837957,0.219686,52.994307
122,21,4,SUSTAINED,77.493157,228.602780,1.665719,0.878188,0.267274,47.429392
122,22,4,SUSTAINED,83.371361,285.802706,1.036903,0.958980,0.250138,57.284436
123,0,0,NORMAL,2.485723,6.219165,2.473644,0.087659,0.005505,0.523590
123,1,1,RECON,3.824010,11.522189,5.149431,0.254632,0.097067,2.027944
123,2,1,RECON,5.078424,19.707859,5.074150,0.410423,0.014668,2.684398
123,3,1,RECON,5.071784,26.562755,5.602213,0.390460,0.039129,1.046013
123,4,2,ESCALATION,21.797668,19.570134,3.451777,0.461770,0.027640,9.408188
123,5,3,SURGE,56.486513,157.705815,2.184836,0.833136,0.307974,27.895597
123,6,3,SURGE,63.875072,234.936640,2.097193,0.818637,0.276039,29.067461
123,7,4,SUSTAINED,75.373323,312.279818,1.703060,1.042947,0.285804,56.833207
123,8,4,SUSTAINED,86.123062,294.916298,1.222832,0.944491,0.291665,52.951537
123,9,4,SUSTAINED,76.753487,265.937470,1.458774,0.975813,0.375064,57.217108
123,10,4,SUSTAINED,74.988517,301.420982,1.365863,0.937764,0.241190,50.565938
123,11,4,SUSTAINED,85.922269,255.425287,1.279525,0.961056,0.281937,51.478467
123,12,3,SURGE,61.408063,245.072747,1.979114,0.787602,0.240651,22.451922
123,13,4,SUSTAINED,84.781183,347.128836,0.664063,0.895597,0.305765,45.289670
123,14,4,SUSTAINED,84.984020,261.561368,1.239776,0.889389,0.355017,56.239877
123,15,4,SUSTAINED,70.094869,311.674491,1.607381,0.911425,0.282414,50.487156
123,16,4,SUSTAINED,64.730876,338.567797,1.086841,0.946419,0.286375,56.437605
123,17,4,SUSTAINED,88.467065,332.969911,0.904977,0.983373,0.285740,55.309801
123,18,4,SUSTAINED,74.607727,327.796483,1.337138,0.940299,0.314696,56.490472
123,19,4,SUSTAINED,75.146209,268.642428,1.117014,1.017252,0.323241,46.404466
123,20,4,SUSTAINED,81.868999,322.322654,1.004770,0.888128,0.297746,58.414178
123,21,3,SURGE,51.153225,270.184752,1.460474,0.919371,0.216902,48.852064
123,22,3,SURGE,63.146634,153.933807,1.937612,0.975690,0.300747,40.296235
123,23,3,SURGE,58.179071,291.159918,1.283021,0.781376,0.231337,35.734984
123,24,4,SUSTAINED,69.152061,283.161275,1.257157,1.013415,0.328525,64.714104
123,25,4,SUSTAINED,78.371044,325.666696,0.789852,0.864506,0.339051,56.263401
123,26,4,SUSTAINED,73.181020,338.543514,1.401108,0.948444,0.308294,57.081567
124,0,0,NORMAL,1.574866,3.591743,3.647444,0.141802,0.030685,0.659693
124,1,0,NORMAL,2.987509,8.238967,2.440542,0.157989,0.011067,0.160737
124,2,1,RECON,9.969156,20.202738,3.366707,0.231658,0.049986,2.433923
124,3,1,RECON,3.142787,19.585733,3.711050,0.404692,0.051126,1.392533
124,4,2,ESCALATION,16.916225,42.877015,3.238055,0.594368,0.148073,10.130416
124,5,3,SURGE,43.094702,207.465864,1.636722,0.905120,0.099456,45.430640
124,6,3,SURGE,66.857228,268.027389,1.398881,0.943848,0.251639,44.204669
124,7,3,SURGE,54.830197,163.802311,2.136186,0.943855,0.291526,43.192503
124,8,2,ESCALATION,10.520164,51.247722,3.103292,0.693900,0.206923,9.222556
124,9,0,NORMAL,0.804357,5.285556,3.112940,0.000000,0.013243,0.715022
124,10,0,NORMAL,1.741375,3.134142,4.025205,0.125591,0.019871,0.000000
124,11,1,RECON,5.867437,17.857163,4.353550,0.368545,0.053095,2.519740
124,12,1,RECON,2.554456,20.386803,4.745927,0.351897,0.052632,1.740767
124,13,2,ESCALATION,16.896500,56.589462,4.364284,0.361879,0.229040,4.229537
125,0,0,NORMAL,2.306244,10.946368,3.516291,0.148654,0.015763,0.000000
125,1,0,NORMAL,2.030638,6.561158,3.294719,0.120329,0.011855,0.612573
125,2,0,NORMAL,4.060070,12.213580,3.580873,0.112883,0.015998,0.360307
125,3,1,RECON,4.384980,19.830498,3.429992,0.437031,0.043551,2.870383
125,4,1,RECON,3.486579,24.640159,3.699194,0.143210,0.029201,2.685367
125,5,1,RECON,3.474998,14.841406,4.738413,0.431592,0.048624,2.443391
125,6,2,ESCALATION,25.765016,32.664260,2.398766,0.424029,0.133101,7.244247
125,7,2,ESCALATION,15.609215,50.026057,2.864438,0.654485,0.061177,7.554631
125,8,1,RECON,5.453114,17.022356,5.055395,0.299518,0.041123,1.802632
125,9,2,ESCALATION,7.149597,40.587258,2.821605,0.404536,0.119627,7.830544
125,10,3,SURGE,61.178281,195.878184,0.983671,0.917609,0.161830,34.624312
126,0,2,ESCALATION,12.858730,37.023131,3.113370,0.780495,0.161310,4.894762
126,1,3,SURGE,68.503673,236.788446,1.736745,0.855125,0.279148,47.434806
126,2,4,SUSTAINED,90.641887,329.758785,0.977412,0.996245,0.332525,60.106916
126,3,4,SUSTAINED,79.916306,309.945639,0.408382,1.005791,0.340783,63.136206
126,4,3,SURGE,69.620454,240.749972,1.239633,1.005596,0.273152,26.415906
126,5,3,SURGE,52.327931,132.962723,1.646621,0.893467,0.320191,41.453753
126,6,3,SURGE,65.088094,240.838294,1.145437,0.919854,0.242963,45.229467
126,7,3,SURGE,53.859621,186.482658,2.159401,0.730565,0.285468,49.931570
126,8,3,SURGE,79.710083,237.540626,1.653649,0.853327,0.270133,45.453455
126,9,0,NORMAL,1.257173,4.387332,3.592703,0.025984,0.015285,0.000000
126,10,0,NORMAL,3.154047,8.236844,4.415730,0.167369,0.024798,0.466036
126,11,0,NORMAL,2.562491,7.576319,3.774115,0.131123,0.017704,0.828736
126,12,0,NORMAL,2.021339,5.067426,3.364692,0.207910,0.010996,0.631314
126,13,0,NORMAL,0.000000,9.676911,3.221938,0.115952,0.029897,0.570380
126,14,0,NORMAL,1.132060,10.120476,3.405158,0.000079,0.028272,0.839895
127,0,0,NORMAL,2.773535,9.541916,4.045774,0.055650,0.003280,0.356897
127,1,1,RECON,3.677802,20.328053,4.658638,0.324427,0.024447,2.274165
127,2,2,ESCALATION,23.514306,67.053177,2.568224,0.764860,0.113748,2.985090
127,3,2,ESCALATION,23.176390,37.702422,2.759056,0.296023,0.051955,5.497281
127,4,2,ESCALATION,11.908630,76.074249,2.778356,0.617828,0.143663,4.674691
127,5,2,ESCALATION,18.829094,40.485755,3.219752,0.751598,0.041785,6.929198
127,6,0,NORMAL,1.473634,6.176078,3.253940,0.099237,0.021649,0.786023
127,7,1,RECON,7.236350,15.041000,3.238910,0.269525,0.059250,2.688373
127,8,2,ESCALATION,16.451002,61.295390,3.621268,0.383113,0.091594,16.312740
127,9,2,ESCALATION,17.553502,63.405363,1.998594,0.402976,0.059508,9.255825
127,10,3,SURGE,60.953885,187.559350,0.849438,0.988498,0.161890,34.178826
127,11,3,SURGE,51.202588,208.074343,1.994009,0.743901,0.222140,26.007646
128,0,2,ESCALATION,4.407190,58.258277,2.216416,0.317571,0.102700,9.881439
128,1,2,ESCALATION,9.534347,48.485285,2.364893,0.590605,0.143014,11.034386
128,2,2,ESCALATION,20.613303,34.685296,3.869720,0.346013,0.018795,12.096309
128,3,2,ESCALATION,15.583694,34.537879,4.218162,0.773273,0.161862,8.265073
128,4,3,SURGE,59.469479,244.888054,1.335756,1.058470,0.226956,37.221673
128,5,2,ESCALATION,15.962262,44.177062,3.092353,0.427852,0.131632,12.555101
128,6,2,ESCALATION,26.091642,66.912940,4.082942,0.490820,0.033542,5.881588
128,7,2,ESCALATION,10.234873,17.061430,3.414788,0.220997,0.137155,14.556650
128,8,2,ESCALATION,16.937852,44.020516,3.296246,0.320838,0.094728,11.363541
128,9,2,ESCALATION,7.753129,49.266942,1.822823,0.686248,0.048161,8.236202
128,10,2,ESCALATION,15.599252,88.061557,3.240288,0.469647,0.124107,8.629834
128,11,0,NORMAL,2.243787,6.697739,3.606451,0.074725,0.001038,0.842060
128,12,0,NORMAL,2.141387,5.718733,3.134882,0.048051,0.029483,0.856916
128,13,0,NORMAL,1.463342,2.920790,3.897716,0.066172,0.008827,0.508779
128,14,0,NORMAL,0.481946,3.857838,3.668272,0.067215,0.025103,0.543959
128,15,0,NORMAL,1.167855,8.698153,3.819137,0.068689,0.031272,0.000117
128,16,0,NORMAL,0.296312,5.792375,3.422708,0.141575,0.018447,0.321388
128,17,0,NORMAL,0.785821,8.930618,3.940727,0.079039,0.032110,0.215025
128,18,0,NORMAL,0.797125,7.081563,4.264707,0.106683,0.002016,0.785496
128,19,0,NORMAL,1.750259,5.308753,3.932129,0.198213,0.028487,0.013098
128,20,0,NORMAL,2.404207,5.136109,4.144409,0.121918,0.033150,0.181557
128,21,0,NORMAL,1.104905,8.743001,4.238613,0.028679,0.006310,0.786642
128,22,0,NORMAL,3.171263,5.578146,3.525595,0.134406,0.022102,0.000000
129,0,0,NORMAL,0.659583,8.942600,3.714573,0.149696,0.029271,0.435847
129,1,0,NORMAL,2.461363,3.072752,4.107622,0.063362,0.026350,0.303149
129,2,0,NORMAL,1.199030,10.148245,3.189327,0.138427,0.014048,0.430575
129,3,0,NORMAL,2.153822,5.227387,3.851904,0.086433,0.025439,0.495132
129,4,0,NORMAL,1.588658,5.631206,3.713429,0.075313,0.034588,0.520297
129,5,0,NORMAL,1.414534,5.002086,4.036459,0.138677,0.019390,0.587022
129,6,0,NORMAL,2.860402,9.559495,3.849988,0.090408,0.013684,0.699519
129,7,2,ESCALATION,20.530052,73.724881,2.897219,0.354501,0.064753,12.138710
129,8,2,ESCALATION,22.523784,38.185480,3.954034,0.489410,0.128903,15.155139
129,9,2,ESCALATION,13.265335,39.577412,2.198930,0.450526,0.077806,4.249229
129,10,2,ESCALATION,17.248933,36.561419,2.702530,0.710976,0.043219,13.795002
129,11,2,ESCALATION,16.004521,69.187447,3.750604,0.570473,0.072220,5.651566
129,12,3,SURGE,78.892565,184.674180,1.629451,0.795624,0.192183,40.211138
129,13,4,SUSTAINED,77.986355,255.627905,1.177954,1.027464,0.265878,60.384611
129,14,4,SUSTAINED,74.056509,275.929644,0.626883,1.011810,0.335151,48.794000
130,0,1,RECON,4.188419,6.955719,3.481168,0.376614,0.091978,1.956540
130,1,2,ESCALATION,26.996807,56.085990,2.063339,0.482164,0.139997,7.788877
130,2,4,SUSTAINED,67.159941,256.974776,0.979543,0.935890,0.313358,58.820561
130,3,4,SUSTAINED,74.091546,290.580330,0.986803,1.003969,0.345358,52.314067
130,4,4,SUSTAINED,74.328808,330.897537,1.636357,0.881921,0.323105,38.649724
130,5,0,NORMAL,0.898394,9.702409,3.877494,0.156007,0.028902,0.516768
130,6,1,RECON,4.851221,12.419992,4.030650,0.270930,0.034236,0.607045
130,7,1,RECON,0.000000,16.460604,4.488399,0.031743,0.054734,1.902021
130,8,2,ESCALATION,12.843974,65.762062,2.215487,0.511828,0.113864,5.533378
130,9,2,ESCALATION,17.019205,46.221336,4.217944,0.651887,0.032554,6.832528
130,10,4,SUSTAINED,72.142548,301.990014,1.569298,0.982616,0.331859,59.425548
130,11,4,SUSTAINED,73.661485,313.042926,1.079167,0.925932,0.359299,52.714024
130,12,4,SUSTAINED,82.054131,295.225568,0.654731,1.055993,0.299761,41.375321
130,13,4,SUSTAINED,79.598466,272.060236,1.479355,0.822563,0.271436,53.203586
130,14,0,NORMAL,4.240252,7.265694,3.729972,0.237419,0.020047,0.640460
130,15,0,NORMAL,3.959167,5.861071,3.634286,0.112012,0.020853,0.369706
130,16,1,RECON,8.514695,29.404670,4.059886,0.255054,0.033825,4.148908
130,17,1,RECON,7.230085,21.483303,5.966721,0.275230,0.027859,3.487561
130,18,1,RECON,5.912566,25.675963,4.610664,0.456990,0.054932,2.721559
130,19,2,ESCALATION,13.373581,46.919143,2.564283,0.539823,0.081768,9.307699
130,20,2,ESCALATION,16.025771,53.337780,2.460305,0.457704,0.033176,7.640392
130,21,2,ESCALATION,15.499262,39.282663,1.569596,0.837866,0.090743,12.341174
130,22,0,NORMAL,3.698116,4.544906,3.588016,0.045386,0.046007,0.425222
131,0,0,NORMAL,1.974484,9.553160,4.179586,0.133410,0.021625,0.655797
131,1,0,NORMAL,1.583190,2.438339,2.951750,0.048894,0.011187,0.245928
131,2,0,NORMAL,2.247418,8.710015,3.134861,0.149695,0.025345,0.974393
131,3,0,NORMAL,1.650468,11.916465,3.636793,0.139899,0.027204,0.462704
131,4,0,NORMAL,1.868625,5.441161,2.427653,0.065310,0.021992,0.825675
131,5,0,NORMAL,1.720387,5.959470,3.410063,0.051250,0.000000,0.036457
131,6,3,SURGE,78.572849,230.157639,1.476739,0.760702,0.241943,44.894714
131,7,3,SURGE,66.888110,248.382723,2.277181,0.859498,0.390266,23.840500
131,8,4,SUSTAINED,81.600002,316.470778,1.145509,0.925212,0.388103,51.738865
131,9,4,SUSTAINED,93.526605,325.474581,1.528415,0.959794,0.244961,55.507718
131,10,3,SURGE,62.423071,226.136117,1.930168,0.890761,0.287404,32.769236
132,0,0,NORMAL,2.530363,11.269164,3.539323,0.058874,0.021778,0.665735
132,1,0,NORMAL,0.992356,9.564867,3.911659,0.207488,0.026657,0.137275
132,2,0,NORMAL,3.054987,1.984187,2.984855,0.075422,0.028381,0.000000
132,3,0,NORMAL,2.781049,0.000000,3.873379,0.143347,0.011533,0.154014
132,4,0,NORMAL,0.000000,7.021430,3.609798,0.039033,0.029720,0.530770
132,5,0,NORMAL,1.598003,10.229132,4.145280,0.079624,0.027610,0.731608
132,6,0,NORMAL,3.677054,5.820531,3.289226,0.061152,0.027250,0.418254
132,7,1,RECON,8.326295,27.047529,3.937046,0.163259,0.087270,2.376584
132,8,1,RECON,5.210002,13.998411,3.869372,0.367772,0.041049,2.346387
132,9,1,RECON,2.886226,26.105653,4.675226,0.333065,0.061100,0.565687
132,10,2,ESCALATION,7.363497,51.870293,2.995547,0.521201,0.147144,3.507943
132,11,3,SURGE,64.143480,210.557466,0.973828,1.019653,0.327161,43.404696
132,12,3,SURGE,61.597252,213.613703,1.391263,1.034724,0.244203,56.836339
132,13,4,SUSTAINED,82.208641,327.612822,1.659266,0.994953,0.296967,51.040478
132,14,4,SUSTAINED,60.474247,305.227001,1.083699,0.933294,0.341154,54.327565
132,15,3,SURGE,54.269002,161.161954,0.996945,0.972275,0.307574,35.244841
132,16,4,SUSTAINED,92.242210,256.487944,1.503066,0.921451,0.315884,61.461530
132,17,4,SUSTAINED,77.637951,341.882918,1.286730,1.134125,0.231794,44.680438
132,18,4,SUSTAINED,79.745991,323.778282,0.870486,0.952707,0.318293,51.737735
132,19,3,SURGE,46.384738,215.792914,2.078179,0.776242,0.185102,49.519369
132,20,2,ESCALATION,19.203005,50.830227,2.549307,0.719979,0.137126,8.839147
132,21,2,ESCALATION,18.561269,33.937101,2.667171,0.501100,0.175891,7.240274
132,22,2,ESCALATION,22.348219,60.885983,3.257785,0.723263,0.168928,5.324798
132,23,3,SURGE,68.424692,189.501307,1.431289,0.787833,0.279195,43.217049
132,24,3,SURGE,46.116578,248.366001,1.602282,1.011784,0.144849,40.454585
132,25,4,SUSTAINED,80.289178,328.296317,1.310984,0.950906,0.300511,45.641409
132,26,4,SUSTAINED,88.970300,284.833895,1.542126,0.991319,0.335168,56.997486
132,27,4,SUSTAINED,78.790784,319.211577,0.562316,1.012189,0.279995,54.482295
132,28,0,NORMAL,1.960167,4.059075,3.575863,0.129718,0.000000,0.109764
132,29,2,ESCALATION,18.548986,54.481119,2.390711,0.607342,0.051884,7.587992
132,30,2,ESCALATION,14.189990,34.544137,3.253487,0.564977,0.077177,11.270898
132,31,2,ESCALATION,14.823578,40.777680,3.245423,0.596516,0.152078,8.248953
132,32,3,SURGE,55.691315,262.610388,1.370002,0.708246,0.272467,44.192475
132,33,3,SURGE,57.532509,166.108163,1.709028,0.905660,0.191711,39.923649
132,34,3,SURGE,74.610607,235.747909,1.451088,0.908106,0.300689,38.611117
132,35,1,RECON,7.954772,15.545590,5.516916,0.435512,0.054971,1.644870
132,36,2,ESCALATION,13.777496,38.108422,3.119365,0.346471,0.086458,7.023795
132,37,3,SURGE,66.584720,190.866478,2.019537,0.875535,0.229670,32.762858
132,38,3,SURGE,60.446782,229.670669,1.526808,1.109392,0.272811,32.105304
132,39,3,SURGE,65.347975,159.266875,1.737938,0.989564,0.295987,33.046502
132,40,2,ESCALATION,16.612946,40.881934,2.704359,0.570692,0.073086,8.905578
132,41,3,SURGE,69.640561,203.279448,1.593657,0.846194,0.224505,27.702430
132,42,1,RECON,6.364997,17.645783,3.498141,0.306613,0.076835,2.718385
132,43,1,RECON,9.094861,31.493585,3.815886,0.275412,0.063867,1.269619
132,44,1,RECON,5.202935,19.858192,3.739650,0.221230,0.010291,3.187825
132,45,2,ESCALATION,18.366795,55.224892,1.417463,0.387335,0.089757,4.755961
132,46,2,ESCALATION,10.113186,50.737144,2.829639,0.636128,0.182527,10.057285
132,47,3,SURGE,78.003265,136.722543,0.668463,0.811328,0.290609,41.348482
132,48,3,SURGE,52.729055,150.340660,1.003397,1.055106,0.242828,54.156657
132,49,3,SURGE,64.911250,209.083306,1.851873,0.925455,0.299254,44.433581
133,0,1,RECON,4.793802,14.116402,4.755182,0.392156,0.040329,1.719548
133,1,1,RECON,1.390546,16.788459,4.833644,0.242673,0.078556,1.835941
133,2,2,ESCALATION,13.554541,64.723889,2.224654,0.480656,0.078105,6.315296
133,3,2,ESCALATION,14.433384,65.775069,2.793535,0.583251,0.106910,12.211277
133,4,3,SURGE,55.349889,188.017144,1.798015,0.868400,0.274920,58.703315
133,5,3,SURGE,75.316705,180.311735,2.035071,0.968605,0.280016,38.792295
133,6,3,SURGE,52.779924,200.251042,1.426435,0.919102,0.179467,40.181161
133,7,3,SURGE,69.440485,200.920071,2.524967,0.842265,0.245666,28.395880
133,8,4,SUSTAINED,94.302513,289.035565,0.741651,0.993600,0.315568,59.983876
133,9,3,SURGE,49.928761,192.655068,1.721938,0.892767,0.269398,35.705454
133,10,1,RECON,4.993972,14.470630,4.311960,0.261331,0.062343,2.698526
133,11,2,ESCALATION,6.825063,35.528439,2.418054,0.380553,0.078286,10.775745
133,12,2,ESCALATION,12.880743,58.876905,2.997305,0.495071,0.145929,6.016111
133,13,2,ESCALATION,9.745699,34.956058,1.983541,0.352121,0.103324,7.092547
133,14,2,ESCALATION,13.504184,76.591139,2.117692,0.313386,0.066183,7.784315
133,15,3,SURGE,66.185876,237.785533,1.456704,0.860368,0.331673,17.726333
133,16,3,SURGE,64.300069,274.947360,0.835774,0.857986,0.182119,25.613789
133,17,3,SURGE,68.330938,248.238784,1.287251,0.966653,0.240114,44.452590
133,18,3,SURGE,58.057696,243.078975,1.014789,0.965651,0.301684,47.441674
133,19,3,SURGE,57.941890,212.087005,1.677221,0.911588,0.321459,29.634832
133,20,4,SUSTAINED,66.497823,318.637464,1.366386,1.117430,0.341054,56.988191
133,21,4,SUSTAINED,77.467113,303.914631,1.282875,0.851762,0.307877,55.606057
133,22,4,SUSTAINED,78.946626,277.033639,1.280560,0.953717,0.294776,47.326067
133,23,3,SURGE,54.208081,191.340740,1.792861,0.832549,0.238938,44.329640
133,24,3,SURGE,86.091860,209.954660,1.003241,0.816070,0.203003,33.399790
133,25,3,SURGE,48.934905,186.751770,1.957099,0.848023,0.283574,26.536238
133,26,3,SURGE,51.140546,211.990838,1.086089,1.106966,0.168031,49.086249
133,27,3,SURGE,63.098612,202.177330,2.241983,1.147096,0.239637,41.262155
133,28,1,RECON,2.661425,20.315564,4.399698,0.138978,0.059120,2.226512
133,29,1,RECON,3.666955,20.118899,5.487105,0.339840,0.065610,1.334243
133,30,2,ESCALATION,18.040084,29.624827,2.924321,0.574013,0.098459,8.958116
133,31,2,ESCALATION,11.889192,32.328399,2.745812,0.695676,0.140975,6.964003
133,32,0,NORMAL,1.560288,6.681248,3.643875,0.152874,0.042628,0.251046
133,33,0,NORMAL,2.542334,7.010761,2.986995,0.113769,0.041199,0.580714
133,34,0,NORMAL,1.954390,7.528201,2.929913,0.100926,0.026834,0.292220
133,35,0,NORMAL,2.276881,6.495342,3.124665,0.062035,0.024003,0.377628
133,36,2,ESCALATION,19.762258,45.940520,2.487480,0.519156,0.094184,2.742459
133,37,4,SUSTAINED,85.714686,286.095449,0.625085,0.940978,0.276481,54.636561
133,38,4,SUSTAINED,76.222027,287.660343,1.142317,0.938190,0.302090,64.127064
134,0,4,SUSTAINED,75.911111,257.962472,1.488029,0.945195,0.337579,63.794182
134,1,4,SUSTAINED,77.221122,339.950604,1.256765,0.976075,0.341319,60.379088
134,2,3,SURGE,73.963615,197.269828,1.707766,0.882324,0.301028,34.393883
134,3,3,SURGE,66.549248,159.194459,1.052303,1.026493,0.298314,37.259994
134,4,3,SURGE,65.332401,226.500195,1.706725,0.947085,0.240931,36.716247
134,5,4,SUSTAINED,74.420827,309.644540,1.301378,0.989491,0.243743,45.044646
134,6,3,SURGE,49.800524,207.439498,0.976049,1.018023,0.208897,52.741394
134,7,1,RECON,2.889536,28.473725,4.412362,0.316612,0.048696,2.373243
134,8,1,RECON,3.270052,16.932243,4.292561,0.358274,0.061994,2.131633
134,9,1,RECON,3.796816,12.042558,4.674081,0.238402,0.046165,2.190195
134,10,1,RECON,4.988777,13.475190,4.415090,0.268717,0.048272,2.926375
134,11,1,RECON,3.858389,17.255430,5.479550,0.269262,0.050798,2.531316
134,12,0,NORMAL,1.627182,5.769738,3.494951,0.132901,0.033209,0.060394
134,13,0,NORMAL,1.711591,10.774480,3.131232,0.019458,0.006871,0.400713
134,14,0,NORMAL,2.031192,7.249296,4.059012,0.100099,0.022798,1.433308
134,15,1,RECON,3.608310,20.404799,4.787271,0.330098,0.053138,3.185785
134,16,2,ESCALATION,14.414494,40.347582,3.057522,0.402615,0.135406,9.272169
134,17,2,ESCALATION,22.366484,33.818893,2.488727,0.212907,0.014490,8.341481
134,18,2,ESCALATION,23.205929,67.368732,2.637103,0.450753,0.159415,13.143822
134,19,2,ESCALATION,9.694084,45.483633,3.058715,0.422949,0.118089,13.850896
134,20,3,SURGE,55.543241,144.520323,1.165366,0.870532,0.213639,44.159821
134,21,3,SURGE,62.990191,187.732089,1.414157,0.864931,0.237567,43.352074
134,22,4,SUSTAINED,82.303531,273.938083,1.098343,0.871923,0.285653,56.667304
134,23,1,RECON,2.627337,20.044193,5.111821,0.250631,0.050018,0.345163
134,24,1,RECON,5.541040,22.777337,3.720578,0.566939,0.056278,0.981314
134,25,1,RECON,2.494114,19.642135,3.456607,0.164257,0.069243,1.792178
134,26,3,SURGE,49.820664,137.614372,1.308134,1.189051,0.291696,44.431144
134,27,4,SUSTAINED,76.121252,381.880508,1.337426,0.968216,0.339395,47.360541
134,28,4,SUSTAINED,78.035889,329.739847,0.810584,0.946632,0.291646,45.553685
134,29,4,SUSTAINED,84.338017,255.501911,1.623400,0.973402,0.313840,55.049128
134,30,4,SUSTAINED,74.802425,310.855641,1.004503,0.959437,0.264045,57.708579
134,31,4,SUSTAINED,66.978491,302.019256,0.743500,0.856948,0.276244,71.781505
135,0,2,ESCALATION,18.042083,53.081651,3.337235,0.404064,0.118821,11.531293
135,1,2,ESCALATION,21.213900,52.739002,3.815248,0.468765,0.184708,9.720822
135,2,3,SURGE,48.208698,167.680359,1.116255,0.891128,0.186302,50.342068
135,3,2,ESCALATION,15.350748,32.519198,2.338577,0.166945,0.164712,3.746850
135,4,1,RECON,7.826347,19.937823,4.296589,0.334027,0.069078,2.079900
135,5,3,SURGE,67.331899,216.893755,1.968621,0.775090,0.213533,43.136711
135,6,3,SURGE,36.471575,207.893223,1.858003,0.887107,0.277407,43.226940
135,7,4,SUSTAINED,81.087705,340.474143,0.910725,0.988652,0.252765,50.231319
135,8,4,SUSTAINED,70.321349,292.752263,1.908404,1.001278,0.270513,51.605048
135,9,4,SUSTAINED,90.495554,269.950586,0.881349,0.985668,0.232755,49.533537
135,10,3,SURGE,59.661798,145.415204,1.641496,0.955377,0.216876,53.286058
135,11,4,SUSTAINED,71.961128,348.623416,1.043003,0.958944,0.280529,58.744919
135,12,4,SUSTAINED,76.633149,295.200671,1.049415,1.003591,0.249688,54.777114
135,13,4,SUSTAINED,79.002926,329.048959,0.748816,0.978396,0.250202,51.947341
135,14,4,SUSTAINED,77.343271,282.653662,1.691482,0.962068,0.317591,48.354979
135,15,4,SUSTAINED,93.105808,326.097275,0.806396,0.926793,0.304340,51.537021
135,16,4,SUSTAINED,76.141789,298.699459,1.019932,0.961584,0.355294,55.689133
135,17,0,NORMAL,0.926090,11.626509,3.428153,0.090665,0.000000,0.461835
135,18,0,NORMAL,0.173996,10.968834,3.232379,0.194778,0.034144,0.284029
136,0,0,NORMAL,0.967340,1.533936,3.690221,0.051334,0.024105,0.329645
136,1,0,NORMAL,1.438509,4.100549,3.219023,0.063169,0.019858,0.531277
136,2,0,NORMAL,3.100805,7.521294,4.251220,0.112054,0.020691,0.352707
136,3,0,NORMAL,2.033567,10.575397,4.302331,0.063657,0.026135,0.675535
136,4,0,NORMAL,1.566801,6.761101,3.208059,0.069814,0.011599,0.468651
136,5,0,NORMAL,2.435644,8.170862,3.584561,0.086326,0.020689,0.425803
136,6,1,RECON,4.115221,19.877622,3.154903,0.371207,0.038815,1.270183
136,7,1,RECON,2.564157,15.592643,5.398902,0.235668,0.005817,2.292373
136,8,1,RECON,6.629615,15.894616,3.980794,0.419731,0.062355,1.002898
136,9,1,RECON,1.432940,31.016105,3.509834,0.416981,0.039355,1.136116
136,10,1,RECON,4.346672,22.009373,4.851507,0.240986,0.021201,1.042269
136,11,3,SURGE,57.255404,199.527986,1.042869,0.773635,0.249196,34.944363
136,12,4,SUSTAINED,77.062201,307.461907,1.030416,0.925563,0.224728,54.698005
136,13,4,SUSTAINED,78.578404,357.355021,1.248834,0.942176,0.319966,67.677181
136,14,4,SUSTAINED,62.212133,312.961757,0.936229,0.853876,0.367902,63.888679
136,15,3,SURGE,51.013689,206.406688,1.145928,0.886493,0.214341,36.796781
136,16,3,SURGE,68.268983,248.151562,1.459918,0.896376,0.281458,40.015209
136,17,4,SUSTAINED,69.469097,325.828259,1.165739,0.893939,0.389884,69.311202
136,18,0,NORMAL,2.444725,6.586441,3.344853,0.043375,0.007197,1.053245
136,19,0,NORMAL,2.050585,5.568445,3.594985,0.024810,0.012263,0.140068
136,20,0,NORMAL,0.348102,4.462354,2.476205,0.055499,0.015405,0.793334
136,21,0,NORMAL,1.589413,8.899724,3.278548,0.220495,0.014090,0.624114
136,22,0,NORMAL,1.380286,8.496117,3.249577,0.113701,0.021009,0.457915
136,23,0,NORMAL,3.863695,9.759198,2.705681,0.078982,0.004306,0.728624
136,24,0,NORMAL,2.004078,5.472898,3.342218,0.139359,0.030558,0.753926
136,25,0,NORMAL,1.813884,8.759940,3.132612,0.017049,0.007134,0.949932
136,26,0,NORMAL,2.047561,7.530995,3.423109,0.084007,0.027891,0.510684
136,27,0,NORMAL,2.051344,4.167368,3.737972,0.065952,0.013766,0.653914
136,28,0,NORMAL,1.648984,11.502891,3.013406,0.124919,0.029495,0.850069
136,29,0,NORMAL,1.357860,5.396193,3.908608,0.147012,0.012093,0.645441
136,30,0,NORMAL,2.104664,10.770496,4.288369,0.225187,0.022457,0.875910
136,31,2,ESCALATION,15.124405,43.303213,1.668796,0.259545,0.117201,9.349067
136,32,3,SURGE,75.573854,155.600736,1.602908,0.858476,0.255347,47.188266
136,33,3,SURGE,67.078423,223.206225,0.990902,1.013453,0.196986,39.151727
136,34,3,SURGE,63.501233,180.611390,1.436596,1.061887,0.185237,39.980269
136,35,2,ESCALATION,18.371748,39.099068,2.823122,0.301300,0.151662,8.218370
136,36,2,ESCALATION,19.145308,31.228872,2.430987,0.525508,0.029520,3.036120
136,37,2,ESCALATION,9.295012,44.842050,3.113459,0.612482,0.172376,7.932127
136,38,2,ESCALATION,14.875597,54.804024,3.039020,0.638318,0.136728,9.558090
136,39,2,ESCALATION,15.133785,40.826485,2.531173,0.484125,0.056655,6.159897
136,40,2,ESCALATION,16.719801,55.307316,1.738651,0.401888,0.173008,9.889340
136,41,1,RECON,3.671493,19.436413,4.188392,0.220325,0.040124,1.622997
136,42,1,RECON,2.352865,17.002656,3.521602,0.269908,0.017887,2.641061
136,43,1,RECON,7.054791,23.652673,4.700898,0.326559,0.051730,1.268379
136,44,1,RECON,6.261417,15.684952,4.620803,0.230605,0.037395,2.620084
136,45,1,RECON,4.536111,16.261669,4.339818,0.116460,0.034845,0.987913
137,0,2,ESCALATION,17.385794,42.327530,2.376042,0.386920,0.179985,8.204187
137,1,0,NORMAL,0.000000,4.457184,3.477912,0.075092,0.021331,0.535964
137,2,0,NORMAL,0.130838,4.684314,3.450194,0.067630,0.016897,0.532708
137,3,0,NORMAL,0.975530,5.765201,3.596135,0.127199,0.020651,0.716218
137,4,1,RECON,3.827930,22.461655,3.508518,0.199994,0.047475,1.986145
137,5,1,RECON,8.687148,19.432454,3.477694,0.156049,0.058112,1.258737
137,6,1,RECON,5.855886,20.799860,4.398950,0.412157,0.002093,1.037384
137,7,2,ESCALATION,22.502900,31.470770,1.708821,0.525128,0.119416,8.442147
137,8,3,SURGE,41.481450,184.999594,1.409640,0.845176,0.154063,44.677892
137,9,4,SUSTAINED,73.642844,294.420852,1.050927,0.925640,0.319727,58.103914
137,10,4,SUSTAINED,88.431432,294.845817,2.052631,1.027498,0.273674,55.759593
137,11,4,SUSTAINED,80.218061,350.210843,2.034391,0.943936,0.313395,58.631872
137,12,4,SUSTAINED,72.136205,379.665391,1.104878,0.891492,0.287390,50.142370
137,13,4,SUSTAINED,66.780847,304.249201,1.399191,1.024142,0.327224,63.527647
137,14,4,SUSTAINED,83.153522,233.123190,1.165804,0.969338,0.319089,45.555537
137,15,4,SUSTAINED,77.993916,287.127747,1.417502,0.939159,0.303973,52.062282
137,16,1,RECON,7.278468,16.458291,6.480471,0.223352,0.070144,1.239199
137,17,1,RECON,6.390008,12.941309,4.095518,0.486774,0.033714,2.321493
137,18,0,NORMAL,1.957717,2.806609,3.914313,0.100581,0.031038,0.569527
137,19,1,RECON,5.745082,13.062346,5.446485,0.262459,0.042749,3.033837
137,20,2,ESCALATION,13.817750,56.207301,3.175590,0.482249,0.136893,4.188337
137,21,2,ESCALATION,19.001348,59.326927,1.455370,0.481011,0.051439,11.857315
137,22,3,SURGE,71.747039,151.318246,1.656257,0.900794,0.388203,49.423422
137,23,3,SURGE,80.278077,211.350704,1.460197,0.878648,0.266391,17.839019
137,24,4,SUSTAINED,81.814332,295.324486,0.740728,0.942508,0.238652,65.642546
137,25,4,SUSTAINED,63.498368,293.804671,1.468620,0.958804,0.263446,50.930511
137,26,4,SUSTAINED,76.482693,262.213016,1.179721,0.883313,0.337962,61.426635
137,27,4,SUSTAINED,74.266849,287.309996,1.190545,0.962842,0.318522,57.638331
137,28,4,SUSTAINED,80.482913,260.925555,0.717246,1.031789,0.320386,56.238714
137,29,4,SUSTAINED,81.282151,312.995667,1.088223,1.002760,0.279005,49.580277
137,30,4,SUSTAINED,78.098202,338.025077,1.062795,0.881073,0.311393,51.093593
137,31,2,ESCALATION,20.372989,30.936578,2.695663,0.386709,0.053580,7.832197
137,32,3,SURGE,59.182927,179.353950,0.617505,0.833418,0.277590,29.264473
137,33,3,SURGE,54.163651,207.748793,1.340344,0.782368,0.272015,35.215898
137,34,3,SURGE,36.238507,252.107471,1.502459,1.010657,0.281010,48.851459
137,35,4,SUSTAINED,69.020355,322.880786,1.239060,0.926682,0.329709,56.848784
137,36,4,SUSTAINED,71.820845,329.328494,1.198611,1.004244,0.338730,59.117788
137,37,4,SUSTAINED,85.676554,333.323567,1.382020,0.960130,0.328474,51.845773
137,38,2,ESCALATION,6.590863,50.516041,2.556425,0.403866,0.112208,4.623573
137,39,2,ESCALATION,8.239473,35.730980,2.172590,0.529775,0.140582,9.578021
137,40,1,RECON,3.345464,21.293607,3.957171,0.322807,0.072174,0.646184
137,41,2,ESCALATION,14.273780,25.900587,2.384291,0.515346,0.072277,1.856321
137,42,3,SURGE,52.782504,226.045598,1.072645,1.126153,0.275681,41.574356
137,43,4,SUSTAINED,65.427901,285.091257,1.734906,0.933993,0.297487,52.201003
137,44,4,SUSTAINED,78.042926,262.444941,1.973645,0.881249,0.296105,49.949234
138,0,3,SURGE,69.840333,123.920551,2.004323,1.008840,0.275453,41.009364
138,1,2,ESCALATION,22.117062,23.813229,3.236374,0.388074,0.133030,6.159199
138,2,3,SURGE,44.515147,132.297063,1.454775,1.043553,0.276814,44.232916
138,3,4,SUSTAINED,76.824189,318.322466,1.026098,0.934299,0.292406,51.726834
138,4,3,SURGE,57.454419,171.693401,1.443759,0.915527,0.195007,43.339651
138,5,4,SUSTAINED,81.585630,280.041083,1.515149,0.997806,0.258024,58.149995
138,6,3,SURGE,50.518213,165.241826,1.794024,0.769282,0.211124,31.882678
138,7,4,SUSTAINED,74.460562,291.461898,0.975503,1.007426,0.265625,46.554400
138,8,4,SUSTAINED,85.549277,322.975954,1.574566,0.886951,0.290752,69.563796
138,9,4,SUSTAINED,75.492731,299.369708,1.358985,0.975662,0.275423,51.489788
138,10,4,SUSTAINED,74.159307,262.957108,1.742385,0.929654,0.285990,53.085480
138,11,4,SUSTAINED,83.478078,286.044246,1.541806,0.979891,0.292364,51.002592
138,12,4,SUSTAINED,78.703662,262.717462,1.506319,0.913684,0.334740,39.914394
138,13,4,SUSTAINED,89.279749,300.153922,1.379441,0.904903,0.313908,55.022514
138,14,4,SUSTAINED,96.314239,339.137689,1.437598,0.990231,0.263634,52.172625
138,15,4,SUSTAINED,69.843317,273.403985,1.191263,0.888750,0.298433,54.075823
138,16,3,SURGE,75.255869,147.018972,1.946930,0.674572,0.242888,30.419001
138,17,4,SUSTAINED,94.481236,289.590972,0.868635,0.974382,0.285770,55.904279
138,18,4,SUSTAINED,73.078269,276.369576,1.439530,0.938659,0.258070,55.970917
138,19,0,NORMAL,2.573603,6.554596,3.461214,0.121084,0.009906,0.765867
138,20,0,NORMAL,0.898987,4.674733,3.450301,0.072489,0.027546,0.413974
138,21,0,NORMAL,1.151379,7.931012,4.157768,0.092594,0.014470,0.240859
138,22,0,NORMAL,3.409315,3.909217,3.475041,0.014306,0.015896,0.578831
138,23,0,NORMAL,1.555190,8.871558,3.565569,0.116948,0.010254,0.587032
138,24,0,NORMAL,2.714029,1.068046,3.355195,0.104944,0.033494,0.526039
138,25,0,NORMAL,2.375490,11.759262,3.309053,0.029845,0.004055,0.699259
138,26,0,NORMAL,1.743658,6.241717,3.590416,0.110486,0.024798,0.167400
138,27,2,ESCALATION,10.432366,29.733067,1.958244,0.735460,0.009320,9.409114
138,28,0,NORMAL,2.987465,8.831696,4.159955,0.189170,0.016978,0.634242
138,29,1,RECON,3.276081,16.775460,3.699343,0.346098,0.012038,3.149302
138,30,1,RECON,6.179882,6.183429,3.367889,0.449047,0.046452,0.620749
138,31,1,RECON,6.358316,20.657462,4.079676,0.413556,0.035960,2.432071
139,0,0,NORMAL,1.621003,6.969223,3.516127,0.085364,0.027331,0.339204
139,1,0,NORMAL,1.419331,10.760242,3.981608,0.108293,0.020768,0.281310
139,2,0,NORMAL,2.219784,7.864593,4.091542,0.077271,0.016059,0.000581
139,3,0,NORMAL,2.553219,10.931246,4.016718,0.139447,0.028311,0.683021
139,4,1,RECON,1.316077,12.501046,3.189445,0.427017,0.034341,1.501710
139,5,1,RECON,2.512641,19.902724,2.495688,0.182251,0.053976,1.006691
139,6,1,RECON,5.092559,23.660351,4.486333,0.298807,0.030069,2.743317
139,7,1,RECON,9.169296,22.142002,3.882078,0.328942,0.058443,2.930367
139,8,2,ESCALATION,14.190124,31.767184,1.687697,0.329068,0.076329,12.513006
139,9,2,ESCALATION,19.800800,68.455983,2.375564,0.272703,0.059739,1.895544
139,10,4,SUSTAINED,75.952424,305.001110,1.240637,0.915518,0.322758,50.977362
139,11,4,SUSTAINED,71.120142,332.660019,1.206250,0.983941,0.251352,56.046545
140,0,2,ESCALATION,8.752877,53.163503,3.872622,0.643235,0.040402,7.465895
140,1,3,SURGE,51.832250,185.604810,1.344847,0.957004,0.173150,45.008882
140,2,3,SURGE,59.886630,191.005149,1.739907,0.897896,0.322022,47.915432
140,3,3,SURGE,73.652978,212.776250,1.567953,0.984821,0.197943,28.964494
140,4,0,NORMAL,1.393698,14.221156,3.117839,0.102012,0.021920,0.869382
140,5,0,NORMAL,0.387935,12.183304,3.540259,0.140487,0.028567,0.809003
140,6,0,NORMAL,1.351065,2.011229,3.002549,0.103108,0.012986,0.157730
140,7,0,NORMAL,3.342942,7.831952,2.933590,0.163621,0.012259,0.943812
140,8,0,NORMAL,2.103130,12.682679,2.824251,0.047495,0.016735,0.458010
140,9,0,NORMAL,1.111939,4.087258,3.032083,0.111607,0.024920,0.287874
140,10,0,NORMAL,3.945202,8.105505,3.660495,0.194449,0.013020,0.270977
140,11,0,NORMAL,1.472089,2.536961,3.568997,0.110847,0.018141,0.574241
140,12,0,NORMAL,0.683848,8.865920,3.779256,0.020145,0.034631,0.129261
140,13,0,NORMAL,2.201955,9.604096,3.888836,0.128050,0.014803,0.532568
140,14,0,NORMAL,2.174259,8.205370,3.247546,0.082639,0.001478,0.749039
140,15,0,NORMAL,0.000000,10.379481,3.473486,0.053159,0.009746,0.293533
140,16,0,NORMAL,1.202812,13.101903,3.685563,0.201801,0.022257,0.673780
140,17,0,NORMAL,1.831972,7.754959,3.810046,0.097526,0.023513,0.594658
140,18,0,NORMAL,1.594309,5.993021,4.041152,0.084878,0.023289,0.453033
140,19,0,NORMAL,0.011912,8.908910,2.872545,0.119535,0.018535,0.056492
140,20,1,RECON,5.448364,16.843894,4.116348,0.316151,0.073564,1.748539
140,21,1,RECON,4.925099,24.478673,4.011887,0.233368,0.028046,1.972948
140,22,2,ESCALATION,22.022442,36.931812,2.385986,0.587162,0.147432,10.193136
140,23,2,ESCALATION,14.598920,49.008123,4.007055,0.753540,0.128568,11.319820
140,24,2,ESCALATION,8.970128,49.405218,3.698065,0.608051,0.097456,12.526273
140,25,2,ESCALATION,18.777898,55.617972,3.124697,0.591900,0.151987,12.289870
141,0,0,NORMAL,3.271009,7.605322,2.845552,0.054568,0.011604,0.362546
141,1,0,NORMAL,3.029106,7.169528,4.130551,0.043485,0.016467,0.531283
141,2,0,NORMAL,3.143627,6.385048,3.996709,0.015905,0.028713,0.097680
141,3,0,NORMAL,3.129187,10.661691,2.680411,0.077638,0.027169,0.706488
141,4,0,NORMAL,0.000000,11.594147,4.188130,0.108187,0.022286,0.650918
141,5,3,SURGE,62.505542,192.353014,1.652608,0.898889,0.250012,25.873125
141,6,4,SUSTAINED,89.371640,330.611183,1.485297,0.947350,0.305827,62.148416
141,7,4,SUSTAINED,91.890850,279.818507,0.996313,0.933372,0.262279,47.071269
141,8,4,SUSTAINED,83.204403,307.386777,1.306124,0.876814,0.280798,53.239189
141,9,4,SUSTAINED,68.321896,272.166264,1.069056,1.002914,0.310475,61.129397
141,10,0,NORMAL,2.000989,9.497228,3.411395,0.068764,0.005102,0.320625
141,11,1,RECON,7.521348,14.134215,2.813010,0.392661,0.051386,0.922363
141,12,1,RECON,3.073179,15.685271,3.278679,0.369191,0.033749,2.009922
141,13,3,SURGE,61.174613,195.379265,1.462829,0.966901,0.277254,31.971564
141,14,3,SURGE,53.326711,188.694274,2.230648,0.961745,0.246012,49.956257
141,15,3,SURGE,43.619496,266.558588,1.437440,0.674397,0.170019,49.021483
141,16,3,SURGE,73.492245,203.241904,1.785558,0.874319,0.276168,42.532538
141,17,3,SURGE,49.345613,214.341135,0.773190,0.993150,0.259850,43.713572
141,18,3,SURGE,48.742663,179.769352,1.769471,0.805719,0.377400,37.893499
141,19,4,SUSTAINED,78.505201,271.471576,0.844698,1.000549,0.320530,58.096867
141,20,4,SUSTAINED,83.893376,267.977788,1.412593,0.893669,0.280878,54.725691
141,21,4,SUSTAINED,65.670535,270.971864,1.193247,0.919466,0.345050,62.784915
141,22,4,SUSTAINED,80.478038,347.481525,1.159735,0.929651,0.334409,53.354789
141,23,3,SURGE,54.052535,181.016483,1.816063,0.910054,0.255420,24.725348
141,24,3,SURGE,68.640375,168.651601,1.780267,0.926799,0.240014,50.862037
141,25,4,SUSTAINED,77.838824,293.665908,1.224157,0.988348,0.241098,60.208272
141,26,4,SUSTAINED,84.432277,371.755512,1.046502,0.888766,0.307752,57.113001
141,27,4,SUSTAINED,75.692986,275.096794,0.740109,0.881625,0.283362,54.300490
141,28,4,SUSTAINED,66.459333,310.062040,0.982219,0.961143,0.277871,61.212308
142,0,0,NORMAL,2.760109,12.177677,3.478431,0.147590,0.012317,0.239102
142,1,0,NORMAL,0.914128,6.691683,2.550997,0.057707,0.010058,0.298913
142,2,0,NORMAL,1.449343,9.623106,2.996595,0.060517,0.030835,1.011588
142,3,0,NORMAL,0.353669,11.568221,4.426844,0.015203,0.030827,0.567565
142,4,0,NORMAL,2.106183,9.329782,4.078793,0.155301,0.004931,0.305398
142,5,3,SURGE,73.555341,203.742621,2.128887,0.627251,0.219458,27.776875
142,6,4,SUSTAINED,87.885881,284.043432,0.499891,0.942078,0.381434,44.159853
142,7,4,SUSTAINED,92.541630,298.517320,1.778400,0.917009,0.357838,62.259623
142,8,3,SURGE,45.127958,159.930803,0.562325,0.959415,0.273715,40.633740
142,9,4,SUSTAINED,90.860734,308.933945,1.033606,0.957361,0.381900,58.733001
142,10,4,SUSTAINED,79.644220,313.901362,1.073674,0.924523,0.299547,64.114541
142,11,4,SUSTAINED,76.723769,326.070388,1.202572,0.967229,0.310145,42.338458
142,12,4,SUSTAINED,81.812971,274.414162,0.708221,0.908900,0.336986,57.146954
142,13,3,SURGE,64.530956,163.246721,1.810618,0.958574,0.244126,40.470722
142,14,2,ESCALATION,11.252753,66.318244,3.139056,0.500339,0.161249,4.117005
142,15,3,SURGE,53.177492,214.323642,1.972965,0.801698,0.415275,34.697950
142,16,3,SURGE,60.026863,201.846261,1.183035,1.006755,0.207304,25.848567
142,17,4,SUSTAINED,91.562525,337.514106,0.597829,0.990686,0.220723,54.836633
142,18,3,SURGE,68.907815,222.186436,1.891832,0.870476,0.240434,28.006034
142,19,4,SUSTAINED,87.588267,311.017949,1.231300,1.013106,0.247994,59.320887
142,20,4,SUSTAINED,91.822991,316.334225,1.489350,0.914918,0.387284,66.991347
142,21,4,SUSTAINED,89.402094,290.943396,0.819456,0.989790,0.263228,62.861321
142,22,4,SUSTAINED,81.881781,305.378876,1.496787,0.963728,0.283822,45.912957
142,23,3,SURGE,63.664390,310.226403,1.461636,0.930204,0.266275,45.206051
143,0,0,NORMAL,2.827659,7.001710,3.895094,0.104836,0.024019,0.845341
143,1,0,NORMAL,0.548149,7.200980,3.087222,0.000000,0.018933,0.559709
143,2,1,RECON,2.721379,18.442630,5.102473,0.242535,0.060724,3.278174
143,3,3,SURGE,62.726543,246.515595,1.359715,1.038676,0.281711,54.154857
143,4,4,SUSTAINED,94.820310,309.000001,0.789661,0.918450,0.340735,60.992138
143,5,4,SUSTAINED,94.434407,289.380971,1.338593,0.971714,0.246781,54.337048
143,6,4,SUSTAINED,72.621865,318.754727,0.853685,0.903366,0.243428,60.646426
143,7,4,SUSTAINED,90.139953,284.060396,1.238400,0.970569,0.235325,56.221896
143,8,3,SURGE,71.400170,161.619864,1.173191,0.965955,0.320620,35.259980
143,9,3,SURGE,65.355986,150.591854,1.373309,0.798668,0.269889,31.361322
143,10,2,ESCALATION,16.063083,65.061499,1.346015,0.236277,0.151707,5.841437
143,11,2,ESCALATION,13.986508,53.635186,2.705191,0.570202,0.113300,8.840454
143,12,2,ESCALATION,14.929098,49.346296,3.281687,0.582899,0.063886,7.723659
143,13,3,SURGE,54.131719,178.432982,0.943417,0.611722,0.231296,41.018286
143,14,3,SURGE,73.778721,158.131993,1.865012,0.941867,0.358817,44.318715
143,15,4,SUSTAINED,88.434933,350.927455,0.668336,0.981956,0.334413,53.723031
143,16,3,SURGE,57.040421,176.757231,2.111910,0.891141,0.229384,35.307900
143,17,3,SURGE,60.568682,168.402203,1.605608,0.844275,0.120387,45.344183
143,18,3,SURGE,61.997391,182.301291,1.471176,0.981928,0.218409,46.877167
143,19,3,SURGE,61.681626,201.030298,1.901074,0.808107,0.209509,28.844045
143,20,3,SURGE,62.554180,128.086262,1.322835,0.961079,0.244856,40.601644
143,21,2,ESCALATION,14.499772,50.430283,2.701762,0.522920,0.087635,6.631888
143,22,2,ESCALATION,19.872308,31.600125,2.894768,0.771980,0.144057,9.528094
143,23,2,ESCALATION,14.361144,36.479757,2.647701,0.586231,0.115589,10.366167
143,24,1,RECON,4.683086,18.959257,2.680743,0.525620,0.041723,2.521354
143,25,2,ESCALATION,12.811273,46.444971,2.052929,0.127968,0.146388,9.637108
143,26,2,ESCALATION,17.259552,62.359010,2.384188,0.561777,0.140272,3.684943
143,27,3,SURGE,63.643872,275.218027,1.722814,0.858912,0.235241,56.187149
143,28,4,SUSTAINED,84.689169,292.848583,1.524379,1.006534,0.299093,52.559433
143,29,4,SUSTAINED,66.181919,303.016768,1.224119,0.909193,0.226608,56.237713
143,30,4,SUSTAINED,83.157162,270.301846,1.319032,0.941071,0.334580,49.151074
143,31,3,SURGE,75.099864,204.643148,1.661470,0.978389,0.198715,36.109883
143,32,3,SURGE,80.268945,152.155748,2.155090,0.880677,0.248278,49.744355
143,33,3,SURGE,64.228458,246.589879,1.131877,0.847053,0.182378,35.875295
143,34,4,SUSTAINED,81.697164,351.813081,1.816413,0.943175,0.272813,61.960215
143,35,4,SUSTAINED,83.529985,321.166832,1.364746,0.900562,0.251257,54.694589
143,36,4,SUSTAINED,82.215550,296.063255,0.689021,0.844390,0.329497,51.023257
143,37,4,SUSTAINED,75.536203,272.608527,0.918044,1.000992,0.290434,58.808586
143,38,4,SUSTAINED,82.532513,324.061304,1.204293,1.018191,0.332937,60.738659
143,39,4,SUSTAINED,82.105950,244.949306,1.620307,0.918834,0.280612,46.795822
143,40,4,SUSTAINED,77.853982,354.680930,1.457771,0.924267,0.233351,41.297977
144,0,1,RECON,2.337567,19.743067,4.084042,0.301733,0.031022,2.121626
144,1,1,RECON,4.823400,22.151236,3.907654,0.344364,0.010463,0.354332
144,2,1,RECON,7.094038,16.808830,5.916167,0.155660,0.036400,2.112073
144,3,1,RECON,3.832195,12.703675,4.696210,0.313324,0.043108,2.399052
144,4,1,RECON,4.720516,17.117115,3.543154,0.207726,0.039486,2.025657
144,5,3,SURGE,69.447447,200.737650,1.073964,1.061660,0.252090,29.318809
144,6,3,SURGE,73.548682,163.648760,1.370808,0.854241,0.155527,42.597500
144,7,3,SURGE,66.568888,201.310152,1.876864,0.786465,0.340914,33.823343
144,8,4,SUSTAINED,75.398274,280.555599,1.142183,0.938428,0.305186,50.087817
144,9,4,SUSTAINED,71.276582,321.974242,1.416021,0.949711,0.274012,56.866800
144,10,4,SUSTAINED,80.276322,295.445542,1.988973,0.888647,0.193308,51.174517
144,11,4,SUSTAINED,74.186441,261.071876,0.928650,0.896755,0.338518,54.708823
144,12,2,ESCALATION,15.202407,63.928849,2.618713,0.739183,0.118839,5.660537
144,13,2,ESCALATION,15.135492,46.962385,2.857613,0.612687,0.015299,6.947179
144,14,2,ESCALATION,16.241136,33.104285,1.379343,0.755139,0.092517,12.542149
144,15,2,ESCALATION,11.031932,12.478493,2.522710,0.494414,0.118026,4.667364
144,16,2,ESCALATION,15.888210,64.789297,2.615916,0.566414,0.111537,10.626760
144,17,1,RECON,6.471618,13.900448,1.743315,0.276314,0.045381,1.073985
145,0,1,RECON,4.770246,18.477139,2.371756,0.124646,0.072591,1.848313
145,1,1,RECON,2.333487,17.977982,3.899463,0.238147,0.020763,1.305210
145,2,1,RECON,4.301059,21.948098,4.042882,0.268788,0.037280,3.076506
145,3,2,ESCALATION,11.051954,44.088350,3.445544,0.074219,0.112420,9.612804
145,4,2,ESCALATION,15.772972,57.534648,2.061312,0.626290,0.111894,7.541079
145,5,1,RECON,6.414385,29.580582,4.687957,0.381058,0.053871,3.521321
145,6,1,RECON,1.525196,18.765164,4.728114,0.042538,0.049931,1.855608
145,7,1,RECON,5.857471,8.958891,3.335954,0.219321,0.064779,2.299717
145,8,1,RECON,5.289094,12.709967,5.839711,0.357436,0.065724,3.101449
145,9,2,ESCALATION,15.157632,47.225526,3.572971,0.503980,0.070039,13.899897
145,10,2,ESCALATION,6.326475,64.891645,2.361252,0.565265,0.172688,3.875461
145,11,1,RECON,7.966818,21.409432,4.056143,0.538938,0.048094,2.317500
145,12,2,ESCALATION,19.904318,69.825794,2.260276,0.684226,0.106784,5.762663
145,13,3,SURGE,61.902463,274.723540,1.652518,0.821920,0.199429,39.620820
145,14,3,SURGE,52.846441,190.232346,1.331246,0.972691,0.213109,20.240150
145,15,2,ESCALATION,14.910909,41.197951,2.057997,0.793768,0.133150,7.824719
145,16,2,ESCALATION,13.674295,31.192771,3.418432,0.627700,0.020907,8.679298
145,17,2,ESCALATION,13.391344,81.458980,3.993247,0.443374,0.091087,6.979189
145,18,3,SURGE,50.792395,220.274284,2.284577,1.055008,0.289459,20.743105
145,19,2,ESCALATION,20.320817,74.290602,3.132241,0.454163,0.154092,10.260781
146,0,1,RECON,8.549142,20.637242,4.958596,0.303637,0.052122,3.122022
146,1,1,RECON,3.464722,15.608930,4.218757,0.138991,0.064621,1.868602
146,2,0,NORMAL,0.000000,10.572569,4.168447,0.121927,0.020300,0.759561
146,3,0,NORMAL,2.522927,9.792924,4.328471,0.138058,0.011997,0.879993
146,4,0,NORMAL,2.033283,8.320641,3.984434,0.187443,0.020244,1.019379
146,5,0,NORMAL,3.402168,8.595299,3.253788,0.196105,0.014121,0.303557
146,6,0,NORMAL,3.267268,12.510342,3.686565,0.050806,0.019932,0.409214
146,7,0,NORMAL,1.511108,9.517207,3.197416,0.114587,0.002237,1.003754
146,8,0,NORMAL,2.870249,8.566055,3.701249,0.043401,0.012394,0.278644
146,9,0,NORMAL,3.326156,9.299765,3.049830,0.104367,0.019194,0.394740
146,10,1,RECON,6.527424,14.400368,3.923287,0.398212,0.059379,3.023289
146,11,1,RECON,2.278918,19.441489,3.793635,0.180128,0.034216,1.759385
146,12,2,ESCALATION,11.965557,49.795379,4.267988,0.241217,0.145487,7.944877
146,13,2,ESCALATION,4.908950,61.441450,1.935420,0.624184,0.169653,4.151589
146,14,1,RECON,5.050879,7.528977,3.236147,0.317823,0.058024,0.735447
146,15,1,RECON,6.647112,22.992878,3.869731,0.343847,0.071449,2.681965
146,16,2,ESCALATION,15.567533,48.582234,2.963268,0.385435,0.144484,3.408786
146,17,2,ESCALATION,14.818786,57.045192,3.194517,0.723348,0.103110,5.846042
146,18,1,RECON,4.361205,20.599667,3.346401,0.282457,0.082453,2.143882
146,19,1,RECON,4.320431,6.835084,4.152912,0.464768,0.026268,0.835163
146,20,1,RECON,6.842633,26.523188,4.558570,0.171409,0.049556,3.431540
146,21,1,RECON,5.280945,19.202798,2.963310,0.399795,0.067075,0.405168
146,22,1,RECON,3.060600,21.741746,3.599110,0.340135,0.046365,2.056937
146,23,2,ESCALATION,16.361671,49.715422,2.996248,0.532546,0.091613,6.706294
146,24,2,ESCALATION,12.786476,70.504925,2.388923,0.621526,0.171350,6.987481
146,25,3,SURGE,55.707704,199.225295,1.628749,0.896000,0.229001,55.636335
146,26,3,SURGE,53.798986,233.220447,1.838574,1.041249,0.346393,42.770176
146,27,3,SURGE,40.977629,162.485943,1.583425,0.781906,0.170744,40.526623
146,28,3,SURGE,57.535220,235.871504,1.746633,1.014923,0.358672,60.912213
146,29,3,SURGE,55.401498,202.473435,2.129302,0.810678,0.322383,38.640608
146,30,3,SURGE,51.923124,147.050992,1.388466,1.030301,0.214902,52.900169
146,31,1,RECON,2.863546,19.268185,4.743258,0.318809,0.053019,3.282368
146,32,2,ESCALATION,12.647966,33.005457,3.564181,0.436148,0.086876,11.155638
146,33,1,RECON,5.502664,17.315009,4.195478,0.254446,0.042883,1.719609
146,34,0,NORMAL,1.911829,12.077937,3.441861,0.081649,0.032779,0.506465
146,35,0,NORMAL,2.033561,12.399949,3.653039,0.162474,0.017654,0.826821
146,36,0,NORMAL,2.882576,10.899939,3.029190,0.103598,0.029572,0.834946
146,37,0,NORMAL,2.104728,12.620629,3.171397,0.025262,0.017224,0.858753
146,38,0,NORMAL,0.530142,2.838473,3.867972,0.027620,0.025490,0.401574
146,39,0,NORMAL,1.001278,8.618873,3.122921,0.099751,0.024014,0.683798
146,40,2,ESCALATION,15.823642,34.248649,3.079436,0.598431,0.092738,7.136291
146,41,2,ESCALATION,8.534744,57.405116,3.427619,0.448810,0.093259,6.795600
146,42,2,ESCALATION,19.497463,47.026881,4.666355,0.432089,0.155101,9.631775
147,0,4,SUSTAINED,67.199390,312.755354,0.985086,0.928201,0.280680,49.217054
147,1,4,SUSTAINED,83.110274,298.023903,1.109823,0.987959,0.318077,53.398981
147,2,4,SUSTAINED,88.143910,373.344021,1.075514,0.962485,0.250469,53.017130
147,3,4,SUSTAINED,103.964042,279.225681,1.129790,0.877316,0.321349,49.598648
147,4,3,SURGE,42.116754,195.135068,0.761680,0.850949,0.235639,35.207748
147,5,3,SURGE,69.711683,286.978173,1.635723,0.813996,0.253204,37.165847
147,6,3,SURGE,62.878612,136.888202,1.939174,0.996684,0.324751,35.868473
147,7,4,SUSTAINED,70.521787,298.462656,1.319096,0.918197,0.313694,56.008001
147,8,4,SUSTAINED,91.179771,292.966717,1.239855,0.876655,0.320768,52.138638
147,9,4,SUSTAINED,69.510830,312.920909,0.545383,0.980793,0.293008,57.396121
147,10,4,SUSTAINED,72.405607,286.964907,1.257604,0.978829,0.312154,49.379435
147,11,3,SURGE,63.328141,175.105420,1.669688,0.925599,0.241233,37.657691
147,12,3,SURGE,77.278476,118.559849,1.992214,0.901993,0.261835,50.813139
147,13,3,SURGE,68.147894,251.299882,1.224553,0.760605,0.331996,25.948866
147,14,3,SURGE,70.231083,215.863960,1.725853,0.873498,0.273136,34.332251
147,15,3,SURGE,60.355458,138.406245,1.730816,0.651926,0.268141,43.654976
147,16,4,SUSTAINED,70.128271,287.754908,1.391903,0.967285,0.255539,55.634087
147,17,0,NORMAL,2.219570,5.040226,3.577851,0.145887,0.025370,0.623444
147,18,0,NORMAL,2.167791,5.474273,3.080629,0.108801,0.005625,0.406705
147,19,0,NORMAL,3.171145,3.367959,3.549539,0.096588,0.020375,0.542470
147,20,0,NORMAL,3.392209,11.731990,4.571645,0.099471,0.015893,0.209671
147,21,0,NORMAL,2.714571,10.605575,3.837757,0.066777,0.013409,1.086939
147,22,0,NORMAL,3.416525,9.213728,3.133701,0.040776,0.013111,0.625289
147,23,0,NORMAL,3.554410,7.376419,3.850223,0.130986,0.036219,0.368609
147,24,0,NORMAL,0.598606,8.309445,4.070006,0.110974,0.043127,0.655913
147,25,2,ESCALATION,17.278824,28.049078,2.320611,0.317449,0.100644,7.818430
147,26,3,SURGE,59.009315,159.899209,2.123727,0.605536,0.251923,41.740860
147,27,3,SURGE,65.000919,204.427609,1.699864,0.839778,0.177047,39.629174
147,28,4,SUSTAINED,74.171801,334.844437,1.667399,1.007135,0.338295,55.359707
147,29,4,SUSTAINED,82.844952,358.424713,0.924570,0.983630,0.249428,59.070093
147,30,4,SUSTAINED,70.291657,261.521285,1.275640,0.967726,0.398019,54.452257
147,31,4,SUSTAINED,81.286960,320.666942,1.243099,1.004981,0.257893,40.315160
147,32,4,SUSTAINED,65.559381,339.352150,1.035564,0.898088,0.408021,54.889300
147,33,4,SUSTAINED,85.983803,324.463924,1.541738,0.883351,0.321444,53.240884
147,34,4,SUSTAINED,80.384903,245.662734,1.476879,0.935466,0.280900,54.173928
147,35,4,SUSTAINED,89.125455,267.128603,1.085338,0.939172,0.257394,55.955881
147,36,4,SUSTAINED,68.765744,315.786822,1.664183,0.952421,0.295869,54.253147
147,37,4,SUSTAINED,89.360779,302.821493,0.546408,1.009948,0.338153,58.609606
147,38,3,SURGE,59.970517,235.737119,1.651800,0.920515,0.294776,41.114466
148,0,1,RECON,6.784827,16.007065,3.322206,0.300380,0.061807,2.740290
148,1,1,RECON,4.862704,17.143150,3.726307,0.324988,0.017178,2.018207
148,2,2,ESCALATION,7.480683,52.352534,3.026701,0.575970,0.061334,9.546760
148,3,2,ESCALATION,20.895891,41.982402,1.943450,0.642794,0.126585,5.100313
148,4,3,SURGE,54.199876,134.256614,1.804972,0.979992,0.233370,39.774996
148,5,4,SUSTAINED,81.955135,259.574124,1.346533,0.891225,0.327255,48.610719
148,6,4,SUSTAINED,79.775692,298.484843,1.231124,0.905363,0.308113,56.781950
148,7,4,SUSTAINED,81.480262,282.018235,0.795881,0.873487,0.312919,59.759193
148,8,4,SUSTAINED,82.042109,294.773440,1.415480,0.993304,0.209351,61.192808
148,9,4,SUSTAINED,75.749152,284.896115,1.209524,0.924813,0.262520,50.753214
148,10,3,SURGE,73.465684,202.236193,2.401137,0.937108,0.279445,31.507158
148,11,4,SUSTAINED,96.693287,302.180739,1.008825,0.926760,0.316806,57.638559
148,12,4,SUSTAINED,82.269927,316.590455,1.022917,0.915404,0.317659,39.561476
148,13,3,SURGE,76.344279,96.145627,1.829150,0.954442,0.178095,44.163911
148,14,3,SURGE,48.233828,171.711026,1.510443,0.997767,0.222944,39.663274
148,15,3,SURGE,60.245576,241.867129,1.542359,0.864254,0.248362,33.594996
148,16,4,SUSTAINED,89.627344,349.131288,0.662547,0.979106,0.334357,47.729889
148,17,0,NORMAL,1.422954,13.702840,4.326225,0.053941,0.005408,0.731893
148,18,0,NORMAL,3.243994,4.822776,3.861771,0.063412,0.026232,0.488864
148,19,0,NORMAL,2.447394,7.058017,3.568967,0.094974,0.008456,1.077468
148,20,0,NORMAL,1.823697,10.099642,4.525715,0.161845,0.016926,0.473613
148,21,0,NORMAL,2.774772,11.728536,4.124853,0.135052,0.023523,0.200656
148,22,0,NORMAL,1.368338,9.575538,3.118067,0.125941,0.033231,0.613145
148,23,0,NORMAL,2.913027,13.311004,3.446358,0.126051,0.035112,0.700787
148,24,2,ESCALATION,11.421907,61.265632,2.559896,0.716053,0.174317,6.229265
148,25,3,SURGE,56.388177,183.243310,2.114435,0.796467,0.287122,51.102704
148,26,3,SURGE,64.364553,193.511552,2.239591,0.875474,0.297414,38.730118
148,27,3,SURGE,57.303573,193.748647,1.442642,0.833969,0.281289,45.896716
149,0,0,NORMAL,0.949312,8.763087,4.188960,0.168931,0.014009,1.097358
149,1,0,NORMAL,0.984060,3.914461,2.961866,0.116687,0.017425,0.310398
149,2,0,NORMAL,0.913883,5.330394,4.007697,0.190167,0.038652,0.706126
149,3,0,NORMAL,1.332187,10.268419,3.376821,0.120596,0.039304,0.565049
149,4,0,NORMAL,0.873125,9.342267,3.656868,0.050796,0.028017,0.959243
149,5,0,NORMAL,2.411290,2.299680,3.738495,0.137098,0.017648,0.564536
149,6,1,RECON,4.732609,23.087435,5.311219,0.172929,0.039774,0.729236
149,7,1,RECON,6.741559,7.994983,4.148372,0.271654,0.034881,2.829022
149,8,1,RECON,5.538903,14.791738,3.693402,0.304393,0.040857,1.995343
149,9,0,NORMAL,0.466472,5.725447,3.483154,0.178267,0.028453,0.498925
149,10,0,NORMAL,1.898496,11.231671,3.716877,0.163940,0.006447,0.258143
149,11,0,NORMAL,2.493511,15.201015,2.596127,0.098346,0.019221,0.571352
149,12,1,RECON,6.752551,9.979928,5.427008,0.450586,0.055261,0.705788
149,13,2,ESCALATION,17.343640,64.948265,1.737731,0.384634,0.143921,12.505295
149,14,2,ESCALATION,20.742561,56.829219,3.377851,0.521768,0.119198,4.334664
149,15,1,RECON,2.495294,21.605080,3.848814,0.336999,0.030944,1.597113
149,16,1,RECON,6.508663,23.468956,3.279941,0.149887,0.030494,1.147513
149,17,2,ESCALATION,21.701040,35.050749,3.826185,0.692075,0.034816,4.909303
149,18,4,SUSTAINED,79.307347,300.522364,1.204662,0.848664,0.242910,56.560929
149,19,4,SUSTAINED,63.841510,261.566039,1.506724,0.888782,0.299412,47.082740
149,20,4,SUSTAINED,63.864140,290.866230,1.482092,0.980501,0.281436,50.807907
149,21,0,NORMAL,0.710649,7.699978,3.458562,0.079103,0.030003,0.178855
149,22,0,NORMAL,1.474681,8.371993,3.446636,0.092442,0.008736,0.205238
149,23,0,NORMAL,1.432803,11.294257,3.631958,0.073372,0.030950,0.633884
149,24,0,NORMAL,0.000000,4.021296,3.797467,0.144574,0.003398,0.697593
149,25,2,ESCALATION,21.975209,64.255912,3.611129,0.573255,0.118197,6.988146
149,26,2,ESCALATION,8.337966,47.919839,3.123930,0.711232,0.080882,10.899743
149,27,2,ESCALATION,19.935295,37.979718,3.235583,0.485699,0.052596,7.540107
149,28,2,ESCALATION,9.903975,27.735238,3.039246,0.248330,0.162534,12.614481
149,29,2,ESCALATION,14.943840,74.969925,3.607268,0.420092,0.157553,5.264979
149,30,2,ESCALATION,6.032680,52.188856,2.623295,0.432170,0.093374,6.261364
149,31,0,NORMAL,3.283569,4.814442,3.931264,0.110762,0.023741,0.490787
149,32,0,NORMAL,2.232269,5.847800,3.722432,0.125942,0.011995,0.098446
149,33,0,NORMAL,2.754721,11.015270,4.101662,0.118570,0.017368,0.499354
149,34,0,NORMAL,1.317355,7.840263,3.366681,0.104600,0.006252,0.154559
149,35,0,NORMAL,1.166655,5.971454,3.547518,0.053441,0.031063,0.122951
149,36,0,NORMAL,1.251415,8.468562,3.251268,0.098817,0.032213,0.293766
149,37,0,NORMAL,1.684099,12.422058,3.455129,0.161710,0.018231,0.856891
149,38,0,NORMAL,2.554566,3.692696,2.707926,0.153510,0.030578,1.226437
149,39,1,RECON,5.971599,12.880895,3.607519,0.249775,0.057647,1.468779
149,40,1,RECON,6.664068,23.639867,4.754071,0.345187,0.047167,1.544854
149,41,2,ESCALATION,9.745455,51.786931,2.154594,0.493808,0.057852,6.798309
149,42,3,SURGE,52.034420,196.505719,0.530479,0.719752,0.290186,41.179830
149,43,4,SUSTAINED,87.791227,280.824676,1.026092,0.910831,0.376265,56.410610
149,44,4,SUSTAINED,83.731208,244.418715,1.021797,0.972749,0.299836,68.232512
149,45,0,NORMAL,2.943183,10.418013,3.571410,0.116220,0.017098,0.000000
150,0,0,NORMAL,2.063096,10.911203,3.067005,0.173419,0.010121,0.467648
150,1,0,NORMAL,1.485047,10.247015,3.328607,0.105907,0.018189,0.326955
150,2,0,NORMAL,1.160252,1.141664,3.098182,0.106565,0.016231,0.805573
150,3,0,NORMAL,1.681609,2.953316,2.858425,0.098390,0.004355,0.389664
150,4,0,NORMAL,2.342833,8.137004,2.979614,0.109087,0.017415,0.571591
150,5,0,NORMAL,2.898124,8.386672,3.755961,0.074401,0.031326,0.233863
150,6,0,NORMAL,3.236618,6.555013,2.829607,0.079462,0.033917,0.000000
150,7,0,NORMAL,1.365996,7.497098,3.325728,0.148024,0.020538,0.803160
150,8,0,NORMAL,2.029897,6.921506,3.688592,0.128509,0.008467,0.570819
150,9,0,NORMAL,1.579652,5.927165,3.187140,0.162782,0.016360,0.843128
150,10,0,NORMAL,0.867285,8.572304,2.906040,0.130357,0.017922,0.756555
150,11,0,NORMAL,0.264655,6.616563,2.895270,0.207913,0.015597,0.105466
150,12,0,NORMAL,1.273927,3.134418,2.920800,0.107160,0.020457,0.249199
150,13,0,NORMAL,2.053081,11.971738,3.666639,0.071842,0.017716,0.730913
150,14,0,NORMAL,0.895391,11.342329,3.343611,0.018789,0.001778,0.900252
150,15,0,NORMAL,1.430917,7.363566,2.608821,0.138102,0.019716,0.034317
150,16,0,NORMAL,0.610564,9.672490,2.958597,0.116853,0.013470,0.000000
150,17,0,NORMAL,3.050934,6.434650,3.637213,0.121909,0.024705,1.017680
150,18,0,NORMAL,1.642343,9.283748,3.285026,0.046722,0.032197,0.660248
150,19,0,NORMAL,1.316335,10.272923,2.718088,0.062353,0.046615,0.400675
150,20,2,ESCALATION,22.502335,36.372539,2.959819,0.808823,0.118381,15.096556
150,21,2,ESCALATION,23.985485,50.250110,2.603512,0.596006,0.095542,7.746294
150,22,2,ESCALATION,17.366394,57.277889,1.715360,0.380202,0.128906,10.974591
150,23,2,ESCALATION,16.379353,56.035132,3.374679,0.286066,0.079621,7.776713
150,24,2,ESCALATION,4.451806,31.139096,2.790004,0.651971,0.083238,5.999330
150,25,2,ESCALATION,13.359645,63.213477,2.667205,0.332718,0.156824,11.711783
150,26,3,SURGE,63.957036,186.933225,1.747626,0.812431,0.293592,49.559612
150,27,3,SURGE,60.677001,248.638600,1.099455,0.833117,0.283087,38.714487
150,28,3,SURGE,56.797804,269.857619,2.325155,0.836291,0.204335,36.335904
150,29,4,SUSTAINED,86.736750,343.922554,1.499605,0.884032,0.262046,50.822961
150,30,3,SURGE,53.216930,177.521405,1.756196,0.913580,0.310989,42.014707
150,31,1,RECON,5.376924,10.443448,2.350530,0.364321,0.070366,2.057704
150,32,1,RECON,2.316260,23.834625,4.594024,0.329117,0.049904,1.624343
150,33,1,RECON,5.505408,15.307375,3.860831,0.471785,0.049038,0.037636
150,34,1,RECON,2.997097,17.303901,3.060454,0.343363,0.044079,1.619430
150,35,1,RECON,4.846686,17.326450,4.020651,0.297969,0.056864,2.174376
150,36,3,SURGE,54.533104,209.525036,2.478441,0.895905,0.249891,29.892911
150,37,3,SURGE,58.936339,221.338145,1.759665,0.932627,0.290205,32.005256
150,38,3,SURGE,60.133530,204.995821,1.355072,0.804697,0.189242,42.565374
150,39,3,SURGE,58.704297,199.407459,1.211916,0.950306,0.253031,37.075089
150,40,3,SURGE,66.450194,138.565242,1.519660,0.804176,0.256976,14.785231
150,41,3,SURGE,67.119838,195.568343,1.034113,1.095637,0.307798,35.751509
150,42,3,SURGE,40.189692,218.936027,0.952305,0.966637,0.301297,39.437890
150,43,2,ESCALATION,21.245084,50.032542,2.855935,0.360270,0.107722,7.391262
151,0,2,ESCALATION,21.699961,76.386877,3.410921,0.630325,0.170604,4.857507
151,1,1,RECON,2.362290,12.702483,3.868485,0.329785,0.044148,1.184006
151,2,1,RECON,4.811241,22.206619,4.235632,0.109544,0.057709,3.265428
151,3,2,ESCALATION,19.934793,42.423145,3.139449,0.388312,0.090140,7.284117
151,4,3,SURGE,51.758432,141.404609,1.688045,0.943253,0.255624,47.463107
151,5,3,SURGE,62.813494,186.003250,1.396555,0.934022,0.363330,45.938381
151,6,3,SURGE,67.734394,106.088885,1.627671,0.991047,0.254221,39.654592
151,7,3,SURGE,55.665896,166.660182,1.899803,1.050167,0.346753,33.200045
151,8,3,SURGE,52.503048,159.257755,1.099033,0.848451,0.293724,34.257318
151,9,3,SURGE,73.674679,211.403860,1.991652,0.763874,0.222091,41.515332
151,10,4,SUSTAINED,91.433860,270.034640,1.038913,0.945751,0.279255,48.744242
151,11,1,RECON,4.508947,25.237722,3.383814,0.381518,0.075443,1.589924
151,12,1,RECON,6.151873,20.055023,4.265715,0.232117,0.063249,1.700434
151,13,2,ESCALATION,15.879092,62.839838,3.956765,0.389332,0.102103,3.546749
151,14,2,ESCALATION,15.219247,45.504837,2.831336,0.515415,0.070726,11.563911
151,15,3,SURGE,67.841703,172.799615,1.206355,0.888645,0.289998,44.013566
151,16,3,SURGE,66.677611,161.115163,1.235352,0.915772,0.191426,32.291772
152,0,0,NORMAL,2.450573,9.934293,3.422521,0.082478,0.028719,0.908593
152,1,0,NORMAL,1.160186,9.174872,3.114925,0.083775,0.036362,0.140126
152,2,0,NORMAL,2.549534,6.601662,3.534108,0.065752,0.014531,0.521989
152,3,0,NORMAL,1.067032,7.335769,2.842693,0.036409,0.007179,1.001397
152,4,0,NORMAL,2.595857,8.033783,3.753141,0.158792,0.024078,0.992099
152,5,0,NORMAL,2.598913,10.112039,3.033977,0.102137,0.001586,0.461038
152,6,0,NORMAL,1.661052,6.777458,3.755987,0.055708,0.038600,0.670244
152,7,0,NORMAL,2.647216,10.984559,3.684559,0.049710,0.042373,0.691842
152,8,1,RECON,5.418230,16.898412,4.205142,0.180628,0.051087,1.334998
152,9,1,RECON,5.774888,15.616837,3.967663,0.382023,0.032228,1.481263
152,10,2,ESCALATION,10.885683,51.936863,3.183678,0.379075,0.124392,8.315646
152,11,4,SUSTAINED,81.396483,335.830717,0.632359,1.050260,0.275579,45.105366
152,12,0,NORMAL,2.831087,7.158700,3.655800,0.205987,0.022057,1.394746
152,13,0,NORMAL,2.051535,8.874612,3.340283,0.112479,0.025616,0.378755
152,14,0,NORMAL,3.321279,10.920447,2.791456,0.108550,0.030271,0.777119
152,15,0,NORMAL,2.982117,8.045292,3.694339,0.054025,0.000000,0.266801
152,16,0,NORMAL,1.794568,9.950573,4.053075,0.083474,0.015711,0.000000
152,17,0,NORMAL,0.660070,9.669918,3.339735,0.073288,0.013513,0.266306
152,18,0,NORMAL,2.093347,10.973981,2.403307,0.126637,0.015162,0.415558
152,19,2,ESCALATION,13.050751,57.378447,2.189233,0.505417,0.036350,7.828067
152,20,1,RECON,7.212749,13.910531,3.776829,0.235588,0.044920,1.228875
152,21,1,RECON,2.914575,17.755190,4.081519,0.355212,0.066844,1.640358
152,22,2,ESCALATION,17.016097,49.852864,2.644934,0.683064,0.118022,8.368698
152,23,1,RECON,6.699412,14.552235,3.495824,0.276587,0.026441,1.963665
152,24,1,RECON,4.862396,16.192912,5.522408,0.394066,0.048057,2.074422
152,25,2,ESCALATION,12.077228,35.516027,2.936138,0.562086,0.119540,10.483332
152,26,1,RECON,2.183101,15.077163,4.665473,0.207810,0.011323,2.115416
152,27,2,ESCALATION,6.364553,51.116770,2.568236,0.751397,0.103554,9.758254
153,0,2,ESCALATION,12.561932,66.214381,3.248673,0.276706,0.050056,4.420772
153,1,2,ESCALATION,6.343130,61.797319,3.039014,0.522022,0.081080,11.565851
153,2,3,SURGE,45.557912,151.547097,0.842097,1.020033,0.321213,48.690212
153,3,4,SUSTAINED,68.588970,268.379661,0.903338,0.947715,0.355498,63.301108
153,4,4,SUSTAINED,62.107532,264.990282,1.556580,0.961581,0.285774,52.447806
153,5,4,SUSTAINED,70.369813,362.161902,1.715545,0.908907,0.229845,56.014110
153,6,0,NORMAL,2.628142,10.563821,2.914987,0.164011,0.016468,0.682373
153,7,0,NORMAL,2.922490,0.913116,3.869167,0.058404,0.020735,0.873411
153,8,0,NORMAL,1.039987,6.884064,3.282465,0.047492,0.021063,0.547451
153,9,1,RECON,3.360859,13.279988,4.105123,0.275495,0.045483,1.434216
153,10,1,RECON,3.115041,17.389126,3.954905,0.296654,0.073705,0.948400
153,11,1,RECON,3.811617,12.243470,1.790014,0.474635,0.061194,2.533726
153,12,1,RECON,5.841635,15.886798,4.851457,0.318907,0.049269,2.031142
153,13,3,SURGE,61.673309,158.815632,1.634476,0.948904,0.242765,39.583176
153,14,4,SUSTAINED,80.776605,263.565560,1.124767,0.916534,0.339316,64.299659
153,15,4,SUSTAINED,79.963037,290.689219,1.339332,0.954812,0.284505,55.562503
153,16,4,SUSTAINED,92.713077,276.190639,1.277246,0.975482,0.317539,53.212663
153,17,3,SURGE,66.114205,254.730957,0.664447,0.790606,0.283178,32.959139
153,18,3,SURGE,55.328044,168.574267,1.754836,0.990440,0.254416,48.437011
153,19,3,SURGE,60.758877,253.918139,1.890742,1.043629,0.220498,47.337519
153,20,3,SURGE,65.951529,252.435073,1.182373,0.714424,0.342378,43.905018
153,21,4,SUSTAINED,78.703942,237.114244,1.262619,0.923472,0.302099,55.181757
153,22,4,SUSTAINED,83.919720,305.669085,1.296981,0.940829,0.301957,56.036850
153,23,3,SURGE,64.755862,211.310509,2.239892,0.827399,0.231252,53.543651
153,24,3,SURGE,69.316379,205.420195,1.408875,0.998625,0.275921,27.727921
153,25,3,SURGE,50.049383,250.846104,2.201436,1.087397,0.267876,36.307459
153,26,4,SUSTAINED,72.482204,370.364964,1.558307,0.965226,0.339882,52.049655
153,27,4,SUSTAINED,62.293973,302.491703,1.137554,0.975964,0.300523,57.843312
153,28,3,SURGE,45.398189,234.755988,1.337368,0.951758,0.301111,48.232754
153,29,3,SURGE,61.784758,235.676489,0.899530,0.804842,0.236037,29.337647
153,30,3,SURGE,56.736511,203.484263,1.477247,1.006935,0.278650,39.431750
153,31,3,SURGE,59.524419,198.805558,2.507503,0.754247,0.203686,31.416593
153,32,3,SURGE,62.296733,177.077128,1.858447,0.936966,0.296905,49.627635
153,33,3,SURGE,66.856167,148.397581,1.599765,0.892710,0.248489,30.363029
153,34,3,SURGE,47.095050,230.021344,0.927244,0.898214,0.340220,58.893044
153,35,3,SURGE,52.954618,179.093548,2.402021,0.893167,0.303733,42.397657
153,36,3,SURGE,41.401979,175.476330,2.426749,0.925761,0.302719,28.654060
153,37,4,SUSTAINED,86.230751,267.264991,1.180810,0.906012,0.333057,57.391099
153,38,4,SUSTAINED,86.968600,293.169756,1.500970,0.920508,0.325029,43.174280
153,39,4,SUSTAINED,98.526426,318.329638,1.383404,0.908805,0.256232,53.413839
153,40,4,SUSTAINED,95.315737,330.568183,1.232678,0.953286,0.330326,47.087225
153,41,3,SURGE,67.433881,202.880507,0.975153,0.690512,0.294693,35.827559
153,42,4,SUSTAINED,77.889920,298.972831,1.022325,0.946174,0.323083,53.345629
153,43,4,SUSTAINED,84.860303,320.225397,0.858753,0.948555,0.279049,55.082308
154,0,0,NORMAL,2.219595,7.500624,3.490159,0.107131,0.023229,0.202410
154,1,0,NORMAL,1.275604,11.088866,2.537166,0.107845,0.004818,0.629671
154,2,1,RECON,1.366411,22.711153,2.186890,0.296858,0.063824,3.101385
154,3,1,RECON,3.967952,23.418265,5.120993,0.428074,0.101232,1.593046
154,4,1,RECON,4.308271,8.124431,4.127998,0.100564,0.039583,0.825474
154,5,1,RECON,3.442947,9.073960,4.892527,0.239625,0.041358,1.217794
154,6,2,ESCALATION,16.352595,40.803673,1.651579,0.876595,0.179175,12.329306
154,7,3,SURGE,54.990528,216.026616,1.142459,0.801060,0.322928,39.558877
154,8,3,SURGE,69.526673,177.044067,0.708258,0.786519,0.224175,41.759675
154,9,4,SUSTAINED,89.822162,292.889014,1.060304,1.012252,0.339148,53.719254
154,10,4,SUSTAINED,76.197422,265.135144,1.859171,0.922906,0.311800,45.907915
154,11,4,SUSTAINED,70.353138,350.338757,1.739223,0.978282,0.304595,53.875509
154,12,4,SUSTAINED,83.273881,302.692352,1.494511,0.904085,0.361123,52.464047
154,13,4,SUSTAINED,82.900887,312.796575,0.678999,0.925945,0.213118,50.945757
154,14,4,SUSTAINED,82.379688,276.366127,1.034686,1.015194,0.382568,49.474573
154,15,4,SUSTAINED,83.102458,247.836338,0.962649,0.798608,0.312943,48.539254
154,16,4,SUSTAINED,100.567615,347.794140,0.969898,0.899561,0.351719,48.971191
154,17,4,SUSTAINED,101.886924,320.262547,1.555204,1.003401,0.277716,56.741143
154,18,4,SUSTAINED,90.319425,267.446191,1.410297,1.006586,0.280334,50.674027
154,19,4,SUSTAINED,72.860547,304.691928,0.924909,0.907772,0.321876,58.705349
154,20,4,SUSTAINED,66.828610,335.125819,1.065480,1.053116,0.294704,55.814664
154,21,4,SUSTAINED,81.947273,404.297021,1.095309,1.013816,0.303625,62.042760
154,22,4,SUSTAINED,95.559105,310.230763,1.119673,0.995165,0.305756,48.112742
154,23,4,SUSTAINED,94.608470,293.314511,1.016121,0.923239,0.358579,52.059331
154,24,3,SURGE,56.653699,149.807627,1.860514,1.010300,0.216034,39.697943
154,25,3,SURGE,64.451248,278.851623,1.370452,0.866996,0.241234,32.462282
154,26,3,SURGE,61.337631,221.091074,1.500981,0.893729,0.205064,42.019220
154,27,3,SURGE,64.748918,212.947040,1.657527,1.031878,0.278610,43.844878
154,28,3,SURGE,70.534969,188.085796,1.531684,0.772710,0.354494,20.206274
154,29,3,SURGE,64.251606,123.788248,2.314559,0.951377,0.132084,36.620347
155,0,4,SUSTAINED,76.726015,220.592676,1.637706,0.974910,0.210698,57.056177
155,1,4,SUSTAINED,77.402269,275.181517,1.017081,0.933732,0.314189,59.730160
155,2,4,SUSTAINED,82.047775,314.638394,1.250742,0.929757,0.356792,63.066416
155,3,4,SUSTAINED,79.335376,323.155207,1.584788,0.909224,0.258152,56.644971
155,4,4,SUSTAINED,64.440020,275.388722,1.325149,1.027681,0.271649,54.254401
155,5,4,SUSTAINED,74.811205,278.185084,1.300495,0.890128,0.269303,53.784473
155,6,4,SUSTAINED,67.878027,296.075494,0.812743,0.915790,0.331545,54.556927
155,7,4,SUSTAINED,79.422420,329.040385,1.438432,0.949339,0.247374,54.369243
155,8,4,SUSTAINED,75.428648,304.674630,0.765129,0.906308,0.259517,53.474653
155,9,4,SUSTAINED,74.380570,304.063902,1.066295,0.950240,0.255372,50.029466
156,0,3,SURGE,63.421282,171.681240,1.597539,0.891047,0.277494,39.203018
156,1,3,SURGE,71.479204,111.274313,0.969805,0.817491,0.165358,36.164905
156,2,1,RECON,6.949400,17.558640,4.029591,0.262016,0.028960,2.712635
156,3,2,ESCALATION,8.939170,74.300838,2.397410,0.387123,0.118912,9.686132
156,4,3,SURGE,56.537153,246.894115,1.250680,0.893123,0.334689,29.303334
156,5,3,SURGE,70.251353,221.120002,1.857607,0.767712,0.266056,37.718346
156,6,4,SUSTAINED,86.475022,299.330442,1.285770,0.952714,0.327961,49.862197
156,7,4,SUSTAINED,86.923147,260.258181,1.261513,0.908786,0.301713,60.928112
156,8,4,SUSTAINED,78.644174,256.807290,1.116185,0.877880,0.306471,52.442981
156,9,4,SUSTAINED,89.828465,300.319443,1.468096,1.019123,0.263116,63.609913
156,10,3,SURGE,50.216233,211.938496,1.471162,0.759299,0.194948,53.098515
156,11,3,SURGE,74.817942,183.337074,1.179348,0.731669,0.298399,43.285058
156,12,3,SURGE,52.073404,245.074784,1.429088,0.883347,0.219961,36.740324
156,13,4,SUSTAINED,68.668478,302.422117,1.486676,0.945762,0.342169,63.043595
156,14,4,SUSTAINED,75.701954,298.936849,1.303731,0.926513,0.279876,51.620120
156,15,4,SUSTAINED,77.831274,332.060268,0.939179,1.035089,0.284857,55.317861
156,16,4,SUSTAINED,88.932808,339.996595,0.843819,1.008740,0.246508,58.792403
157,0,1,RECON,5.498383,22.657341,5.190205,0.270897,0.049422,1.111055
157,1,1,RECON,8.854146,21.778912,3.364320,0.463144,0.057780,2.664340
157,2,2,ESCALATION,17.098792,20.034292,3.464176,0.161850,0.140640,8.298700
157,3,3,SURGE,61.584009,241.750077,1.506459,0.928093,0.270238,55.029138
157,4,4,SUSTAINED,69.465177,283.080607,1.379401,1.012987,0.271113,68.439266
157,5,4,SUSTAINED,83.364539,262.377795,1.534643,0.927711,0.270165,53.096842
157,6,4,SUSTAINED,83.725942,273.327443,1.040886,1.020478,0.290545,58.362475
157,7,4,SUSTAINED,52.649699,337.931728,0.944295,0.931971,0.361573,63.681548
157,8,4,SUSTAINED,85.827512,329.338852,1.629032,1.027871,0.304308,50.575990
157,9,1,RECON,5.254400,17.734663,3.390222,0.343679,0.018644,2.068310
157,10,1,RECON,5.230481,22.256074,4.774885,0.522268,0.039646,2.223467
157,11,1,RECON,5.336373,11.675729,3.253219,0.300647,0.018482,1.732636
157,12,1,RECON,4.404045,23.661635,3.337332,0.386980,0.038574,1.642598
157,13,1,RECON,4.451703,13.537661,3.903778,0.122337,0.057624,0.000000
157,14,3,SURGE,66.152620,264.057392,2.372831,0.993577,0.218630,57.380979
157,15,3,SURGE,40.972964,274.098558,1.740623,0.712418,0.182232,44.410280
157,16,4,SUSTAINED,74.190809,358.992673,1.844458,0.957338,0.293980,60.414731
157,17,2,ESCALATION,3.847374,8.577057,2.755841,0.632282,0.100640,10.429882
157,18,3,SURGE,73.860407,207.450582,1.610350,0.896320,0.237080,27.423760
157,19,3,SURGE,56.162398,182.358067,1.283353,0.765961,0.245723,44.131400
157,20,1,RECON,7.075202,16.157943,2.973877,0.437370,0.053969,2.690627
157,21,0,NORMAL,1.053890,6.434259,4.017143,0.191761,0.020633,0.311843
157,22,2,ESCALATION,11.866866,54.934558,2.543330,0.540361,0.062182,6.876017
157,23,0,NORMAL,2.662238,8.489643,3.940100,0.058712,0.017915,0.687509
157,24,0,NORMAL,0.554216,8.953388,3.093375,0.145465,0.038605,0.000000
157,25,0,NORMAL,2.263771,7.988467,3.969825,0.103953,0.014703,0.193901
157,26,0,NORMAL,1.257250,6.304706,3.691876,0.092164,0.013491,0.197205
157,27,0,NORMAL,1.435967,5.755623,3.836556,0.168402,0.008239,0.835776
157,28,0,NORMAL,2.179869,12.579993,3.414866,0.120095,0.021237,0.514806
157,29,0,NORMAL,2.046422,9.398353,3.165090,0.068071,0.013256,0.390561
157,30,0,NORMAL,1.537795,9.957383,3.632723,0.077929,0.033092,0.720833
157,31,0,NORMAL,1.918861,8.281180,2.735231,0.058752,0.024625,0.025122
157,32,0,NORMAL,1.607456,16.710964,3.836869,0.154867,0.011949,0.608617
157,33,0,NORMAL,1.669385,9.516098,2.791211,0.119657,0.024761,0.319249
157,34,0,NORMAL,1.284758,6.959153,3.341613,0.125480,0.014656,0.980638
157,35,0,NORMAL,2.236201,6.966098,3.233359,0.115838,0.024917,0.439699
157,36,0,NORMAL,2.352743,8.207124,3.213939,0.105652,0.013947,0.274502
157,37,0,NORMAL,1.425331,5.801004,4.022857,0.080390,0.038434,0.687992
157,38,0,NORMAL,3.159760,5.850142,4.486674,0.111310,0.025426,0.509286
157,39,0,NORMAL,1.770890,5.222575,3.669838,0.151240,0.008094,0.962142
157,40,0,NORMAL,1.563092,6.635667,4.432081,0.146936,0.031401,0.424681
157,41,0,NORMAL,2.349379,7.476049,3.554629,0.155503,0.035996,0.424551
157,42,0,NORMAL,3.643593,12.968474,3.700194,0.189632,0.023276,0.227282
158,0,2,ESCALATION,12.668772,41.317166,2.735856,0.628696,0.078120,5.853820
158,1,2,ESCALATION,19.604627,48.949732,2.967945,0.732954,0.213731,9.921162
158,2,2,ESCALATION,9.077365,55.527733,2.837197,0.633837,0.084326,8.602151
158,3,3,SURGE,78.985426,262.550872,2.006429,0.972712,0.228434,45.812310
158,4,3,SURGE,57.937811,271.134753,1.715193,0.922701,0.267786,39.249377
158,5,3,SURGE,47.356129,224.689534,1.131782,0.889241,0.188628,34.250819
158,6,3,SURGE,69.238606,244.973095,1.206145,0.930670,0.178729,40.451285
158,7,4,SUSTAINED,79.463621,339.470617,1.451076,0.962066,0.290012,51.794021
158,8,4,SUSTAINED,69.638742,329.848040,1.654107,0.895948,0.302727,45.553159
158,9,2,ESCALATION,16.299147,42.219544,1.650284,0.757830,0.098034,4.686783
158,10,1,RECON,4.838266,20.109128,3.928116,0.331426,0.068873,0.945453
158,11,0,NORMAL,2.839262,6.345845,3.459164,0.076480,0.015920,0.352119
158,12,0,NORMAL,2.459197,11.186910,3.411755,0.147473,0.015089,0.334965
158,13,0,NORMAL,2.427375,7.661724,3.838294,0.035651,0.016960,0.789445
158,14,0,NORMAL,2.836026,11.062217,3.313730,0.014740,0.017412,0.690799
158,15,0,NORMAL,1.473729,5.095953,3.065745,0.072817,0.001029,0.341856
158,16,0,NORMAL,1.902116,7.009188,3.155370,0.071360,0.014449,0.711644
158,17,0,NORMAL,5.166841,7.002989,3.718937,0.084498,0.016657,0.968711
158,18,0,NORMAL,0.245310,4.932422,3.431879,0.074144,0.004917,0.534741
158,19,2,ESCALATION,15.633764,60.949650,3.323642,0.478353,0.160433,8.994878
158,20,3,SURGE,52.637363,260.865392,1.498817,1.057677,0.317908,42.061104
158,21,3,SURGE,58.200637,167.232685,1.738079,0.954404,0.169066,39.337767
158,22,2,ESCALATION,22.328685,60.879748,1.889640,0.341833,0.086160,12.196436
158,23,2,ESCALATION,20.293000,40.653011,3.119571,0.358996,0.092247,4.605165
158,24,3,SURGE,77.016425,257.723981,1.222059,0.745285,0.168684,39.316538
159,0,0,NORMAL,1.764884,11.497899,3.307292,0.151324,0.010474,0.049000
159,1,3,SURGE,48.712572,150.374756,1.665461,0.873568,0.257089,44.220395
159,2,2,ESCALATION,17.849652,31.921927,2.453908,0.216181,0.126183,2.932811
159,3,3,SURGE,48.724188,194.849600,1.436292,0.981190,0.244772,47.726163
159,4,4,SUSTAINED,72.436166,279.984166,1.653175,1.011372,0.332963,60.732935
159,5,4,SUSTAINED,82.680853,301.491446,1.709655,0.926767,0.309612,44.750377
159,6,4,SUSTAINED,94.521298,318.503408,1.136190,0.953916,0.245675,52.431280
159,7,4,SUSTAINED,77.637556,320.409616,1.335990,1.029456,0.311789,40.129105
159,8,4,SUSTAINED,73.274453,304.863098,1.230548,0.962045,0.301922,55.394058
159,9,4,SUSTAINED,100.695862,319.543089,1.215564,1.042093,0.257123,60.210338
159,10,4,SUSTAINED,83.218663,312.733578,0.499055,0.878417,0.363458,53.487008
159,11,4,SUSTAINED,90.481004,293.391756,1.107446,1.032421,0.384121,53.280391
159,12,4,SUSTAINED,88.240149,336.076419,1.230344,0.916379,0.257825,47.174402
159,13,4,SUSTAINED,80.087558,265.656732,1.500728,0.926056,0.273961,67.408060
159,14,3,SURGE,62.350474,176.363197,1.199798,0.753615,0.252979,33.008792
159,15,3,SURGE,59.529931,187.494986,1.152582,1.043071,0.286784,34.549260
159,16,2,ESCALATION,5.560054,67.060301,3.345504,0.656986,0.095188,10.418036
159,17,3,SURGE,59.302046,185.674075,1.109487,0.942615,0.277961,36.747722
159,18,4,SUSTAINED,78.261640,323.737232,0.787702,0.894737,0.256570,54.108809
159,19,1,RECON,2.862249,22.545029,5.370120,0.341380,0.072456,1.267862
159,20,0,NORMAL,2.514624,7.884792,3.053390,0.171252,0.022988,0.710652
159,21,0,NORMAL,3.679908,7.532213,4.009528,0.070859,0.021686,0.667351
159,22,3,SURGE,55.602729,208.102506,1.736742,0.758516,0.141283,32.033301
159,23,3,SURGE,77.164069,163.080581,1.013310,1.053475,0.221729,37.025674
159,24,3,SURGE,72.947008,237.362621,0.815412,0.774154,0.306025,42.543122
159,25,3,SURGE,56.554411,244.439417,2.111044,0.899403,0.215654,37.796056
159,26,2,ESCALATION,21.617667,52.913821,2.482306,0.662415,0.164918,3.639479
159,27,4,SUSTAINED,89.247672,302.210169,1.053424,0.959259,0.314828,48.238976
159,28,4,SUSTAINED,82.938668,285.274642,0.966154,0.923106,0.261163,60.103723
159,29,4,SUSTAINED,81.512346,288.774031,0.988145,1.018566,0.294769,50.983603
159,30,4,SUSTAINED,82.712518,324.797636,1.581226,0.941617,0.290891,55.785726
159,31,4,SUSTAINED,73.823547,343.872359,1.206667,0.976737,0.316978,57.423598
159,32,1,RECON,4.987199,29.403721,5.469735,0.315701,0.042663,0.225776
159,33,1,RECON,4.843162,16.413418,4.001854,0.362243,0.029993,2.218121
159,34,1,RECON,3.235393,26.370524,4.798248,0.221360,0.060345,0.888430
159,35,1,RECON,7.655140,19.757574,4.416958,0.398697,0.062226,1.787159
159,36,1,RECON,1.622089,14.662627,4.122439,0.354773,0.043500,0.572751
159,37,2,ESCALATION,14.659536,42.833367,2.254014,0.338409,0.105351,11.906784
160,0,0,NORMAL,2.443442,12.056118,3.421063,0.101299,0.016255,0.677752
160,1,0,NORMAL,2.351280,7.311674,2.750138,0.097579,0.018080,0.570799
160,2,0,NORMAL,3.572408,5.910770,2.712368,0.042873,0.013664,0.824602
160,3,0,NORMAL,0.836198,9.241719,3.924653,0.022538,0.002279,0.264039
160,4,0,NORMAL,2.143227,5.750078,3.869715,0.106215,0.018924,0.015695
160,5,1,RECON,8.913855,16.318534,3.434565,0.261775,0.052382,2.706675
160,6,1,RECON,3.646808,24.357884,4.851751,0.255487,0.047436,2.480535
160,7,1,RECON,1.962664,18.352250,4.175100,0.242937,0.038484,2.843501
160,8,1,RECON,9.213269,15.151036,4.309708,0.330970,0.067922,3.086730
160,9,1,RECON,2.810449,14.445609,4.314182,0.412276,0.021072,1.063998
160,10,1,RECON,2.412746,12.374886,5.109230,0.277868,0.044044,3.094635
160,11,1,RECON,2.472031,26.146063,4.386658,0.367970,0.043778,1.914721
160,12,2,ESCALATION,16.590600,62.470594,2.917589,0.659136,0.126496,4.854673
160,13,2,ESCALATION,12.758027,61.301512,3.076952,0.519107,0.140544,2.402959
160,14,2,ESCALATION,12.408565,53.776016,3.131686,0.499804,0.047402,9.220315
160,15,2,ESCALATION,7.656431,45.568972,3.024415,0.747981,0.056437,10.370361
160,16,2,ESCALATION,8.646958,31.826131,3.163008,0.519484,0.087412,9.373496
160,17,2,ESCALATION,15.552595,45.447107,2.183472,0.753696,0.156017,12.770476
160,18,3,SURGE,53.180723,183.422202,1.929643,0.899981,0.222840,42.910893
160,19,3,SURGE,46.446095,205.169398,1.293571,0.898630,0.115757,32.863373
160,20,0,NORMAL,0.483609,3.552834,3.519385,0.135079,0.011083,0.421362
160,21,1,RECON,1.875372,23.919430,4.053634,0.282776,0.057460,0.752004
160,22,1,RECON,7.101222,18.702658,4.569767,0.267392,0.067266,1.341648
160,23,1,RECON,5.054527,17.806578,5.055301,0.518820,0.047803,2.376286
160,24,1,RECON,7.063843,15.412577,6.716102,0.132926,0.092949,2.792978
160,25,1,RECON,9.638897,13.357948,3.948535,0.170341,0.047071,1.957842
160,26,2,ESCALATION,27.191569,42.305590,1.148422,0.597275,0.077988,13.455360
160,27,3,SURGE,52.409092,159.481255,1.749155,0.872476,0.323385,38.315284
160,28,3,SURGE,46.198658,130.455213,1.831675,0.853557,0.236822,31.902448
161,0,2,ESCALATION,14.905764,34.096983,3.274326,0.676237,0.095647,11.009600
161,1,3,SURGE,65.772089,206.470008,1.183376,1.105306,0.261639,35.273438
161,2,3,SURGE,51.303056,153.724864,1.320232,0.861829,0.209791,50.008906
161,3,3,SURGE,50.677710,152.571190,0.987207,1.002745,0.262908,45.522620
161,4,2,ESCALATION,13.333501,72.083596,2.423866,0.335641,0.114945,8.433644
161,5,2,ESCALATION,20.076607,51.593164,2.987831,0.703940,0.110667,9.482777
161,6,2,ESCALATION,33.595757,26.137365,2.476402,0.414565,0.184321,6.198202
161,7,2,ESCALATION,12.186171,34.398544,3.142213,0.392155,0.108304,9.880078
161,8,3,SURGE,47.378250,193.887392,1.455412,0.900093,0.378440,38.613339
161,9,4,SUSTAINED,78.412553,296.448684,1.127688,0.914068,0.247148,67.956946
161,10,4,SUSTAINED,78.462078,363.828779,0.939403,0.980120,0.250038,59.504551
161,11,4,SUSTAINED,83.763704,358.597073,1.228035,0.840371,0.301431,57.882712
161,12,1,RECON,7.947183,25.622853,4.095248,0.234056,0.027630,1.568040
161,13,1,RECON,2.302704,13.365699,4.649839,0.235351,0.057400,1.348552
161,14,2,ESCALATION,11.140615,21.470354,3.373574,0.395616,0.090055,5.926574
161,15,2,ESCALATION,16.665845,58.131402,2.470274,0.492541,0.116681,12.635612
161,16,3,SURGE,49.966503,210.715756,1.434001,0.700127,0.157742,39.468083
161,17,3,SURGE,57.052503,235.367271,1.125942,0.761380,0.208715,35.121792
161,18,0,NORMAL,1.202360,1.574821,2.215347,0.106158,0.008710,0.000000
161,19,0,NORMAL,3.545181,7.716624,3.634220,0.113846,0.000000,0.766596
161,20,0,NORMAL,3.836799,6.687141,2.932440,0.167928,0.024989,0.762399
161,21,0,NORMAL,2.271562,4.839800,3.497380,0.082606,0.043436,0.664589
161,22,0,NORMAL,1.998445,9.104513,3.263020,0.044862,0.026605,0.211584
161,23,0,NORMAL,0.954123,6.398296,3.978075,0.124459,0.020314,0.491029
161,24,0,NORMAL,1.208458,3.449908,3.784586,0.176505,0.026042,0.576252
161,25,0,NORMAL,2.877174,9.444183,3.880073,0.151695,0.035860,0.165583
161,26,0,NORMAL,2.148154,5.232445,2.952148,0.161005,0.009909,0.496680
161,27,1,RECON,5.126078,23.914088,5.170475,0.404499,0.048433,2.889204
161,28,2,ESCALATION,12.805268,55.725523,3.331404,0.300842,0.057583,7.569162
161,29,2,ESCALATION,8.819853,43.691194,3.395193,0.645973,0.112843,8.540843
161,30,2,ESCALATION,12.303245,53.616112,2.446607,0.306887,0.147395,7.084384
161,31,2,ESCALATION,13.769355,68.699557,2.201658,0.674587,0.135768,2.616087
161,32,0,NORMAL,3.020829,12.911983,3.857748,0.080172,0.010317,0.669996
161,33,0,NORMAL,1.616439,7.327529,3.940879,0.190322,0.030269,0.502865
161,34,0,NORMAL,2.667611,12.996329,4.001769,0.110387,0.015110,0.603552
161,35,0,NORMAL,2.232309,7.689702,3.156378,0.229471,0.011091,0.204993
161,36,0,NORMAL,1.798072,11.069888,4.028556,0.039285,0.012444,0.237376
161,37,0,NORMAL,2.428340,6.885523,3.608200,0.043687,0.012574,0.109994
161,38,0,NORMAL,2.141694,5.046898,3.710605,0.152856,0.009695,0.402104
161,39,1,RECON,4.987263,11.139812,3.847369,0.252602,0.046592,1.897732
161,40,1,RECON,4.582991,9.409588,4.272905,0.474775,0.046658,1.649530
161,41,1,RECON,6.168290,16.453124,2.987512,0.232822,0.048706,2.428500
161,42,2,ESCALATION,13.518930,50.673885,2.333546,0.486238,0.118688,4.440510
161,43,2,ESCALATION,9.548464,33.945637,2.402322,0.704813,0.031393,6.608156
162,0,4,SUSTAINED,76.623800,316.180792,1.171635,0.944951,0.310931,45.487214
162,1,4,SUSTAINED,83.606067,274.207034,1.337222,0.863577,0.303743,63.053074
162,2,0,NORMAL,1.021823,3.724587,3.695262,0.146401,0.019439,0.360893
162,3,1,RECON,5.248059,14.553666,3.694586,0.461642,0.013968,0.665794
162,4,1,RECON,4.229378,15.405997,4.418121,0.325591,0.030527,1.526641
162,5,2,ESCALATION,15.835378,57.248805,2.450102,0.552057,0.138014,8.140578
162,6,2,ESCALATION,13.822283,40.739189,2.237212,0.455279,0.118032,5.332536
162,7,1,RECON,4.617127,26.889029,4.778222,0.370656,0.068401,1.563445
162,8,0,NORMAL,2.159172,7.866004,2.892635,0.079919,0.002341,0.425545
162,9,1,RECON,4.203297,11.070222,4.762883,0.359253,0.083796,3.329174
162,10,0,NORMAL,3.023403,8.783917,3.286323,0.086094,0.026389,1.726377
162,11,0,NORMAL,2.246407,9.451375,3.737434,0.095486,0.027565,0.453361
162,12,0,NORMAL,2.481662,9.846011,3.427097,0.115493,0.029609,0.484457
162,13,0,NORMAL,1.290684,7.238644,4.267446,0.090082,0.023595,0.402656
162,14,0,NORMAL,1.120698,8.300822,3.241457,0.163683,0.018925,0.486641
162,15,0,NORMAL,2.371064,12.472729,2.980112,0.113890,0.004312,0.866962
162,16,0,NORMAL,0.505087,4.172681,3.906945,0.016768,0.022783,0.371436
162,17,0,NORMAL,1.326154,5.141450,3.256282,0.128599,0.017074,0.626370
162,18,0,NORMAL,2.611245,9.244827,3.229640,0.052316,0.029557,0.255983
162,19,0,NORMAL,2.031093,6.610812,3.714734,0.168394,0.026255,0.538787
162,20,0,NORMAL,0.325733,4.663383,3.267775,0.170966,0.029428,0.000000
162,21,1,RECON,2.352347,17.797747,4.921466,0.397565,0.055360,1.659984
162,22,2,ESCALATION,18.416400,85.209552,2.088940,0.738327,0.109762,10.460760
162,23,2,ESCALATION,22.020968,54.945222,2.410743,0.567517,0.145071,8.000642
162,24,2,ESCALATION,14.425331,51.470755,2.773043,0.425678,0.152921,0.881097
162,25,2,ESCALATION,15.539909,81.422799,2.791339,0.566844,0.105001,8.283285
162,26,2,ESCALATION,9.441732,39.991928,3.252503,0.538526,0.088671,7.788327
162,27,1,RECON,5.970179,14.435186,4.390221,0.295020,0.059408,1.743138
162,28,1,RECON,6.344742,20.743096,5.332239,0.168377,0.048592,1.815680
162,29,1,RECON,1.917960,12.668577,4.416417,0.250025,0.033472,3.144317
162,30,2,ESCALATION,14.717850,27.467330,3.037843,0.187194,0.045993,9.240947
162,31,2,ESCALATION,13.519831,27.745587,2.833756,0.668486,0.075486,7.941751
163,0,3,SURGE,51.686294,231.437205,0.934599,0.866815,0.270491,47.278387
163,1,3,SURGE,59.273665,177.244442,1.870127,0.813278,0.207390,50.819993
163,2,1,RECON,5.791213,20.992746,4.124116,0.156231,0.055023,1.985413
163,3,1,RECON,2.821896,17.767314,3.113760,0.285659,0.044719,1.904680
163,4,1,RECON,6.243909,14.442515,4.895833,0.278063,0.085066,1.531663
163,5,1,RECON,6.667284,20.128105,5.161329,0.330964,0.096800,1.848890
163,6,1,RECON,3.949085,20.458883,4.742418,0.383256,0.065527,0.000000
163,7,2,ESCALATION,12.124462,44.331721,2.629954,0.646621,0.108103,6.477430
163,8,4,SUSTAINED,92.264461,280.580460,1.160788,1.056943,0.275196,53.345925
163,9,4,SUSTAINED,67.152428,248.346033,1.055516,0.927650,0.305369,49.132034
163,10,4,SUSTAINED,62.746265,297.891258,1.308053,0.966422,0.293489,51.037968
163,11,3,SURGE,72.339592,176.021303,1.891244,1.013724,0.163205,38.974792
163,12,3,SURGE,44.981661,231.681234,1.689329,0.926346,0.195725,41.683714
163,13,4,SUSTAINED,80.618096,280.153475,1.515237,0.931843,0.309250,56.400208
163,14,0,NORMAL,2.105332,8.911341,3.051803,0.120147,0.028639,0.619204
163,15,0,NORMAL,2.174402,6.908716,3.440630,0.040616,0.033801,1.080646
163,16,0,NORMAL,2.786171,12.373605,3.021186,0.000000,0.035168,0.496903
163,17,0,NORMAL,2.047339,6.892762,4.979729,0.073465,0.023273,0.887674
163,18,0,NORMAL,3.095988,6.722973,3.423951,0.000000,0.019255,0.509842
163,19,0,NORMAL,3.795487,10.133929,4.035323,0.099127,0.032843,0.503340
163,20,1,RECON,6.608999,19.963629,2.967417,0.409335,0.057563,2.562060
163,21,2,ESCALATION,17.429651,69.509810,2.515646,0.570146,0.068903,9.730040
163,22,2,ESCALATION,11.845156,51.404959,2.458774,0.443300,0.114192,8.805197
163,23,2,ESCALATION,6.474289,55.557332,2.618000,0.437854,0.054914,7.863826
163,24,2,ESCALATION,21.367614,23.758532,2.221646,0.345255,0.110346,11.519384
163,25,3,SURGE,49.053529,182.830759,1.176329,0.950773,0.227521,28.697616
163,26,3,SURGE,72.632585,192.853102,1.548160,0.749370,0.147038,25.207331
163,27,3,SURGE,56.920580,221.849304,1.420939,0.998776,0.293613,37.420321
163,28,3,SURGE,40.838386,257.342762,1.122990,0.750357,0.256493,28.099669
163,29,3,SURGE,56.636892,236.947158,1.834679,1.010332,0.260313,33.133280
163,30,3,SURGE,54.693034,279.770994,1.400325,0.916102,0.325930,42.036905
163,31,4,SUSTAINED,85.841261,287.145726,1.286738,0.975608,0.280228,56.118229
163,32,4,SUSTAINED,74.987722,339.506777,1.022851,1.040103,0.265781,52.636866
164,0,0,NORMAL,0.918150,8.247228,3.500624,0.057209,0.026968,0.266992
164,1,0,NORMAL,0.379132,13.136886,3.244758,0.075525,0.009693,0.910377
164,2,2,ESCALATION,8.979331,45.172578,2.787060,0.598795,0.072976,12.633001
164,3,2,ESCALATION,9.957095,33.443371,2.335665,0.324719,0.130036,4.997475
164,4,3,SURGE,49.704507,153.021557,1.942615,1.060278,0.313450,28.229313
164,5,4,SUSTAINED,95.827033,292.370018,0.787561,1.004112,0.302695,58.416982
164,6,4,SUSTAINED,77.389801,328.464102,1.007891,1.011750,0.247330,54.324518
164,7,4,SUSTAINED,70.793128,308.144315,1.375530,0.954570,0.289998,49.742090
164,8,4,SUSTAINED,79.178745,256.911153,1.529954,0.904497,0.243587,51.425909
164,9,2,ESCALATION,13.708795,31.363233,3.068783,0.707158,0.104235,3.667143
164,10,3,SURGE,62.212801,121.321853,1.006887,0.735250,0.255771,57.297434
164,11,2,ESCALATION,19.081649,41.541854,2.007896,0.734619,0.186394,9.235588
164,12,3,SURGE,60.622706,194.070143,1.636031,0.967612,0.333167,35.818134
164,13,3,SURGE,59.115478,240.962480,2.460032,1.005856,0.289912,47.262995
164,14,4,SUSTAINED,99.315578,249.438443,1.379878,0.820940,0.338054,58.306228
164,15,2,ESCALATION,1.649847,49.784078,2.933705,0.490534,0.075143,5.309634
165,0,1,RECON,6.618601,17.606486,2.820267,0.317670,0.058284,3.294390
165,1,1,RECON,3.202618,25.129132,3.091174,0.302817,0.065081,3.166956
165,2,1,RECON,7.549448,17.316927,4.663738,0.322440,0.035811,1.907500
165,3,1,RECON,6.292323,28.296838,3.334001,0.261844,0.058305,2.593886
165,4,1,RECON,6.601002,21.964790,3.089662,0.375344,0.071465,2.236924
165,5,2,ESCALATION,13.615819,56.569104,2.280577,0.637746,0.129184,8.403460
165,6,1,RECON,5.385773,17.979702,3.171610,0.256989,0.051450,3.134882
165,7,1,RECON,7.944636,10.975225,3.915058,0.507386,0.035141,1.389658
165,8,2,ESCALATION,25.090559,39.927137,3.134491,0.558805,0.022860,7.952968
165,9,2,ESCALATION,18.389860,76.086054,2.593271,0.448311,0.200713,5.865375
165,10,2,ESCALATION,21.887860,49.240497,2.969992,0.834726,0.043881,7.413613
165,11,2,ESCALATION,16.675917,41.704945,2.096237,0.609842,0.100413,4.245105
165,12,2,ESCALATION,16.039041,24.938393,2.936491,0.700934,0.126682,6.130025
165,13,3,SURGE,47.484238,205.451354,1.369260,0.796065,0.281186,24.180209
165,14,3,SURGE,49.344188,179.807698,2.019735,0.975426,0.255266,40.465313
165,15,2,ESCALATION,21.859125,22.764673,3.262935,0.423771,0.120120,9.523328
165,16,1,RECON,8.167295,11.144823,5.004356,0.293615,0.040783,3.627010
165,17,2,ESCALATION,12.913977,64.359685,2.772365,0.435067,0.075757,8.913690
165,18,2,ESCALATION,15.777144,63.305238,2.866307,0.796475,0.100528,12.047116
165,19,4,SUSTAINED,92.202410,359.163122,0.671599,0.963258,0.295525,55.668598
165,20,3,SURGE,54.565434,156.016488,1.538953,0.993402,0.225315,37.371940
165,21,2,ESCALATION,10.028247,46.457844,3.005930,0.688602,0.052316,7.908846
165,22,2,ESCALATION,9.105810,69.005247,2.536628,0.606701,0.091277,9.376246
165,23,2,ESCALATION,14.392929,64.947501,2.964782,0.382097,0.094177,7.375687
165,24,2,ESCALATION,17.295191,59.869569,3.287434,0.714468,0.138157,6.190920
165,25,2,ESCALATION,19.193790,55.845620,2.789304,0.368792,0.078771,9.748428
165,26,1,RECON,0.320061,21.466887,3.773216,0.346854,0.081533,1.189547
165,27,1,RECON,4.447205,14.575999,4.179713,0.353803,0.056534,2.037001
165,28,1,RECON,6.341399,17.093003,4.708199,0.145439,0.071275,2.017752
165,29,1,RECON,4.166723,23.187702,3.585873,0.341060,0.067576,2.019550
165,30,0,NORMAL,1.936097,3.771823,3.255672,0.044639,0.019531,0.119206
165,31,0,NORMAL,3.132870,11.586995,2.877279,0.066695,0.028528,0.711213
165,32,0,NORMAL,1.513530,8.246794,2.583354,0.126267,0.030831,0.383266
165,33,1,RECON,7.825227,19.097146,4.767168,0.167887,0.023650,2.331297
166,0,0,NORMAL,0.412777,5.895318,3.371488,0.124440,0.000000,0.896120
166,1,0,NORMAL,3.294387,10.096092,3.926150,0.201015,0.012184,0.540633
166,2,1,RECON,4.795581,21.600473,5.101869,0.261774,0.025904,2.058645
166,3,1,RECON,3.844239,21.358664,4.588504,0.383420,0.043256,2.807179
166,4,2,ESCALATION,13.579223,33.517961,1.546039,0.265411,0.108618,5.277440
166,5,3,SURGE,55.806247,211.191201,1.666028,0.897113,0.246957,35.692724
166,6,3,SURGE,58.231854,196.946707,1.915138,0.979190,0.240757,37.383548
166,7,4,SUSTAINED,63.829868,332.906891,0.994558,0.992731,0.301664,63.350002
166,8,4,SUSTAINED,87.296985,282.237667,0.814377,0.957376,0.223313,52.192282
166,9,4,SUSTAINED,73.282726,317.870786,1.358990,0.941902,0.312800,51.755865
166,10,3,SURGE,63.008375,176.387116,1.850147,1.024019,0.211289,28.651518
166,11,3,SURGE,72.410942,173.201758,1.478293,0.737087,0.229088,38.336501
166,12,4,SUSTAINED,84.894258,312.046304,1.737652,1.004706,0.308878,49.177074
166,13,4,SUSTAINED,68.570676,304.600344,1.299409,0.994646,0.310693,61.323933
166,14,4,SUSTAINED,71.775232,284.458100,1.196688,0.914696,0.290267,56.807551
166,15,4,SUSTAINED,80.002475,271.720834,1.351933,0.971663,0.269500,47.240636
166,16,4,SUSTAINED,93.985403,307.041288,1.091495,1.002314,0.318814,53.735757
166,17,4,SUSTAINED,73.522935,279.275849,1.309090,0.955712,0.325491,62.159986
166,18,4,SUSTAINED,80.311614,357.032412,1.021034,0.914263,0.210361,55.610490
166,19,3,SURGE,65.785542,158.517950,1.496515,0.922155,0.252605,31.241564
166,20,3,SURGE,51.854353,125.123700,1.772523,0.914004,0.279595,35.724363
166,21,4,SUSTAINED,88.177025,352.619667,1.444157,0.969239,0.244805,54.360849
166,22,3,SURGE,51.811241,278.202333,1.090787,0.665741,0.290658,34.615463
166,23,3,SURGE,48.298700,182.963451,1.978353,0.767798,0.241537,42.330435
166,24,3,SURGE,62.419702,200.625908,1.713817,1.084220,0.383761,43.706633
166,25,3,SURGE,64.409188,190.710310,0.865047,0.895341,0.304106,28.282023
166,26,3,SURGE,54.180482,214.893754,2.450800,0.819068,0.254561,40.046229
166,27,3,SURGE,59.522973,181.410510,2.597191,0.974968,0.227193,49.468655
166,28,2,ESCALATION,15.289737,47.269767,2.649980,0.317004,0.033054,9.112219
166,29,1,RECON,6.754863,13.550489,3.321645,0.377618,0.044093,2.684587
166,30,0,NORMAL,3.877523,10.267224,3.704874,0.139996,0.017271,0.007126
166,31,0,NORMAL,3.941589,1.128673,3.734572,0.023241,0.019767,0.523838
166,32,0,NORMAL,2.210163,12.120556,4.083200,0.090166,0.030944,0.406166
166,33,0,NORMAL,0.795617,11.935892,3.349987,0.000000,0.025421,0.369795
166,34,1,RECON,4.531967,16.317238,6.382214,0.466271,0.063983,2.193060
166,35,2,ESCALATION,16.218300,62.237996,3.134933,0.519252,0.137612,6.739476
166,36,2,ESCALATION,10.102813,37.040417,1.282510,0.568485,0.129261,11.256259
166,37,3,SURGE,64.399089,199.971565,1.795033,0.834858,0.233185,27.572001
166,38,2,ESCALATION,15.015491,52.611887,1.788470,0.423282,0.106413,12.224130
166,39,3,SURGE,64.900640,177.537396,1.321689,0.812243,0.197783,36.201656
166,40,4,SUSTAINED,73.960241,272.677883,1.262738,0.950261,0.297270,56.523926
166,41,4,SUSTAINED,72.808782,329.587517,1.156221,0.979822,0.348962,60.074458
166,42,4,SUSTAINED,79.068010,331.224944,1.356824,0.959197,0.234418,51.300886
166,43,4,SUSTAINED,68.592808,323.809071,1.164718,0.851017,0.277336,53.282044
166,44,3,SURGE,74.196212,223.138414,0.953817,0.751049,0.236659,41.009682
166,45,4,SUSTAINED,93.839147,353.526676,1.067295,0.996728,0.317025,48.455281
166,46,3,SURGE,61.441082,140.193240,1.159416,0.831517,0.260938,50.244970
166,47,0,NORMAL,1.461117,1.794599,3.729187,0.101428,0.014503,0.849828
166,48,0,NORMAL,1.315119,7.264917,3.218908,0.127538,0.024639,0.815291
166,49,0,NORMAL,1.884626,6.980546,3.727639,0.090485,0.020472,0.652905
167,0,2,ESCALATION,10.588581,54.628928,2.325447,0.702456,0.055733,9.317593
167,1,0,NORMAL,3.082346,10.651223,3.498975,0.177736,0.018126,0.764508
167,2,0,NORMAL,2.404974,5.202619,3.509736,0.097429,0.028786,0.298775
167,3,0,NORMAL,0.617913,8.698848,3.643895,0.126905,0.014846,0.572531
167,4,0,NORMAL,3.873140,6.094677,3.425990,0.066833,0.011997,0.079674
167,5,0,NORMAL,1.327182,5.608550,3.018415,0.115219,0.020217,0.507877
167,6,1,RECON,5.870466,14.688256,4.256145,0.286027,0.016230,3.623027
167,7,0,NORMAL,2.180206,9.014108,4.526165,0.156843,0.023488,0.287507
167,8,0,NORMAL,0.196744,6.895153,3.830919,0.131681,0.026161,0.345391
167,9,0,NORMAL,2.824184,1.319139,3.652211,0.204053,0.017085,0.000000
167,10,0,NORMAL,0.185461,6.096920,2.887967,0.146543,0.027785,0.602896
167,11,0,NORMAL,1.434620,8.220652,4.597206,0.129264,0.025828,0.269737
167,12,0,NORMAL,0.997043,13.042738,2.720895,0.145707,0.025811,0.018991
167,13,1,RECON,4.482602,11.395563,4.491586,0.217752,0.045901,1.595400
168,0,0,NORMAL,2.324876,8.781986,3.317886,0.102565,0.012639,0.274009
168,1,0,NORMAL,2.884542,6.315643,2.751918,0.014946,0.013658,0.532311
168,2,1,RECON,5.296639,19.671110,3.369311,0.450775,0.046052,2.235874
168,3,2,ESCALATION,16.557446,81.154590,2.206399,0.332661,0.065419,7.000537
168,4,3,SURGE,49.593393,198.013507,2.124456,0.885018,0.245178,42.743543
168,5,3,SURGE,73.732280,209.601656,1.498937,0.800847,0.286998,33.243869
168,6,4,SUSTAINED,81.545074,346.245751,1.417937,0.948123,0.260736,64.132680
168,7,4,SUSTAINED,77.678350,316.655008,1.065585,0.912350,0.273716,51.041424
168,8,4,SUSTAINED,70.088619,329.160894,1.400652,0.908860,0.335536,56.855877
168,9,4,SUSTAINED,70.193355,310.243413,1.759614,0.950729,0.339946,53.729693
168,10,4,SUSTAINED,78.798307,227.840164,0.983479,0.956613,0.343305,54.079002
168,11,4,SUSTAINED,75.301851,346.827795,1.650207,0.916188,0.239344,44.156812
168,12,4,SUSTAINED,81.081767,276.546164,1.281553,0.888484,0.331797,52.706141
168,13,4,SUSTAINED,77.063882,287.955739,1.309518,1.008300,0.344565,55.957789
168,14,4,SUSTAINED,75.450851,246.959403,1.194236,0.907449,0.348734,53.795675
168,15,4,SUSTAINED,76.139897,279.735526,1.381437,0.963882,0.312888,54.437324
168,16,4,SUSTAINED,85.158183,234.695396,1.122764,1.000737,0.259219,44.845625
168,17,4,SUSTAINED,84.165887,286.185560,1.587884,1.042181,0.222997,52.696034
168,18,4,SUSTAINED,85.288073,279.604326,1.057258,1.007405,0.246864,45.522631
168,19,3,SURGE,72.705275,241.528758,1.382445,0.772475,0.291705,62.037405
168,20,3,SURGE,47.970961,249.667710,1.047005,0.863333,0.118065,37.573813
168,21,2,ESCALATION,21.294164,35.357845,3.267886,0.484259,0.105015,9.566663
168,22,3,SURGE,53.521956,167.518950,1.703592,0.709826,0.333908,41.054574
168,23,3,SURGE,62.660848,176.228089,1.428781,0.786828,0.268754,39.372353
168,24,4,SUSTAINED,91.865119,275.873748,1.161335,0.867429,0.322001,54.895092
168,25,4,SUSTAINED,78.741111,282.654305,1.948808,0.951911,0.311861,48.163476
168,26,4,SUSTAINED,79.012276,313.374404,1.470700,0.944805,0.272920,41.033579
168,27,4,SUSTAINED,74.540745,265.708402,1.635926,0.999138,0.226806,55.922263
168,28,4,SUSTAINED,82.934352,276.010592,1.038301,0.998152,0.332774,64.056881
168,29,4,SUSTAINED,68.354705,327.638811,1.478126,0.981414,0.270250,48.575186
168,30,4,SUSTAINED,72.910776,290.760802,2.071953,1.056447,0.331708,51.026398
168,31,4,SUSTAINED,85.726325,344.909715,1.046509,0.927160,0.303508,46.666203
168,32,3,SURGE,48.239935,221.842326,1.608798,1.013695,0.163140,27.864698
169,0,0,NORMAL,1.200569,11.038254,3.223526,0.078204,0.017499,0.443174
169,1,0,NORMAL,0.789996,7.435652,4.081186,0.206638,0.006434,0.599302
169,2,0,NORMAL,1.901206,5.631255,3.877902,0.135225,0.045229,0.103676
169,3,0,NORMAL,4.054731,7.844324,3.271601,0.109412,0.006051,0.612758
169,4,0,NORMAL,3.073779,10.571039,3.970166,0.109542,0.036043,0.672876
169,5,0,NORMAL,1.190776,5.910406,3.794415,0.033419,0.021551,0.250138
169,6,2,ESCALATION,9.541677,49.643127,3.258265,0.398610,0.016961,17.463002
169,7,2,ESCALATION,19.661396,74.418179,2.855422,0.479750,0.154232,12.047128
169,8,2,ESCALATION,19.412489,31.418417,2.645518,0.755572,0.132174,3.613937
169,9,0,NORMAL,3.540957,9.365651,3.590945,0.110598,0.019164,0.342727
169,10,0,NORMAL,3.010325,8.712636,3.853527,0.127334,0.034087,0.636393
169,11,0,NORMAL,2.167283,5.157668,3.387192,0.129496,0.026777,0.935308
169,12,0,NORMAL,2.225998,7.612535,4.312156,0.118822,0.023956,0.489302
169,13,0,NORMAL,0.551330,4.216394,3.589422,0.102707,0.021844,0.782417
169,14,0,NORMAL,1.651689,7.370071,3.621953,0.081000,0.030644,0.496618
169,15,1,RECON,3.366866,23.324380,5.351173,0.163685,0.058018,1.913671
169,16,1,RECON,5.904187,6.825221,4.807589,0.411240,0.074496,1.244302
169,17,1,RECON,3.922168,8.423771,3.703570,0.191589,0.056691,0.694842
169,18,2,ESCALATION,12.402679,61.552403,4.466665,0.545463,0.058716,5.962701
169,19,1,RECON,2.307991,23.483597,4.418728,0.287493,0.016302,2.736310
169,20,2,ESCALATION,15.768461,47.642596,1.849720,0.465397,0.051589,6.043942
169,21,2,ESCALATION,18.512300,49.726297,2.269634,0.402888,0.073409,1.588807
169,22,3,SURGE,43.339248,203.047828,0.916226,0.779375,0.283431,40.196555
169,23,3,SURGE,54.412023,210.477942,1.252284,0.865685,0.262204,40.357626
169,24,4,SUSTAINED,80.178418,291.379666,1.717236,0.944846,0.305399,56.558718
169,25,4,SUSTAINED,74.240617,313.793031,1.340384,1.054129,0.329697,59.555676
169,26,4,SUSTAINED,74.477421,262.260785,0.898922,0.984399,0.356865,59.404017
169,27,4,SUSTAINED,93.413396,286.690367,0.855554,0.962650,0.351674,49.937199
169,28,4,SUSTAINED,80.301636,323.143107,0.310630,0.998868,0.245328,59.348979
169,29,4,SUSTAINED,68.201185,318.561553,1.564731,0.949543,0.395814,48.864425
169,30,4,SUSTAINED,77.582269,289.505770,1.285045,0.912857,0.322700,58.261654
169,31,4,SUSTAINED,76.076451,310.109128,1.381753,0.949639,0.291533,42.617438
169,32,4,SUSTAINED,84.763988,298.265521,0.965317,0.866039,0.318122,55.198782
169,33,4,SUSTAINED,68.404824,285.890742,0.803608,1.001266,0.349561,66.535501
169,34,4,SUSTAINED,86.314154,313.082513,1.371932,0.952454,0.324753,67.839958
169,35,4,SUSTAINED,80.192054,305.942241,1.155272,0.962321,0.292680,61.863897
169,36,4,SUSTAINED,97.327480,299.293800,1.286591,0.962349,0.307984,61.779961
169,37,3,SURGE,64.607087,279.830771,2.045178,1.024857,0.292103,35.233749
169,38,4,SUSTAINED,74.063763,265.846357,1.483983,1.023418,0.317377,59.828712
169,39,3,SURGE,65.687594,115.318008,1.625871,0.857446,0.247992,41.806118
169,40,3,SURGE,49.243901,170.161986,0.920666,0.784479,0.199105,28.519332
169,41,3,SURGE,50.995034,125.473008,1.339499,0.788678,0.322954,41.063315
169,42,3,SURGE,65.686968,203.399028,1.404556,1.057462,0.201224,48.281169
169,43,4,SUSTAINED,79.853148,277.505214,0.994178,0.928198,0.223969,57.079895
170,0,0,NORMAL,3.457064,6.006443,3.107615,0.155671,0.024033,0.459223
170,1,0,NORMAL,2.274110,12.285501,3.491623,0.121324,0.030981,0.000000
170,2,2,ESCALATION,12.474471,57.499212,3.798476,0.454115,0.081779,7.835771
170,3,2,ESCALATION,25.995619,49.362251,3.787354,0.450019,0.101360,10.832792
170,4,2,ESCALATION,14.487249,63.602035,2.672180,0.427539,0.144609,12.203346
170,5,2,ESCALATION,11.625043,41.310260,2.517052,0.607778,0.052128,4.578991
170,6,3,SURGE,50.617775,235.374412,1.826789,0.851832,0.240307,19.682135
170,7,3,SURGE,72.439535,179.527202,1.062996,1.037623,0.194276,52.368482
170,8,3,SURGE,58.906227,249.751129,0.832426,0.728706,0.210164,46.579359
170,9,3,SURGE,58.135982,148.366571,1.449060,0.835639,0.203875,31.941107
170,10,2,ESCALATION,11.398364,49.902239,1.738592,0.575471,0.109629,7.305892
170,11,1,RECON,6.868337,10.755950,4.253357,0.169486,0.051752,1.792917
170,12,1,RECON,2.095675,17.875442,4.878730,0.381851,0.071734,1.682898
170,13,1,RECON,6.013277,16.143954,4.293762,0.286781,0.077898,2.648173
170,14,1,RECON,4.189114,22.788076,5.271975,0.331554,0.063171,3.042505
170,15,1,RECON,5.166941,20.433642,3.856801,0.469904,0.041240,2.049029
170,16,1,RECON,1.276449,19.079792,3.671547,0.300017,0.025882,1.703297
170,17,1,RECON,5.476640,22.478223,2.340928,0.287413,0.046506,1.948577
170,18,2,ESCALATION,10.849410,26.795050,2.930264,0.350862,0.116110,5.188395
170,19,2,ESCALATION,14.727721,50.224369,2.652193,0.438997,0.090681,11.544951
171,0,0,NORMAL,3.056661,10.459320,4.171765,0.097038,0.006817,0.167647
171,1,1,RECON,6.521393,16.726607,3.934655,0.339694,0.050554,1.647530
171,2,2,ESCALATION,19.734766,65.717198,2.165388,0.439609,0.126679,4.587014
171,3,0,NORMAL,1.673508,4.349728,4.388671,0.082928,0.025243,0.163649
171,4,0,NORMAL,3.947386,3.493463,3.417720,0.166394,0.015316,0.622790
171,5,1,RECON,3.423395,19.525219,3.728431,0.263946,0.019689,2.523253
171,6,1,RECON,8.081387,14.586541,4.840562,0.370220,0.030298,1.539394
171,7,1,RECON,4.220694,11.511659,4.627095,0.231125,0.047717,2.805083
171,8,0,NORMAL,1.378694,11.122797,3.832770,0.064708,0.014860,0.800151
171,9,0,NORMAL,0.497435,4.983222,3.847690,0.041281,0.028049,1.080736
171,10,0,NORMAL,1.077012,8.529517,4.017307,0.104946,0.024838,0.260176
171,11,0,NORMAL,2.906057,5.863813,2.206898,0.084683,0.023142,0.817553
171,12,0,NORMAL,1.523023,8.254100,3.829309,0.106031,0.023541,0.443942
171,13,0,NORMAL,1.270077,13.940257,2.304386,0.128544,0.023195,0.611385
171,14,0,NORMAL,0.321854,9.817325,4.170500,0.111011,0.028053,0.362557
171,15,0,NORMAL,3.225660,7.059358,4.092859,0.018271,0.013870,0.663775
171,16,0,NORMAL,2.014274,4.898247,4.440039,0.093693,0.026648,0.399673
171,17,0,NORMAL,1.437883,14.772931,4.095616,0.188406,0.012115,0.000000
171,18,0,NORMAL,4.516472,7.034381,4.025894,0.048758,0.011710,0.476062
171,19,2,ESCALATION,20.501164,19.202191,3.200038,0.327690,0.072738,9.531171
171,20,3,SURGE,73.492656,213.262665,1.638247,1.034621,0.171223,54.618841
171,21,3,SURGE,62.606136,180.149879,1.037596,0.946159,0.261827,39.156856
171,22,4,SUSTAINED,92.207576,365.784093,1.575871,0.963870,0.234509,58.762934
171,23,0,NORMAL,2.771333,4.577057,3.925032,0.178079,0.010174,0.705397
171,24,2,ESCALATION,14.478652,35.769632,2.589573,0.448556,0.116491,10.671075
171,25,3,SURGE,53.480340,214.394741,1.060734,0.888931,0.252137,32.619705
171,26,1,RECON,4.688491,18.771846,5.179607,0.257232,0.067004,3.154303
171,27,1,RECON,4.623730,13.136689,3.632055,0.141332,0.063720,2.598469
171,28,0,NORMAL,0.623864,6.904147,4.190130,0.130483,0.027830,1.492418
171,29,0,NORMAL,0.000000,4.696700,3.652778,0.100937,0.018280,0.453670
171,30,0,NORMAL,2.373814,12.183082,4.366169,0.185199,0.010440,0.493947
171,31,0,NORMAL,2.591973,7.751911,3.387186,0.172729,0.020984,0.537255
171,32,1,RECON,6.352388,21.409779,5.441710,0.171438,0.056489,1.918096
171,33,1,RECON,6.515561,24.482715,3.726593,0.468694,0.021367,2.472209
171,34,3,SURGE,53.582280,202.403180,1.340471,0.613672,0.280573,46.238085
171,35,0,NORMAL,1.760361,6.881330,2.644267,0.009136,0.028036,0.819410
171,36,2,ESCALATION,16.896268,61.740793,3.229666,0.382227,0.108898,7.111782
171,37,2,ESCALATION,20.701023,73.619921,1.392195,0.461739,0.087703,11.484415
171,38,2,ESCALATION,0.052110,62.314027,3.377760,0.232399,0.095024,12.590544
171,39,3,SURGE,61.010516,220.318491,0.928947,0.843616,0.165458,38.683746
171,40,3,SURGE,62.076857,225.393009,2.055452,1.133228,0.260385,37.467439
171,41,1,RECON,3.070267,20.240773,3.804101,0.351805,0.031339,1.627139
171,42,1,RECON,4.750189,8.398393,4.187846,0.219823,0.073629,2.776889
171,43,1,RECON,6.602998,19.946498,3.012766,0.387832,0.024402,2.916302
171,44,2,ESCALATION,7.409764,81.811219,1.872203,0.379096,0.075603,6.632995
172,0,2,ESCALATION,16.859586,24.905001,3.129914,0.535071,0.075015,14.221176
172,1,4,SUSTAINED,87.533814,329.297189,1.073984,0.981669,0.312641,51.657847
172,2,4,SUSTAINED,80.193853,317.607880,1.204873,0.940884,0.301094,53.278125
172,3,4,SUSTAINED,82.161927,285.406120,0.657592,0.940140,0.276927,51.316234
172,4,4,SUSTAINED,80.637885,249.526643,1.385650,0.870898,0.327733,52.149549
172,5,4,SUSTAINED,79.800747,295.556195,1.262857,0.954094,0.374789,56.343690
172,6,4,SUSTAINED,72.521184,278.714368,1.314269,0.898820,0.346005,46.093909
172,7,3,SURGE,43.708672,216.785750,1.330451,0.968593,0.201220,44.251804
172,8,3,SURGE,62.117978,201.234940,1.554880,0.808931,0.196237,44.350981
172,9,3,SURGE,64.533920,262.039538,1.317137,0.839991,0.233786,40.311769
172,10,1,RECON,4.943226,28.392735,4.536680,0.378082,0.049263,2.809465
172,11,1,RECON,3.711553,22.526724,4.154169,0.324526,0.069638,2.111187
172,12,1,RECON,3.929207,23.308404,3.926619,0.294890,0.055738,2.226228
172,13,0,NORMAL,1.930181,12.129154,3.375622,0.118538,0.018162,1.127942
172,14,1,RECON,4.479603,18.573705,3.986581,0.331449,0.074582,2.117844
172,15,1,RECON,4.541700,15.474632,4.277224,0.300760,0.073465,1.232738
172,16,1,RECON,4.706370,18.742673,3.348131,0.356194,0.030790,2.298712
172,17,1,RECON,4.348758,7.673629,5.928500,0.194581,0.055455,1.416155
172,18,2,ESCALATION,13.102568,38.720378,3.157094,0.309206,0.083469,10.070735
172,19,3,SURGE,50.375884,175.537646,1.640855,0.700258,0.317881,32.004023
172,20,3,SURGE,62.608444,202.049466,1.114554,1.072146,0.121243,31.023939
172,21,3,SURGE,50.502954,248.782142,0.836663,1.055746,0.236093,29.112459
172,22,3,SURGE,57.848694,171.921196,1.594598,0.854943,0.297790,38.860070
172,23,3,SURGE,69.732543,209.126781,1.809853,1.014866,0.235310,40.305983
172,24,2,ESCALATION,2.746720,48.473490,2.665080,0.556108,0.067956,11.286342
172,25,3,SURGE,55.409827,173.423601,1.991953,0.691442,0.339344,51.786964
172,26,3,SURGE,70.269238,205.203593,2.161165,0.995065,0.359657,27.502826
172,27,0,NORMAL,0.275897,6.443859,4.624826,0.123410,0.029845,0.654182
172,28,0,NORMAL,1.477652,5.874073,3.225421,0.000000,0.019180,0.571955
172,29,1,RECON,4.738636,20.625243,4.907842,0.180219,0.034104,2.602368
172,30,0,NORMAL,3.344399,11.908776,4.707437,0.085362,0.035786,0.223996
172,31,0,NORMAL,2.454697,9.626060,3.994963,0.032232,0.009252,0.534702
172,32,0,NORMAL,4.082554,5.152400,4.270096,0.086721,0.017205,0.450847
172,33,0,NORMAL,2.486538,6.815171,2.794771,0.086610,0.024566,0.079302
172,34,1,RECON,7.361039,25.399654,4.470131,0.119535,0.062952,2.773737
173,0,0,NORMAL,2.483599,13.361781,3.372075,0.144563,0.023163,0.559828
173,1,0,NORMAL,1.168578,8.691219,3.513593,0.024654,0.032326,0.748705
173,2,0,NORMAL,1.738621,8.000666,3.853686,0.102645,0.013325,0.344876
173,3,0,NORMAL,1.067407,8.999971,3.103492,0.052283,0.051931,1.081955
173,4,0,NORMAL,2.851016,11.062844,3.462278,0.114138,0.017378,0.876701
173,5,0,NORMAL,3.561919,8.797996,4.583902,0.096182,0.040469,0.361010
173,6,0,NORMAL,4.027808,9.981131,3.759561,0.081976,0.011549,0.274924
173,7,0,NORMAL,1.849799,2.178260,4.346880,0.079014,0.032384,0.288306
173,8,0,NORMAL,2.972311,10.503038,3.366020,0.125465,0.026759,0.455621
173,9,0,NORMAL,1.375433,6.862313,3.513029,0.179619,0.029075,0.255181
173,10,0,NORMAL,1.921170,10.016857,3.030507,0.077388,0.030379,0.236338
173,11,0,NORMAL,2.470911,4.931190,2.611234,0.145369,0.048634,0.637660
173,12,0,NORMAL,1.115928,12.409024,3.311617,0.158186,0.026073,0.689509
173,13,0,NORMAL,2.561435,8.850171,3.984632,0.063698,0.017612,0.940427
173,14,0,NORMAL,1.674060,11.104608,3.918716,0.035009,0.027299,0.541201
173,15,0,NORMAL,2.010705,9.392903,2.584500,0.055253,0.027401,1.286431
173,16,0,NORMAL,1.307195,8.406231,3.053288,0.162491,0.020481,0.815962
173,17,0,NORMAL,3.141961,3.129214,3.512239,0.126979,0.017316,0.607853
173,18,0,NORMAL,3.048833,9.864579,3.696464,0.143973,0.006469,0.274277
173,19,0,NORMAL,2.548602,9.241442,4.192648,0.117583,0.013683,0.540200
174,0,1,RECON,5.657041,16.603508,4.094179,0.206842,0.036623,2.554093
174,1,1,RECON,6.011375,13.943890,2.855198,0.422634,0.076584,1.568426
174,2,3,SURGE,57.491254,167.597388,1.246461,0.945006,0.353695,37.162322
174,3,4,SUSTAINED,82.823135,249.832943,1.192669,0.942497,0.358582,64.030920
174,4,3,SURGE,72.142592,194.145597,1.947742,0.910034,0.304884,49.595283
174,5,3,SURGE,52.584121,183.178243,1.800902,0.989346,0.257920,37.501671
174,6,3,SURGE,57.215243,189.083541,2.284013,0.852451,0.275389,41.223394
174,7,4,SUSTAINED,69.911854,297.566477,0.614192,1.041520,0.285535,52.340851
174,8,3,SURGE,58.592806,226.041727,1.270966,0.904543,0.298424,33.105494
174,9,3,SURGE,35.834885,250.620191,1.277433,0.891434,0.245102,32.201146
174,10,2,ESCALATION,17.606723,58.525032,2.268836,0.581160,0.122316,6.865343
174,11,2,ESCALATION,14.812283,55.476228,2.764681,0.411126,0.118679,11.795974
174,12,2,ESCALATION,13.509962,91.147139,2.974521,0.309979,0.080897,5.729238
174,13,2,ESCALATION,16.538636,40.452692,3.913787,0.512770,0.081771,4.336635
174,14,3,SURGE,47.539762,192.377278,1.146015,0.978398,0.220778,46.721608
174,15,4,SUSTAINED,85.164060,326.902472,1.797997,0.907550,0.333840,57.388714
174,16,4,SUSTAINED,80.886380,335.280339,0.812519,0.899785,0.277232,54.551502
174,17,0,NORMAL,1.259973,5.027383,3.172355,0.014535,0.017119,0.482478
174,18,0,NORMAL,2.166872,13.380194,3.906187,0.136866,0.023647,0.660718
174,19,0,NORMAL,1.734132,8.298865,4.460779,0.096497,0.006681,0.709042
174,20,1,RECON,6.284105,18.772617,2.697324,0.428661,0.054598,1.751793
174,21,1,RECON,0.950723,18.559306,3.767365,0.449215,0.054858,1.308276
174,22,1,RECON,0.081936,20.539509,3.189367,0.253756,0.045186,2.728090
174,23,3,SURGE,42.204471,217.852169,2.380982,0.842707,0.218250,41.887570
174,24,3,SURGE,66.575980,185.651916,1.178985,1.031613,0.211271,24.670520
174,25,3,SURGE,54.238602,259.700221,1.024655,1.052192,0.315341,41.801849
175,0,0,NORMAL,1.366464,13.192105,3.215416,0.061353,0.021883,0.077142
175,1,0,NORMAL,1.201443,16.063249,3.041188,0.196497,0.008598,0.578833
175,2,0,NORMAL,2.141765,8.241202,3.930728,0.120868,0.018271,0.297670
175,3,0,NORMAL,1.821912,7.406705,3.538100,0.029534,0.009724,0.749532
175,4,0,NORMAL,3.197032,6.323238,4.334736,0.161311,0.016726,0.432885
175,5,0,NORMAL,3.273234,10.918221,4.072096,0.045624,0.022053,0.268887
175,6,1,RECON,5.327775,15.930787,4.067000,0.249996,0.024910,3.357434
175,7,1,RECON,2.115613,18.909855,5.417112,0.395873,0.039626,1.604234
175,8,3,SURGE,52.577462,173.564556,0.912691,0.855602,0.267199,36.688024
175,9,4,SUSTAINED,92.975466,355.069960,1.179622,0.994009,0.293334,52.072756
175,10,3,SURGE,60.866124,243.375291,0.990232,0.871291,0.233233,41.975031
175,11,3,SURGE,65.372356,275.879289,1.151802,0.807455,0.262368,51.621788
175,12,4,SUSTAINED,82.650979,293.959842,1.456286,0.981410,0.301941,57.925136
175,13,4,SUSTAINED,86.401794,341.595706,1.230048,0.929602,0.294194,59.738240
175,14,0,NORMAL,0.800357,10.856314,3.008582,0.121225,0.001336,0.532445
175,15,0,NORMAL,2.995180,2.098798,3.666407,0.044932,0.020848,0.376480
176,0,0,NORMAL,2.982413,10.507447,4.597251,0.074406,0.014559,0.540462
176,1,1,RECON,3.834874,18.272124,4.762887,0.088786,0.038556,0.877766
176,2,2,ESCALATION,17.163150,66.754127,2.539753,0.515941,0.032715,5.418602
176,3,3,SURGE,46.409856,249.480483,1.709407,0.809542,0.175892,34.245622
176,4,4,SUSTAINED,70.264018,257.795691,1.130880,0.986613,0.271557,57.669301
176,5,4,SUSTAINED,84.898534,276.405672,1.284297,0.956007,0.354493,58.352459
176,6,4,SUSTAINED,68.240894,284.242550,0.959881,0.908890,0.300620,56.444926
176,7,4,SUSTAINED,90.091551,314.506478,0.831645,0.960127,0.323375,62.573134
176,8,4,SUSTAINED,78.844260,332.366897,1.253575,0.870080,0.227485,66.044662
176,9,4,SUSTAINED,78.662305,326.493509,0.670618,0.895922,0.250130,65.806758
176,10,4,SUSTAINED,74.126626,317.384948,1.292419,0.935960,0.234929,68.844784
176,11,4,SUSTAINED,81.696841,280.572069,1.502418,0.992297,0.260847,50.259239
176,12,3,SURGE,61.948012,228.435091,1.323334,0.875520,0.345392,47.489901
176,13,4,SUSTAINED,62.063643,316.415761,1.275412,0.887401,0.258244,53.689385
176,14,2,ESCALATION,11.006499,43.076104,3.144112,0.393979,0.082111,11.073006
176,15,2,ESCALATION,16.136432,55.841056,3.050097,0.424797,0.057405,12.558544
176,16,3,SURGE,48.829704,200.808049,1.204351,1.005080,0.236741,49.443788
176,17,3,SURGE,56.117895,244.560670,1.239665,0.867986,0.276458,41.812999
176,18,2,ESCALATION,7.318249,49.720347,2.363729,0.504447,0.083161,5.847297
176,19,3,SURGE,59.265756,227.800384,1.669276,1.109442,0.257072,34.616552
176,20,3,SURGE,65.683233,240.137026,2.036588,0.798300,0.314034,39.631835
176,21,3,SURGE,57.962221,248.430207,1.682910,0.778796,0.189773,30.141637
176,22,4,SUSTAINED,80.619597,266.214565,1.071502,1.020102,0.364712,64.302840
176,23,4,SUSTAINED,93.389778,302.750920,1.223391,1.001445,0.328138,43.787932
176,24,4,SUSTAINED,77.071452,260.092006,1.499147,1.021946,0.299578,56.791557
176,25,0,NORMAL,2.099153,11.353046,2.617251,0.124305,0.020119,0.285958
176,26,0,NORMAL,3.832370,4.017498,3.415721,0.181474,0.007299,0.363150
176,27,0,NORMAL,2.412660,7.759063,3.052318,0.122370,0.018994,0.688327
176,28,1,RECON,2.027521,23.165649,3.996297,0.382521,0.059877,3.483266
176,29,1,RECON,4.193369,15.435169,3.370325,0.380810,0.027972,2.639463
176,30,1,RECON,1.473549,25.441358,1.499345,0.291824,0.054679,0.155162
177,0,2,ESCALATION,13.757406,70.145159,2.885632,0.447416,0.093182,13.328310
177,1,3,SURGE,51.162372,180.467311,1.023971,0.854829,0.330395,38.669330
177,2,4,SUSTAINED,83.447419,288.222659,1.368423,0.937880,0.357811,49.536124
177,3,4,SUSTAINED,87.500803,239.893327,1.148420,0.990031,0.212224,55.387858
177,4,4,SUSTAINED,65.241245,268.021766,1.144982,0.914706,0.344283,55.494318
177,5,4,SUSTAINED,69.520769,306.723273,1.817670,0.914854,0.276578,48.635712
177,6,4,SUSTAINED,87.416045,286.611869,1.020287,0.902807,0.288428,61.119274
177,7,4,SUSTAINED,90.301178,278.395167,0.506185,1.080267,0.308583,59.671157
177,8,4,SUSTAINED,69.099655,304.642452,0.602493,0.936647,0.340892,57.690824
177,9,4,SUSTAINED,93.949915,311.260257,0.628672,0.942546,0.377013,53.143379
177,10,4,SUSTAINED,88.189153,287.745725,0.875851,0.966995,0.350820,45.528169
177,11,3,SURGE,39.586118,186.416360,0.838107,0.956224,0.215550,49.264290
177,12,1,RECON,3.736856,9.924172,4.512840,0.349210,0.068795,2.524161
177,13,2,ESCALATION,17.979256,60.452468,3.344594,0.270864,0.081527,3.130828
177,14,2,ESCALATION,23.149798,63.445120,2.435768,0.575812,0.113958,8.699389
177,15,2,ESCALATION,21.575678,32.328645,2.579954,0.643871,0.085063,8.237905
177,16,1,RECON,5.131827,18.575276,4.371135,0.307470,0.032090,0.759966
177,17,2,ESCALATION,20.218894,55.062102,2.997474,0.362722,0.002457,7.253935
177,18,3,SURGE,61.843997,252.169567,1.253545,0.844130,0.199709,40.354016
177,19,3,SURGE,49.808694,236.502981,2.580948,1.018986,0.244470,39.019660
177,20,4,SUSTAINED,75.726617,328.744699,1.500512,0.891524,0.314653,61.666752
177,21,4,SUSTAINED,78.307729,320.879480,1.417325,0.971453,0.310169,57.331526
178,0,0,NORMAL,2.595561,8.324591,3.727760,0.058556,0.021026,0.523592
178,1,0,NORMAL,2.851755,5.780119,3.752276,0.062655,0.000000,1.017785
178,2,0,NORMAL,3.039463,6.015971,3.096326,0.072670,0.022526,0.552844
178,3,0,NORMAL,1.503631,8.121281,3.078414,0.173465,0.006860,0.253409
178,4,0,NORMAL,4.388932,10.300494,3.073210,0.141110,0.025158,0.582123
178,5,0,NORMAL,0.000000,8.174215,3.585399,0.022354,0.034431,0.365748
178,6,0,NORMAL,1.495676,6.607837,3.099382,0.138882,0.029742,0.000000
178,7,0,NORMAL,1.556895,7.483564,4.353159,0.059321,0.035624,0.456137
178,8,2,ESCALATION,13.445215,43.578774,2.786418,0.693838,0.106333,8.627757
178,9,2,ESCALATION,10.601384,55.050322,2.423111,0.720690,0.116746,10.078179
178,10,1,RECON,6.413464,17.112296,3.050274,0.309498,0.019634,2.488823
178,11,1,RECON,1.418862,17.850092,4.068087,0.101043,0.068330,2.500568
178,12,0,NORMAL,2.496167,5.363001,3.757168,0.164240,0.015351,0.755724
178,13,0,NORMAL,3.475067,10.401164,2.227815,0.119133,0.000135,0.316674
178,14,0,NORMAL,1.863974,11.769838,3.531867,0.098128,0.030985,0.398721
178,15,0,NORMAL,2.106669,7.797496,4.080109,0.066660,0.011697,0.181496
178,16,0,NORMAL,3.483742,5.297640,3.380702,0.177899,0.018581,0.654321
178,17,0,NORMAL,3.398354,7.635206,2.990853,0.049049,0.036900,0.324147
178,18,1,RECON,4.133861,18.226862,4.321456,0.344436,0.054695,2.517711
178,19,2,ESCALATION,25.360897,42.673398,3.611436,0.410148,0.042889,2.998734
178,20,3,SURGE,71.619590,153.959144,1.149002,0.938613,0.249873,35.314822
178,21,3,SURGE,63.090756,226.117258,1.696700,0.902651,0.197215,42.516437
178,22,3,SURGE,46.867849,187.906338,1.646572,0.892176,0.151973,34.877169
178,23,4,SUSTAINED,84.474351,377.951502,1.240190,0.890102,0.293580,55.063808
178,24,4,SUSTAINED,89.936975,341.730535,1.361169,0.949960,0.359336,52.914987
178,25,4,SUSTAINED,78.052503,236.061250,1.581527,0.983776,0.205200,61.010524
178,26,4,SUSTAINED,87.908368,302.273702,0.792798,0.951318,0.264062,47.662690
179,0,0,NORMAL,3.497569,6.816845,3.018548,0.131940,0.011663,0.406942
179,1,0,NORMAL,1.874054,6.533807,2.798669,0.146845,0.016316,0.685428
179,2,1,RECON,7.182574,16.822158,3.921825,0.189173,0.039147,2.272931
179,3,1,RECON,5.631574,25.336460,3.843830,0.168563,0.041732,0.861872
179,4,2,ESCALATION,15.424257,39.073194,2.464086,0.322683,0.140446,13.511589
179,5,1,RECON,7.086522,16.770746,5.213992,0.116617,0.054508,1.673680
179,6,2,ESCALATION,15.305709,50.333840,2.736408,0.734345,0.093001,10.592850
179,7,4,SUSTAINED,87.110473,269.557487,1.412152,0.966843,0.252422,53.725626
179,8,4,SUSTAINED,76.865548,288.970507,1.335213,0.922956,0.305618,52.306545
179,9,4,SUSTAINED,79.504903,358.559784,1.213802,0.938869,0.341177,46.653493
179,10,4,SUSTAINED,72.092154,335.773429,1.636983,0.923710,0.282811,54.344932
179,11,4,SUSTAINED,72.015535,296.723215,1.105973,0.892434,0.258200,55.769482
179,12,3,SURGE,52.360228,203.169681,1.241219,1.030709,0.244851,48.780280
179,13,4,SUSTAINED,82.582127,317.882363,1.158635,0.923057,0.293845,59.454791
179,14,4,SUSTAINED,85.603918,309.550971,1.121762,0.939097,0.302474,64.951717
179,15,4,SUSTAINED,72.458463,286.941055,0.856627,0.855511,0.253514,55.720458
179,16,4,SUSTAINED,87.966187,265.342176,0.960705,0.903066,0.196736,53.994154
179,17,4,SUSTAINED,77.980877,261.965503,0.946456,0.933558,0.330809,53.903092
179,18,4,SUSTAINED,79.349269,307.103669,0.917949,0.915708,0.249768,58.609932
179,19,0,NORMAL,0.000000,9.443463,3.987071,0.059414,0.024803,0.437082
179,20,0,NORMAL,3.952968,7.388841,3.600708,0.068770,0.017045,0.548499
179,21,0,NORMAL,3.693965,10.514440,3.758414,0.092911,0.012388,0.809027
179,22,0,NORMAL,1.600578,4.746434,2.712049,0.101429,0.017511,0.855687
179,23,0,NORMAL,2.038894,7.756641,2.923956,0.153049,0.019433,0.681584
179,24,0,NORMAL,1.434392,5.516253,4.734353,0.129723,0.017214,0.871969
179,25,0,NORMAL,2.325485,6.295300,3.491515,0.086296,0.012481,0.572859
179,26,0,NORMAL,2.575987,7.086367,2.639950,0.131042,0.026376,1.176066
179,27,0,NORMAL,1.182246,8.549965,3.739295,0.150985,0.029572,0.595636
179,28,0,NORMAL,2.842662,7.776202,2.855416,0.024939,0.017067,0.535991
179,29,0,NORMAL,1.879974,8.139802,3.297834,0.130940,0.022803,0.308499
179,30,0,NORMAL,1.597633,5.469887,3.384420,0.107074,0.014988,0.936350
179,31,0,NORMAL,1.770442,5.107501,3.485103,0.093314,0.019372,0.380592
179,32,0,NORMAL,2.034890,6.947406,3.369032,0.104698,0.019306,0.521666
179,33,0,NORMAL,2.360145,5.846602,2.956029,0.055501,0.013233,0.113660
179,34,1,RECON,6.006922,24.371216,4.646163,0.251690,0.015671,2.153555
179,35,2,ESCALATION,14.566703,38.006306,1.431643,0.722080,0.049768,6.932627
179,36,3,SURGE,55.295493,218.583207,1.203612,0.938191,0.265925,28.977986
179,37,2,ESCALATION,9.730138,32.515388,2.974338,0.438747,0.114918,9.145215
179,38,2,ESCALATION,18.703089,54.275246,2.448017,0.479619,0.130766,7.041167
179,39,2,ESCALATION,22.453465,51.751753,2.663208,0.472299,0.075974,8.375665
179,40,2,ESCALATION,8.252609,59.641686,3.360131,0.585827,0.094802,9.591892
179,41,3,SURGE,59.418058,200.944407,2.353018,0.930724,0.199635,46.983770
179,42,1,RECON,3.689166,12.480239,4.390878,0.293990,0.025115,1.929221
180,0,1,RECON,1.476213,12.439357,3.810444,0.432618,0.097356,2.003874
180,1,1,RECON,0.113269,22.522312,4.559715,0.328314,0.025076,3.583910
180,2,1,RECON,5.588707,22.959974,4.240888,0.382108,0.023855,0.181033
180,3,1,RECON,3.387035,14.782187,4.558490,0.274266,0.049427,1.052312
180,4,0,NORMAL,2.041103,6.373685,3.502283,0.127220,0.036395,0.493864
180,5,0,NORMAL,2.406275,10.068510,4.026543,0.135987,0.011983,0.824917
180,6,0,NORMAL,2.301689,8.398554,4.072048,0.119653,0.006138,1.127497
180,7,0,NORMAL,1.449507,4.588102,3.974635,0.049047,0.028007,0.820725
180,8,0,NORMAL,1.261013,6.589348,3.005560,0.111478,0.023723,0.718248
180,9,0,NORMAL,2.839959,5.036972,3.919696,0.025667,0.035677,0.343545
180,10,0,NORMAL,2.678462,4.191397,3.917567,0.072463,0.016939,0.298933
180,11,0,NORMAL,0.830025,9.290863,3.188169,0.154554,0.043214,0.310896
180,12,1,RECON,4.229595,23.190356,4.001039,0.390552,0.042045,3.794990
180,13,1,RECON,5.753731,17.947293,4.162612,0.328539,0.051169,2.175231
180,14,3,SURGE,77.489810,89.376809,2.238832,1.155980,0.162446,40.382851
180,15,3,SURGE,69.185332,267.048381,1.648777,0.696721,0.315231,45.083806
180,16,3,SURGE,44.660100,151.360413,1.506583,1.033309,0.330579,34.194032
180,17,2,ESCALATION,29.359805,41.708311,3.205209,0.432223,0.118990,5.401001
180,18,3,SURGE,56.292170,178.191308,1.378353,0.952585,0.344519,35.275960
180,19,4,SUSTAINED,80.076074,274.459606,0.709460,1.003213,0.303220,56.070961
180,20,4,SUSTAINED,75.321902,257.523697,1.193859,0.956716,0.305344,50.998324
180,21,4,SUSTAINED,78.454269,310.710372,1.026236,0.903130,0.264211,51.049424
180,22,4,SUSTAINED,71.214549,286.634668,1.570840,0.935275,0.250446,41.449040
180,23,3,SURGE,71.393199,211.384186,1.965081,0.952760,0.246216,30.078493
180,24,3,SURGE,55.629589,184.704394,1.514983,0.905462,0.278735,43.676700
180,25,4,SUSTAINED,80.207093,316.292353,1.001403,1.022333,0.299190,64.590855
180,26,4,SUSTAINED,85.237031,273.288910,1.009659,0.995243,0.290861,70.584471
180,27,4,SUSTAINED,74.433795,315.594020,1.128840,0.991603,0.288153,57.440059
180,28,4,SUSTAINED,80.627431,331.253948,0.659024,0.954876,0.271953,46.908095
180,29,4,SUSTAINED,75.041969,292.939881,1.301199,0.977115,0.283637,64.507740
180,30,4,SUSTAINED,64.428347,289.662259,1.214148,0.786352,0.348293,54.405540
180,31,4,SUSTAINED,72.318964,322.851750,1.465176,0.917562,0.245788,55.785283
180,32,4,SUSTAINED,84.522155,283.106179,1.163370,0.951007,0.338672,62.975822
180,33,4,SUSTAINED,90.419844,354.403835,1.503948,0.920532,0.361340,46.741477
180,34,4,SUSTAINED,72.198117,326.629443,1.633276,0.972964,0.217986,49.312336
181,0,3,SURGE,58.212084,202.973414,0.912439,1.077435,0.231103,46.310070
181,1,3,SURGE,48.449567,205.120614,1.611197,0.874195,0.296368,34.662046
181,2,0,NORMAL,1.629105,14.976629,3.168600,0.137247,0.037966,0.224490
181,3,0,NORMAL,1.013587,1.961240,3.107491,0.071482,0.014891,0.410107
181,4,0,NORMAL,0.803198,9.054861,4.106666,0.166532,0.017398,0.768166
181,5,0,NORMAL,1.656636,9.195574,3.332644,0.036805,0.028333,0.251419
181,6,0,NORMAL,3.058223,9.611376,3.588056,0.026535,0.008367,0.619197
181,7,1,RECON,5.506039,15.631301,3.794716,0.321583,0.024965,2.073351
181,8,1,RECON,2.894743,18.891071,4.666586,0.334180,0.027709,0.503186
181,9,1,RECON,1.201243,22.722129,3.334932,0.523419,0.030760,2.370363
182,0,0,NORMAL,2.860292,11.058546,3.863660,0.151882,0.013839,0.694639
182,1,0,NORMAL,2.986228,8.346723,3.810131,0.114574,0.027604,0.257704
182,2,0,NORMAL,3.213572,3.284257,3.994484,0.167250,0.018841,0.743330
182,3,2,ESCALATION,11.892301,51.229320,1.758840,0.270577,0.106318,6.182955
182,4,2,ESCALATION,12.968488,30.746314,2.669486,0.497944,0.076692,6.495574
182,5,2,ESCALATION,19.098806,48.583069,1.644203,0.320921,0.137273,5.943185
182,6,3,SURGE,79.248910,225.272633,0.640670,1.044491,0.257482,42.954403
182,7,4,SUSTAINED,87.306850,297.607757,0.755529,0.966176,0.244727,65.899529
182,8,4,SUSTAINED,79.586076,279.719228,1.301750,0.972718,0.272852,57.718383
182,9,4,SUSTAINED,89.360970,302.031787,1.171239,0.912423,0.392576,62.096751
182,10,3,SURGE,71.264839,211.996337,1.360267,0.635693,0.189051,57.320204
182,11,1,RECON,5.404637,10.112317,4.707821,0.272196,0.063959,1.110466
182,12,2,ESCALATION,19.425564,78.917188,2.404936,0.350058,0.140915,4.220244
182,13,2,ESCALATION,16.329678,81.285282,2.290728,0.444537,0.104452,6.581849
182,14,1,RECON,6.603914,18.931625,4.493492,0.285830,0.080264,1.596369
182,15,1,RECON,8.327414,7.006903,4.076962,0.292449,0.047709,0.759031
182,16,1,RECON,6.915981,24.926701,3.866152,0.206934,0.014304,2.752456
182,17,1,RECON,0.000000,5.880441,4.309454,0.326618,0.040453,1.973641
182,18,1,RECON,5.052856,13.495453,4.190199,0.232563,0.034846,0.506486
182,19,1,RECON,6.605947,16.372076,3.917213,0.425572,0.070500,3.387666
182,20,1,RECON,5.118974,12.214162,3.783089,0.357300,0.078802,1.160910
182,21,2,ESCALATION,11.035691,47.800186,2.703032,0.557178,0.181293,9.425265
182,22,1,RECON,3.810258,17.045788,3.502648,0.313965,0.001775,1.831045
182,23,1,RECON,2.678698,16.089286,5.095932,0.419205,0.039337,2.418788
182,24,0,NORMAL,1.703841,8.692417,4.263464,0.159640,0.022089,0.226543
182,25,0,NORMAL,1.659712,9.345468,3.438736,0.199612,0.013900,0.774876
182,26,0,NORMAL,2.569105,12.860037,2.497714,0.096731,0.011059,0.633720
182,27,0,NORMAL,1.529523,6.433845,3.601904,0.036340,0.023332,0.254687
182,28,1,RECON,2.364238,15.163658,3.599090,0.270184,0.077527,2.676774
182,29,1,RECON,4.038893,22.426567,3.268834,0.302238,0.037885,1.862649
182,30,1,RECON,3.661497,22.870740,5.959670,0.360401,0.048318,2.925708
182,31,1,RECON,8.042146,14.234666,5.934475,0.228288,0.063234,0.752340
183,0,2,ESCALATION,7.792412,68.082788,2.063467,0.389739,0.065936,11.418989
183,1,2,ESCALATION,21.351475,38.203052,3.609760,0.380752,0.069812,5.903818
183,2,3,SURGE,59.092131,166.452255,1.592565,0.639060,0.261407,31.282562
183,3,3,SURGE,53.547391,237.726890,1.701840,0.883446,0.214238,46.263022
183,4,3,SURGE,59.720053,136.067250,1.218842,0.955922,0.227864,33.130443
183,5,3,SURGE,60.916785,138.646879,1.486137,0.908847,0.227524,31.657111
183,6,3,SURGE,46.672198,206.909245,1.791101,0.915946,0.311559,30.916833
183,7,4,SUSTAINED,76.310129,398.720904,1.352341,0.984751,0.326134,55.472921
183,8,4,SUSTAINED,65.037568,308.309244,1.328465,1.000932,0.253773,48.507471
183,9,3,SURGE,65.223204,221.463392,1.120078,1.091428,0.264319,40.993647
183,10,4,SUSTAINED,87.443949,311.684827,1.766955,0.889305,0.238177,50.559650
183,11,3,SURGE,55.719092,250.841108,1.342577,1.008191,0.208462,49.464424
183,12,3,SURGE,54.352141,219.582469,1.607086,0.951671,0.314222,47.785692
183,13,2,ESCALATION,18.315262,30.960973,2.775448,0.334774,0.099274,11.350427
183,14,2,ESCALATION,2.472049,34.298002,3.148653,0.419133,0.131354,4.378371
183,15,2,ESCALATION,17.159717,61.848514,2.406874,0.616969,0.160262,1.181917
183,16,2,ESCALATION,5.968250,37.097061,2.332855,0.490032,0.115102,10.714950
183,17,2,ESCALATION,18.368138,33.822517,3.433995,0.005627,0.161068,12.041600
183,18,2,ESCALATION,26.144829,22.942723,3.267656,0.520266,0.109763,4.509290
183,19,0,NORMAL,2.347823,5.931215,3.465653,0.034275,0.016046,0.788245
184,0,1,RECON,6.946930,14.782266,4.471637,0.408678,0.022409,0.891744
184,1,2,ESCALATION,6.072299,34.237906,2.484719,0.726846,0.082501,3.450889
184,2,0,NORMAL,1.811036,5.653604,3.205718,0.153354,0.005901,0.000269
184,3,0,NORMAL,1.386030,12.656627,3.422848,0.094981,0.027866,0.000000
184,4,0,NORMAL,1.634382,11.080420,3.176611,0.108841,0.016410,0.623870
184,5,0,NORMAL,2.262310,13.259716,3.357007,0.120137,0.042865,0.616956
184,6,0,NORMAL,1.333737,4.388753,3.960982,0.095309,0.030635,0.683467
184,7,0,NORMAL,0.776693,9.514684,4.183295,0.027645,0.016829,0.606326
184,8,0,NORMAL,3.436587,10.185522,3.703046,0.140880,0.027643,0.512321
184,9,1,RECON,6.980619,14.284606,4.142177,0.184327,0.064634,2.986018
184,10,1,RECON,4.692141,15.599671,5.060261,0.441697,0.040418,0.000000
184,11,1,RECON,5.090190,18.244767,4.970971,0.263598,0.037394,1.715433
184,12,1,RECON,6.757935,26.165769,4.522714,0.285537,0.067724,1.222993
184,13,3,SURGE,62.113769,190.852389,1.112790,0.962694,0.235969,39.245742
184,14,3,SURGE,55.653207,177.260111,1.667425,0.873235,0.117556,36.679903
184,15,2,ESCALATION,9.785775,65.058269,1.786610,0.544227,0.079711,5.899894
184,16,2,ESCALATION,16.597617,56.477075,1.764910,0.672579,0.052549,9.165827
184,17,3,SURGE,55.409378,148.847931,1.288504,0.879903,0.192534,42.515531
184,18,3,SURGE,87.060295,237.147833,1.970568,0.723098,0.152077,37.624075
184,19,3,SURGE,84.743628,172.498571,1.265511,0.954389,0.240142,38.624525
184,20,3,SURGE,87.155180,252.182934,2.247651,0.715587,0.303739,32.401051
184,21,2,ESCALATION,21.786633,59.057222,2.354264,0.427427,0.083884,10.287001
184,22,3,SURGE,74.200323,264.432796,1.161857,0.947520,0.273152,39.239811
184,23,3,SURGE,64.909734,177.017687,1.443153,0.865078,0.213624,39.317425
184,24,3,SURGE,64.738826,256.164735,1.520188,0.994643,0.257766,31.823161
184,25,4,SUSTAINED,60.620566,300.309222,0.969434,1.029085,0.308639,70.332861
185,0,2,ESCALATION,6.448655,66.599681,2.299162,0.437029,0.149124,11.160097
185,1,3,SURGE,55.459916,129.757263,0.677795,0.976370,0.293702,42.857678
185,2,3,SURGE,52.938334,258.725308,0.786392,0.853151,0.258035,39.996701
185,3,3,SURGE,54.807507,221.636298,1.013843,0.885599,0.271595,37.339759
185,4,3,SURGE,62.155142,129.567171,0.833080,0.913393,0.219581,35.615826
185,5,3,SURGE,68.899078,160.446476,0.534704,1.065703,0.310492,49.577356
185,6,4,SUSTAINED,79.380649,261.947442,1.182012,0.932599,0.256878,58.019717
185,7,4,SUSTAINED,93.781602,302.573399,0.435631,0.859394,0.383826,52.845778
185,8,4,SUSTAINED,80.077833,342.489586,0.627927,1.016463,0.350415,55.036955
185,9,4,SUSTAINED,77.035226,249.442475,1.374086,0.962329,0.310694,57.893763
185,10,4,SUSTAINED,91.946133,300.243947,1.362513,0.936394,0.342009,55.623957
185,11,0,NORMAL,3.207357,2.831389,3.359991,0.069368,0.023739,0.594741
185,12,1,RECON,3.571996,17.879844,4.458695,0.282157,0.072151,2.489612
185,13,1,RECON,0.307959,16.908457,4.704077,0.272064,0.056065,1.820339
185,14,1,RECON,7.802017,21.933725,3.163535,0.134198,0.058851,2.934283
185,15,1,RECON,4.580385,29.866092,3.985089,0.552586,0.033528,1.482478
185,16,1,RECON,2.441625,9.543458,4.023006,0.314486,0.035664,1.619025
185,17,2,ESCALATION,19.858718,46.119856,3.057925,0.254536,0.110785,7.812772
185,18,2,ESCALATION,15.164050,48.067373,2.011816,0.751966,0.138033,6.836613
185,19,1,RECON,0.087441,28.023519,4.061071,0.376298,0.031025,1.754103
185,20,2,ESCALATION,16.207307,51.348027,2.246640,0.360097,0.096738,2.737062
185,21,1,RECON,4.691724,19.987498,5.402748,0.252354,0.050722,0.506109
185,22,0,NORMAL,1.090642,7.075295,3.737941,0.125884,0.005463,0.740585
185,23,1,RECON,7.534357,25.308153,5.484905,0.157558,0.058046,0.738080
185,24,1,RECON,7.887542,22.890256,3.860321,0.354425,0.038955,2.011016
185,25,1,RECON,1.003315,13.952472,6.016688,0.291331,0.053205,1.993063
185,26,2,ESCALATION,15.180536,43.894855,1.430230,0.617934,0.164515,4.507466
185,27,3,SURGE,74.999542,169.143876,1.655087,1.332692,0.281613,40.550603
185,28,3,SURGE,67.767469,173.509484,0.805423,0.959391,0.287193,37.619923
185,29,4,SUSTAINED,91.557888,323.235536,1.116414,0.845454,0.293026,43.982852
185,30,4,SUSTAINED,85.177269,335.169218,0.614821,0.937173,0.299300,53.245572
185,31,4,SUSTAINED,90.648296,259.473307,0.615241,0.881278,0.319254,53.396777
185,32,4,SUSTAINED,84.221194,309.978841,0.507804,0.975878,0.347249,54.260909
185,33,4,SUSTAINED,95.150998,278.705434,1.150302,0.966549,0.301938,53.366294
185,34,0,NORMAL,3.568946,10.422973,3.462641,0.056803,0.012690,0.785065
185,35,0,NORMAL,4.403190,7.904646,2.810726,0.109099,0.011993,0.374304
185,36,1,RECON,4.522794,7.386811,3.720107,0.217269,0.039954,1.388641
185,37,2,ESCALATION,19.440026,55.409182,3.579557,0.425221,0.112989,9.092344
185,38,2,ESCALATION,11.347774,61.832484,2.285614,0.414512,0.085654,9.359520
185,39,4,SUSTAINED,72.418769,280.648094,1.214533,0.903188,0.310559,52.853007
185,40,4,SUSTAINED,80.503533,352.564035,1.236344,0.889081,0.291489,55.126841
185,41,2,ESCALATION,22.585494,45.350933,2.413199,0.527231,0.063752,10.899040
185,42,3,SURGE,61.306245,223.662119,1.300132,0.749728,0.233720,35.987880
186,0,1,RECON,2.892409,24.666548,4.609551,0.396497,0.060192,2.866409
186,1,1,RECON,8.031344,11.843041,4.145809,0.197511,0.074834,2.335835
186,2,1,RECON,2.193066,14.987809,2.772840,0.336128,0.041437,2.604469
186,3,2,ESCALATION,4.349073,25.094327,2.849448,0.569858,0.011349,7.749566
186,4,2,ESCALATION,9.448929,40.174803,2.874111,0.394018,0.020554,8.346899
186,5,2,ESCALATION,10.308572,45.382587,2.591287,0.506602,0.090084,8.496228
186,6,2,ESCALATION,19.098470,73.771073,2.790919,0.406758,0.042526,9.939045
186,7,0,NORMAL,4.347547,16.337520,3.393485,0.016750,0.026538,1.129637
186,8,0,NORMAL,3.898052,2.452992,2.772899,0.115448,0.030167,0.480068
186,9,0,NORMAL,3.104413,11.660557,3.188850,0.056827,0.030536,0.636264
186,10,0,NORMAL,1.338816,9.914170,2.952757,0.112362,0.021118,0.535604
186,11,0,NORMAL,0.979796,10.030778,3.510325,0.060422,0.006782,1.066603
186,12,0,NORMAL,2.082044,6.935097,2.928163,0.154433,0.030111,0.745550
186,13,0,NORMAL,2.751258,5.528534,3.608807,0.097284,0.022670,0.000000
186,14,0,NORMAL,3.618531,4.549900,3.788681,0.025651,0.020839,0.000000
186,15,0,NORMAL,1.512241,11.470225,4.334239,0.184549,0.031583,0.524725
186,16,0,NORMAL,2.383437,4.459045,4.072963,0.134503,0.027365,0.000000
187,0,4,SUSTAINED,79.878054,284.977757,0.791277,0.878293,0.306173,53.591478
187,1,4,SUSTAINED,92.231392,262.322546,1.096289,1.034705,0.287516,55.397726
187,2,4,SUSTAINED,85.646276,238.348749,1.138994,0.952722,0.260072,57.061550
187,3,4,SUSTAINED,83.615500,353.378356,1.069992,0.974929,0.319042,53.586303
187,4,4,SUSTAINED,82.305893,263.968664,1.425179,0.925031,0.287090,53.507855
187,5,4,SUSTAINED,88.631887,295.215381,1.134948,0.847643,0.271607,49.319408
187,6,3,SURGE,58.929315,163.646551,1.561081,0.893234,0.122979,48.863364
187,7,3,SURGE,57.620803,214.103900,1.369891,0.739555,0.358186,45.998122
187,8,4,SUSTAINED,77.723644,333.779303,0.788931,0.937726,0.329593,51.239157
187,9,4,SUSTAINED,82.430020,306.288521,0.983980,0.970219,0.377302,56.051718
187,10,4,SUSTAINED,85.628179,265.667560,1.160227,0.941849,0.215004,59.733834
187,11,4,SUSTAINED,85.437065,277.259177,1.812634,0.936072,0.376846,53.963739
187,12,4,SUSTAINED,92.532725,272.472973,1.214987,0.976977,0.316152,55.258137
188,0,1,RECON,6.932757,19.959474,4.720164,0.413356,0.043798,2.885159
188,1,1,RECON,2.198678,16.354013,3.621838,0.337533,0.044284,2.102298
188,2,1,RECON,7.971548,19.463507,5.068520,0.282286,0.018737,1.056542
188,3,1,RECON,6.591188,17.035644,5.148704,0.483165,0.032235,3.699889
188,4,1,RECON,8.697669,17.832379,4.013725,0.299198,0.034001,3.201244
188,5,0,NORMAL,1.435489,3.862247,3.134668,0.064988,0.012326,0.447288
188,6,0,NORMAL,3.594520,7.541598,3.687017,0.143090,0.040249,0.772965
188,7,1,RECON,2.854527,19.690473,5.049837,0.314193,0.051304,2.170788
188,8,1,RECON,5.292937,21.661375,4.163454,0.412351,0.073138,1.596881
188,9,1,RECON,5.085513,7.857337,4.050251,0.196910,0.052680,2.546200
188,10,1,RECON,3.199931,19.169831,6.154964,0.082771,0.054656,1.564972
188,11,1,RECON,4.790620,16.279717,4.681443,0.275821,0.006762,3.023735
188,12,1,RECON,3.786485,18.248860,5.174071,0.403316,0.077147,2.299582
188,13,1,RECON,7.817537,16.283571,4.552497,0.085341,0.018403,2.399987
188,14,1,RECON,4.225431,14.967935,3.915546,0.319187,0.003725,2.372495
188,15,0,NORMAL,2.247429,7.628812,2.808456,0.045090,0.035235,0.307213
188,16,0,NORMAL,0.917635,7.955012,3.279658,0.085625,0.016600,0.933177
188,17,1,RECON,5.475260,15.936508,3.136618,0.160193,0.078987,0.825124
188,18,2,ESCALATION,15.776537,10.976553,2.049643,0.299236,0.073372,8.776049
188,19,3,SURGE,53.364447,181.533610,1.452168,0.819446,0.270890,43.589552
188,20,4,SUSTAINED,85.115389,303.816195,1.277631,1.008980,0.228548,47.467053
188,21,4,SUSTAINED,61.428993,293.650475,1.453820,0.969832,0.303160,53.603657
188,22,3,SURGE,55.145198,209.148935,0.879643,1.046312,0.213118,44.461431
188,23,3,SURGE,48.463606,251.706594,1.932585,0.742934,0.246321,41.658931
188,24,4,SUSTAINED,63.035643,274.990123,0.806034,0.897824,0.247478,54.265637
188,25,3,SURGE,71.139664,207.210811,1.817725,0.731173,0.218589,41.089729
188,26,4,SUSTAINED,74.818432,284.966103,1.082538,0.935107,0.386568,56.879458
188,27,4,SUSTAINED,69.927932,262.939621,1.136038,1.006519,0.292034,54.062132
188,28,4,SUSTAINED,66.066617,313.106837,1.123695,0.972302,0.306185,49.215399
188,29,4,SUSTAINED,69.671590,306.526265,1.181149,1.027030,0.265324,47.038672
188,30,4,SUSTAINED,84.872688,216.068299,1.462660,0.939569,0.254324,52.792927
188,31,4,SUSTAINED,70.199156,241.841872,1.419144,0.922026,0.284341,60.068667
188,32,3,SURGE,44.405827,226.911876,2.093534,0.950309,0.206749,28.217736
188,33,3,SURGE,61.030329,257.050251,1.196257,0.835109,0.301072,36.527904
188,34,3,SURGE,58.518972,246.710805,1.653113,0.970709,0.241147,39.106701
188,35,3,SURGE,67.981397,221.042464,0.793022,0.925768,0.217171,35.632961
188,36,3,SURGE,76.979189,190.717956,2.289152,0.790300,0.311587,43.445536
188,37,3,SURGE,73.831624,174.538686,2.011028,0.879169,0.217895,29.386732
188,38,3,SURGE,71.412609,180.877467,1.718167,0.912660,0.232354,47.718065
188,39,3,SURGE,38.083586,210.393492,1.526706,0.840673,0.205379,27.524815
188,40,1,RECON,3.249536,22.821980,4.613202,0.251547,0.060454,1.914020
188,41,0,NORMAL,1.945190,13.313929,3.822009,0.085076,0.028939,0.757342
188,42,0,NORMAL,1.671430,6.816171,2.962427,0.109025,0.013901,0.368984
189,0,0,NORMAL,2.374201,7.684561,3.490618,0.156898,0.023877,0.558121
189,1,1,RECON,2.142765,19.952382,3.499825,0.339442,0.035296,2.472936
189,2,1,RECON,2.709278,16.546595,5.964711,0.072694,0.053327,1.191548
189,3,2,ESCALATION,19.081546,52.788650,3.350459,0.536686,0.100245,6.203423
189,4,2,ESCALATION,12.679694,50.155169,1.664739,0.654450,0.177875,6.703352
189,5,3,SURGE,58.658971,175.907883,1.347286,0.908569,0.213935,44.849458
189,6,3,SURGE,49.267736,199.203344,1.222426,0.867269,0.247285,29.282346
189,7,3,SURGE,68.126442,174.797818,1.492349,0.963579,0.260436,55.038814
189,8,3,SURGE,71.889794,146.614503,1.027680,1.068447,0.228402,30.660419
189,9,4,SUSTAINED,90.111814,277.094259,1.187488,0.857276,0.281246,60.983197
189,10,4,SUSTAINED,69.824756,276.716599,1.017096,0.988236,0.315191,58.437646
189,11,3,SURGE,53.801385,168.945386,1.672931,1.058900,0.202963,31.856134
189,12,4,SUSTAINED,86.652224,298.735710,1.366619,0.924602,0.324729,53.274188
189,13,4,SUSTAINED,87.383186,298.913242,1.106910,0.964065,0.242233,57.584339
189,14,4,SUSTAINED,78.751159,334.178812,1.392658,0.941181,0.295957,39.636583
189,15,4,SUSTAINED,81.337017,277.075050,0.802070,0.974007,0.352258,50.671616
189,16,4,SUSTAINED,85.798446,270.695458,0.981694,1.040155,0.255319,51.345879
189,17,4,SUSTAINED,75.449046,340.589727,0.893395,0.956913,0.343437,52.195205
189,18,4,SUSTAINED,85.955490,272.940206,1.872106,1.001886,0.285709,53.591063
189,19,4,SUSTAINED,77.161483,285.835245,1.543850,0.879972,0.296867,55.504955
189,20,4,SUSTAINED,67.475208,302.073013,1.406454,0.916047,0.252808,62.536488
189,21,4,SUSTAINED,77.105577,327.625637,1.272522,1.039461,0.326567,46.660807
189,22,1,RECON,3.778189,19.547800,3.957209,0.187271,0.061783,2.800094
189,23,2,ESCALATION,16.047292,35.486650,2.486478,0.427755,0.122343,8.768079
189,24,3,SURGE,56.306177,121.287271,2.142350,0.691455,0.271094,40.301678
189,25,1,RECON,4.983615,14.685085,4.722252,0.168643,0.056556,1.457789
189,26,1,RECON,4.200186,17.173222,4.601723,0.296420,0.068660,2.835917
189,27,1,RECON,6.365180,28.124653,3.069337,0.407614,0.080897,2.346937
189,28,1,RECON,8.547511,16.314830,3.991646,0.353061,0.037518,4.168977
189,29,1,RECON,5.093076,10.948993,4.401535,0.181435,0.065198,0.000000
189,30,0,NORMAL,1.575855,2.924837,3.491805,0.100841,0.019357,0.913918
189,31,0,NORMAL,2.796088,7.253823,3.713499,0.034576,0.022581,0.272537
189,32,0,NORMAL,2.075505,9.988605,3.631161,0.190315,0.004396,0.465861
189,33,0,NORMAL,0.000000,4.924912,4.086018,0.098491,0.017802,0.732050
189,34,0,NORMAL,2.613333,8.968532,3.771351,0.077516,0.030471,0.136360
189,35,0,NORMAL,3.096921,7.537808,3.284573,0.214422,0.034186,0.542490
189,36,2,ESCALATION,4.824575,60.629925,3.559521,0.559366,0.031572,8.480958
189,37,2,ESCALATION,15.808282,79.151415,3.273641,0.586411,0.098186,9.243424
189,38,3,SURGE,65.549358,192.265261,1.171098,0.981500,0.138422,35.643006
189,39,4,SUSTAINED,89.796677,314.151090,0.998374,0.947453,0.311651,64.363206
189,40,4,SUSTAINED,87.423436,301.962579,0.878704,0.879698,0.287949,59.196584
189,41,3,SURGE,65.721747,168.212583,1.243832,1.040801,0.288344,37.548090
189,42,3,SURGE,69.489149,235.058409,1.755679,0.882217,0.195270,39.881312
189,43,4,SUSTAINED,72.727689,301.423603,1.690738,0.934788,0.294901,46.897585
189,44,4,SUSTAINED,74.075216,253.361896,0.913932,0.960422,0.236796,46.685108
189,45,4,SUSTAINED,79.420925,272.580319,1.103620,1.036909,0.351269,54.355399
189,46,4,SUSTAINED,80.968025,246.774172,0.614053,0.904533,0.236970,56.629401
189,47,4,SUSTAINED,83.402632,313.220880,1.407008,0.903469,0.320627,49.267226
190,0,3,SURGE,58.229225,222.670730,0.886692,0.724129,0.273340,50.461876
190,1,4,SUSTAINED,80.121477,313.165907,1.015634,0.933031,0.324530,55.649119
190,2,4,SUSTAINED,72.141613,299.065519,1.080626,0.932781,0.278344,54.836319
190,3,4,SUSTAINED,80.096718,289.049053,0.920372,0.852570,0.337899,59.477859
190,4,4,SUSTAINED,85.453344,269.256381,1.107861,0.923486,0.288896,58.877080
190,5,4,SUSTAINED,77.282884,322.296816,1.218512,0.920411,0.309626,60.955972
190,6,4,SUSTAINED,69.402972,261.763679,1.499725,0.935624,0.212000,50.620590
190,7,4,SUSTAINED,77.499445,322.947853,0.921250,0.996777,0.311405,47.280756
190,8,4,SUSTAINED,83.957337,301.186866,1.313692,0.920629,0.322191,52.609228
190,9,3,SURGE,46.805480,307.918037,1.119541,1.027122,0.291372,32.723479
190,10,4,SUSTAINED,76.033522,308.245487,1.244360,0.932535,0.282703,57.045234
190,11,4,SUSTAINED,73.071240,328.649285,1.328516,0.884667,0.259869,42.180935
190,12,4,SUSTAINED,85.508608,267.337287,1.394895,1.049275,0.238426,51.309395
190,13,4,SUSTAINED,87.588351,297.118271,1.080569,0.961371,0.277723,52.590206
190,14,4,SUSTAINED,75.119377,285.930435,1.153044,0.954567,0.324066,58.499367
190,15,4,SUSTAINED,91.263610,301.773507,1.100502,0.904823,0.379567,69.159179
190,16,4,SUSTAINED,80.971326,310.323158,1.647311,0.937962,0.321652,56.363315
190,17,4,SUSTAINED,91.490622,295.860851,1.657515,0.949808,0.278169,53.287981
190,18,3,SURGE,52.149499,179.295249,0.922647,0.817752,0.261727,48.337106
190,19,4,SUSTAINED,83.438719,254.121775,0.941699,0.940128,0.338513,51.658874
190,20,4,SUSTAINED,91.586305,277.952010,0.861639,0.961367,0.297997,51.999242
190,21,4,SUSTAINED,72.592476,284.652576,1.189161,0.848207,0.338203,46.762575
191,0,1,RECON,6.138623,18.436616,2.833447,0.239432,0.045677,1.885186
191,1,0,NORMAL,3.994293,9.844561,3.232804,0.160721,0.014104,0.000000
191,2,1,RECON,0.256155,16.080852,4.057373,0.140733,0.032918,0.858915
191,3,0,NORMAL,1.146514,11.029819,3.584842,0.180239,0.015452,1.143310
191,4,0,NORMAL,1.471535,15.226208,2.585747,0.072366,0.003350,0.000000
191,5,0,NORMAL,2.616757,4.012843,3.372612,0.144596,0.024633,0.624176
191,6,0,NORMAL,3.609430,4.244794,3.741601,0.086389,0.018533,0.046557
191,7,0,NORMAL,1.577255,12.290762,2.922348,0.000000,0.019939,0.122970
191,8,0,NORMAL,2.660756,7.700553,3.284378,0.092172,0.028474,0.153600
191,9,0,NORMAL,0.995559,9.806212,2.728455,0.127126,0.018981,0.528966
191,10,0,NORMAL,1.178906,7.924846,3.651650,0.085049,0.027168,0.598946
191,11,0,NORMAL,3.260732,9.685688,3.078716,0.057370,0.017805,0.634243
191,12,0,NORMAL,1.199491,6.267566,2.781173,0.048912,0.021373,0.353326
191,13,0,NORMAL,0.621360,7.359450,2.747968,0.172951,0.037433,0.358050
191,14,0,NORMAL,2.854602,9.777091,4.437373,0.207054,0.000000,0.847598
191,15,0,NORMAL,2.549088,10.333545,3.867957,0.150018,0.014397,0.214136
191,16,0,NORMAL,1.128272,13.584196,3.117812,0.080958,0.018096,0.037682
191,17,0,NORMAL,2.912034,2.839884,4.759831,0.095294,0.009707,0.626065
191,18,0,NORMAL,1.666432,7.383976,2.866898,0.068411,0.035260,0.554975
191,19,0,NORMAL,1.213174,4.029802,3.379470,0.000000,0.009032,0.124250
191,20,1,RECON,6.298435,17.347469,3.704264,0.367102,0.017115,0.925137
191,21,1,RECON,9.562814,21.421133,4.577257,0.241814,0.038823,2.181815
191,22,2,ESCALATION,17.132715,64.369370,2.250263,0.592539,0.073146,8.420455
191,23,2,ESCALATION,12.343835,34.743833,3.017558,0.479784,0.105445,9.971431
191,24,3,SURGE,66.632653,221.277618,1.299849,0.865316,0.272725,37.094011
191,25,3,SURGE,51.843828,277.173984,1.577471,0.912801,0.225870,55.304166
191,26,3,SURGE,52.969832,234.143668,1.595863,0.842323,0.222596,37.672873
191,27,4,SUSTAINED,92.429048,318.154855,1.507001,0.928286,0.320629,45.671266
191,28,4,SUSTAINED,80.943683,354.642504,1.667276,0.937078,0.267314,50.261849
191,29,4,SUSTAINED,90.413928,312.447224,1.355403,0.990560,0.260234,50.745645
191,30,4,SUSTAINED,73.768624,254.207760,0.875225,1.002718,0.285037,56.355104
191,31,4,SUSTAINED,83.035227,291.912237,1.333859,0.926106,0.320171,51.837924
191,32,4,SUSTAINED,77.826560,300.787128,1.283719,0.925255,0.295215,56.118919
191,33,4,SUSTAINED,79.391317,273.388416,1.225936,0.983517,0.246675,47.071210
192,0,3,SURGE,65.740901,192.698722,0.559560,0.788683,0.234971,25.819701
192,1,3,SURGE,61.868331,227.127580,1.088392,0.941137,0.216968,38.460250
192,2,4,SUSTAINED,79.439478,324.252590,1.241723,0.926844,0.333715,61.321918
192,3,4,SUSTAINED,90.688859,292.936752,1.161619,0.950219,0.294808,53.136737
192,4,2,ESCALATION,10.029392,51.661416,3.519004,0.622130,0.115523,11.747507
192,5,2,ESCALATION,10.055935,44.758307,2.763604,0.423137,0.124403,10.806619
192,6,1,RECON,4.709080,3.484388,4.126741,0.289725,0.085524,3.181006
192,7,3,SURGE,50.402612,159.299689,1.061578,1.052662,0.204478,36.915439
192,8,4,SUSTAINED,69.934620,309.978489,1.246003,0.838772,0.247923,56.531129
192,9,4,SUSTAINED,76.792546,318.170342,0.767090,0.920250,0.320721,51.104230
192,10,4,SUSTAINED,70.830163,275.284516,0.665341,0.847144,0.280962,57.700144
192,11,4,SUSTAINED,89.282279,288.216017,0.563958,0.967210,0.256859,55.755284
192,12,4,SUSTAINED,77.799608,321.080756,1.374144,0.937463,0.297947,52.016882
192,13,4,SUSTAINED,85.014191,277.503357,1.004431,0.871023,0.325868,53.080830
192,14,4,SUSTAINED,86.578794,296.968681,0.960961,0.991906,0.284162,45.256767
192,15,3,SURGE,51.054774,318.628023,1.299931,0.693004,0.334996,39.113856
192,16,4,SUSTAINED,82.618980,257.548794,0.533676,1.044969,0.235291,64.501953
192,17,4,SUSTAINED,80.966975,284.325618,1.876383,0.912650,0.271238,58.713066
192,18,4,SUSTAINED,71.475884,296.660192,1.390346,1.041324,0.381218,43.937985
192,19,4,SUSTAINED,71.706354,270.394682,1.022393,0.917215,0.255115,40.733788
192,20,4,SUSTAINED,86.774879,297.965690,0.894352,1.009198,0.295414,51.242392
192,21,4,SUSTAINED,83.897524,288.438111,1.263054,0.955884,0.323391,55.999764
192,22,4,SUSTAINED,84.032956,327.012390,1.648795,0.891455,0.342474,45.170995
192,23,4,SUSTAINED,74.874729,323.745303,1.632791,0.958966,0.298106,54.409607
192,24,4,SUSTAINED,88.995289,296.766626,0.547425,0.994208,0.333266,55.258716
192,25,4,SUSTAINED,70.718297,276.439395,1.259644,0.857823,0.316977,55.435373
192,26,4,SUSTAINED,85.609974,278.308271,0.692732,0.908939,0.355249,56.766178
192,27,3,SURGE,53.708155,219.390530,0.891935,0.993520,0.192229,24.204688
192,28,4,SUSTAINED,81.079092,303.216244,0.639013,0.981128,0.335441,53.804230
192,29,3,SURGE,71.705089,221.028904,0.633511,0.784839,0.334345,40.659075
192,30,3,SURGE,51.683439,174.501028,1.977060,1.049847,0.289860,44.412574
192,31,3,SURGE,59.296266,151.853597,0.932081,1.031477,0.248354,43.816557
192,32,4,SUSTAINED,82.091927,310.348403,1.409221,0.911622,0.347296,50.573601
192,33,4,SUSTAINED,70.536070,295.001074,1.002051,0.951211,0.329416,55.456317
192,34,4,SUSTAINED,86.367356,293.146400,1.174168,0.968888,0.328173,47.595688
192,35,1,RECON,2.583817,20.699249,5.080078,0.329973,0.003485,0.574116
192,36,1,RECON,0.092477,21.049385,4.987861,0.413518,0.045170,2.350804
193,0,2,ESCALATION,18.725094,70.857151,3.213640,0.424580,0.129598,11.892894
193,1,2,ESCALATION,20.134357,26.122103,3.038929,0.596847,0.141546,9.546872
193,2,2,ESCALATION,5.860777,58.375248,3.087398,0.635408,0.161685,5.335156
193,3,4,SUSTAINED,86.519168,294.385046,0.927362,0.959816,0.311427,57.047124
193,4,4,SUSTAINED,84.874710,287.833807,1.564973,1.035510,0.267496,55.359340
193,5,4,SUSTAINED,82.207036,259.424264,1.459439,0.919711,0.308019,49.035737
193,6,1,RECON,4.157916,22.502137,4.028095,0.251877,0.058245,1.140501
193,7,2,ESCALATION,15.928095,41.506094,2.560396,0.502636,0.139833,5.316448
193,8,2,ESCALATION,14.752448,73.137077,3.399486,0.738526,0.101241,12.298264
193,9,2,ESCALATION,18.483809,61.654983,2.443256,0.774246,0.090194,9.679103
194,0,0,NORMAL,2.203375,7.659846,3.480383,0.174634,0.011729,0.119373
194,1,0,NORMAL,2.744247,10.525031,3.803004,0.145591,0.022560,0.344596
194,2,1,RECON,2.475764,16.864144,4.830675,0.323691,0.050459,1.155700
194,3,1,RECON,7.491681,13.872706,4.296490,0.400302,0.050847,1.354449
194,4,1,RECON,2.320889,26.710240,4.425788,0.274659,0.021672,1.078417
194,5,1,RECON,8.785495,19.164878,4.477648,0.338611,0.097281,1.646888
194,6,2,ESCALATION,13.007105,39.445806,2.752234,0.487318,0.122481,1.028049
194,7,1,RECON,3.802506,14.380236,3.163378,0.263520,0.039668,1.658695
194,8,1,RECON,5.196300,14.041856,2.891972,0.245184,0.034518,2.032910
194,9,1,RECON,2.100919,13.558232,2.818679,0.413713,0.075957,3.135132
194,10,0,NORMAL,3.297110,9.220994,3.088922,0.068574,0.018280,0.530736
194,11,1,RECON,4.996427,16.257397,5.281673,0.288622,0.046579,1.826183
194,12,2,ESCALATION,8.187883,34.953538,4.267592,0.252437,0.110871,9.027574
194,13,3,SURGE,63.667807,275.634666,1.595858,1.034785,0.301999,52.335922
194,14,2,ESCALATION,16.989469,44.462352,2.895852,0.532248,0.016904,7.570570
194,15,0,NORMAL,0.649811,5.040975,4.077824,0.167156,0.013792,0.552195
194,16,0,NORMAL,3.176976,6.399961,3.310677,0.167038,0.009967,0.350612
194,17,0,NORMAL,3.523770,4.419613,3.144706,0.129628,0.027469,0.563467
194,18,0,NORMAL,2.129652,3.478195,3.550711,0.174106,0.006799,0.264785
195,0,2,ESCALATION,24.206825,36.021387,2.120973,0.615661,0.074126,10.363024
195,1,2,ESCALATION,17.295099,26.481845,3.073394,0.532669,0.089785,4.301785
195,2,3,SURGE,67.240460,178.753852,1.295404,0.979389,0.335511,47.516953
195,3,2,ESCALATION,13.783871,49.587486,2.004705,0.476842,0.144795,8.118905
195,4,2,ESCALATION,11.410008,49.523507,2.059218,0.363717,0.161313,4.891699
195,5,1,RECON,5.582676,15.791179,4.270907,0.386288,0.019058,2.603397
195,6,2,ESCALATION,13.569618,78.831378,1.958426,0.588605,0.145121,5.949408
195,7,2,ESCALATION,13.156661,39.658161,2.839883,0.633891,0.085471,10.785663
195,8,3,SURGE,64.310594,221.019342,1.262418,0.637703,0.279285,46.371809
195,9,4,SUSTAINED,87.278153,283.552106,1.355555,1.023607,0.326627,63.056535
195,10,4,SUSTAINED,70.228925,321.575432,1.010414,0.894626,0.288574,65.524954
195,11,3,SURGE,42.417836,142.215676,1.691352,0.824117,0.147841,28.759099
195,12,3,SURGE,67.794856,182.171376,1.759592,0.991493,0.210814,39.030246
195,13,2,ESCALATION,17.694400,40.816491,2.072094,0.507888,0.144414,9.531718
196,0,1,RECON,3.805024,13.651352,2.930714,0.418955,0.043388,0.636184
196,1,1,RECON,5.188534,22.838847,3.990767,0.220673,0.058915,2.422908
196,2,1,RECON,7.627056,22.727346,4.651811,0.189003,0.024983,2.959214
196,3,2,ESCALATION,14.545103,52.199665,2.506172,0.494702,0.116812,6.238338
196,4,1,RECON,6.164951,17.100207,3.538855,0.290934,0.092213,1.394057
196,5,1,RECON,1.489637,13.696069,3.765896,0.394909,0.051107,3.048057
196,6,2,ESCALATION,14.730701,45.069780,4.015841,0.331964,0.079672,5.066113
196,7,2,ESCALATION,9.294951,77.332197,2.848408,0.561857,0.118524,7.939822
196,8,2,ESCALATION,15.423656,57.788647,2.306579,0.351188,0.132839,7.994247
196,9,3,SURGE,55.248099,261.198972,1.435849,0.846901,0.175260,35.457352
196,10,3,SURGE,64.292046,201.971710,1.354615,0.823778,0.326322,34.357468
196,11,3,SURGE,57.570320,195.875244,1.692819,0.993044,0.292779,59.439155
196,12,3,SURGE,62.308513,179.179727,2.303904,0.917560,0.148516,43.473710
196,13,3,SURGE,67.577458,171.058766,1.631131,0.872951,0.216432,42.741791
196,14,3,SURGE,70.500532,201.079558,1.741561,0.779257,0.319726,33.782395
196,15,3,SURGE,62.631188,205.452949,1.804138,0.686002,0.221324,45.969037
196,16,3,SURGE,59.756418,102.494832,1.373112,0.893985,0.305473,40.386744
196,17,3,SURGE,69.634965,222.732673,1.220363,0.971987,0.222669,37.614336
196,18,2,ESCALATION,13.450294,63.601404,1.728529,0.665619,0.107053,6.829744
196,19,3,SURGE,50.910240,134.731060,1.147689,0.710451,0.182368,27.017987
196,20,3,SURGE,47.157889,198.350146,1.946695,0.985009,0.235243,37.675390
196,21,0,NORMAL,4.112228,9.239142,3.834110,0.213320,0.022778,0.844358
196,22,0,NORMAL,2.463158,5.109983,2.935424,0.074384,0.028819,0.750340
196,23,0,NORMAL,1.988896,9.613226,3.770998,0.094625,0.016785,0.054501
196,24,0,NORMAL,1.895999,11.403162,4.116496,0.107286,0.040634,0.556996
196,25,0,NORMAL,1.899926,4.579548,3.287390,0.173703,0.017358,0.360051
196,26,0,NORMAL,1.610503,11.581277,4.442727,0.100297,0.025405,0.791563
196,27,0,NORMAL,1.122088,6.771672,3.706011,0.119691,0.002078,0.369014
197,0,2,ESCALATION,11.508795,43.082801,2.502345,0.618700,0.138754,9.480721
197,1,2,ESCALATION,21.177076,22.845370,3.155147,0.444530,0.049730,7.040797
197,2,2,ESCALATION,22.276236,29.823502,3.171049,0.794844,0.173230,0.000000
197,3,2,ESCALATION,19.805206,15.389259,2.340603,0.688665,0.114411,6.278133
197,4,3,SURGE,65.459189,176.829242,1.449153,0.989692,0.214959,29.144094
197,5,4,SUSTAINED,72.888701,281.853985,0.681762,0.961781,0.334704,50.129634
197,6,3,SURGE,58.126135,163.547788,1.893513,0.811134,0.223705,33.893856
197,7,3,SURGE,57.689211,279.724371,1.641506,1.015843,0.233786,32.459036
197,8,3,SURGE,53.209564,120.058829,1.905408,0.903274,0.214985,43.010173
197,9,3,SURGE,74.097907,217.312670,1.437232,0.969343,0.248202,41.470662
197,10,4,SUSTAINED,70.651423,274.101792,1.074193,0.936349,0.346262,46.511804
197,11,4,SUSTAINED,75.593775,351.014473,1.465154,0.961935,0.338754,47.083360
197,12,4,SUSTAINED,73.265169,337.708498,1.365495,0.963216,0.348609,60.979492
197,13,4,SUSTAINED,76.627211,303.690869,1.169158,0.967700,0.340824,57.811411
197,14,3,SURGE,53.460331,212.986269,0.821627,0.820249,0.280312,47.081497
197,15,3,SURGE,62.009905,214.810446,1.772574,0.879859,0.200852,43.097395
197,16,4,SUSTAINED,72.620377,296.192600,1.084126,1.070660,0.261571,54.037252
197,17,3,SURGE,47.456533,147.653640,1.727353,0.970865,0.222025,51.271971
197,18,4,SUSTAINED,69.932222,275.258382,1.197314,0.927455,0.291958,57.910335
197,19,4,SUSTAINED,86.419446,301.684603,1.175958,1.005071,0.375369,58.829758
197,20,1,RECON,5.518456,20.901561,3.755883,0.386575,0.055281,2.931726
197,21,2,ESCALATION,6.292612,44.108692,2.814242,0.229865,0.075662,11.850667
197,22,2,ESCALATION,15.691138,34.163233,3.550169,0.437398,0.103800,9.222206
197,23,2,ESCALATION,22.458891,58.626707,3.003005,0.487036,0.117276,7.370011
197,24,2,ESCALATION,13.291428,42.508499,2.250364,0.459321,0.086528,13.488128
197,25,2,ESCALATION,14.329871,43.650327,3.169033,0.791342,0.131862,2.839839
197,26,2,ESCALATION,20.201599,82.988584,2.650992,0.520785,0.118010,5.708067
197,27,3,SURGE,63.993577,138.278842,0.973191,0.981568,0.274892,49.997932
197,28,3,SURGE,60.104225,251.562769,1.330852,0.866666,0.246774,43.603724
197,29,3,SURGE,45.149523,189.336319,1.487377,0.911482,0.227530,44.044928
197,30,3,SURGE,64.157596,271.714393,1.257277,0.905761,0.237649,38.158637
197,31,4,SUSTAINED,95.932469,311.573558,0.998761,0.910768,0.302460,41.993961
197,32,4,SUSTAINED,75.889195,311.663805,1.330679,0.998265,0.319705,59.459051
197,33,4,SUSTAINED,77.358028,364.541618,1.305862,0.948601,0.266356,53.757706
197,34,4,SUSTAINED,80.762216,354.823433,1.083004,0.983965,0.254978,68.099250
197,35,4,SUSTAINED,96.594275,295.924819,0.529634,1.017602,0.303293,52.279356
197,36,3,SURGE,66.644082,216.583336,1.954015,0.925255,0.282486,35.825885
197,37,4,SUSTAINED,75.860784,266.263771,1.138121,0.936211,0.337110,46.280796
197,38,3,SURGE,53.770253,101.404193,1.017044,0.869246,0.272211,38.933604
197,39,4,SUSTAINED,73.771723,264.214198,1.277627,0.945470,0.324551,44.378810
197,40,4,SUSTAINED,96.230385,319.231031,1.111168,0.900632,0.344310,64.196027
197,41,4,SUSTAINED,71.567450,308.364028,1.311685,0.974139,0.373735,49.171073
198,0,0,NORMAL,1.352185,6.175027,3.270389,0.185173,0.010215,0.402707
198,1,0,NORMAL,0.911188,8.774054,2.550234,0.109630,0.020524,0.549083
198,2,1,RECON,5.455449,17.804758,5.239296,0.363784,0.021020,1.333932
198,3,1,RECON,5.360772,17.154414,4.061396,0.581773,0.039742,3.112693
198,4,1,RECON,0.642952,18.956627,5.095385,0.363345,0.055123,2.018981
198,5,1,RECON,6.792471,15.828983,3.687730,0.341063,0.043999,3.024692
198,6,1,RECON,3.444060,12.276364,3.741127,0.533796,0.045249,2.606623
198,7,2,ESCALATION,9.584594,47.173525,3.820659,0.306390,0.074811,10.705083
198,8,2,ESCALATION,17.187017,60.138026,2.261847,0.301562,0.054167,5.379925
198,9,1,RECON,2.560724,19.252006,3.947851,0.243748,0.067701,1.232776
198,10,3,SURGE,68.308431,160.395932,1.980894,0.789176,0.314654,42.663470
198,11,3,SURGE,47.046217,183.801014,1.847118,0.882931,0.240219,40.321355
198,12,3,SURGE,68.242253,253.586328,1.815744,0.857651,0.205748,31.344504
198,13,3,SURGE,82.645629,196.847082,1.861874,0.984964,0.257131,32.546759
198,14,3,SURGE,49.174763,224.092199,1.085250,0.856384,0.228108,51.191613
198,15,3,SURGE,83.307859,167.763792,1.450655,0.941331,0.266381,46.749040
198,16,3,SURGE,80.369951,229.263827,1.453055,0.844699,0.221057,50.345950
198,17,3,SURGE,70.041010,73.423159,0.601140,0.899244,0.241665,40.159269
198,18,2,ESCALATION,21.009450,52.623700,1.885672,0.315619,0.102697,9.250468
199,0,0,NORMAL,0.247624,0.010519,3.062436,0.168653,0.035223,0.021518
199,1,0,NORMAL,2.760935,6.677930,4.183187,0.137233,0.029164,0.253436
199,2,1,RECON,9.032767,18.711242,4.163998,0.256431,0.017961,1.120843
199,3,1,RECON,1.711399,10.282589,2.241452,0.221749,0.063505,1.746785
199,4,1,RECON,6.533556,26.444826,6.018664,0.314451,0.044364,1.669537
199,5,1,RECON,4.687388,17.236354,4.130824,0.205786,0.003356,1.464611
199,6,1,RECON,7.820952,22.698913,3.805017,0.220949,0.082492,1.133496
199,7,1,RECON,8.378987,18.619732,3.965218,0.415984,0.051440,2.156937
199,8,2,ESCALATION,2.275374,55.382600,2.340208,0.468917,0.104518,5.973588
199,9,2,ESCALATION,16.926824,53.051834,2.866849,0.482360,0.096083,8.238178
199,10,3,SURGE,72.701167,196.355475,1.338650,0.939584,0.244266,49.940993
